,treatment,environment,position,number,Languages,Consonantal +/−,Grapheme,IPA,IPA key,Lateral +/−,Manner of articulation,Place of articulation,Place value,Sibilant +/−,Sonority value,Voice +/−,version,voice,place,sonority
0,B-,"#_{a,O}",1,1.0,BR POR,+,b,b,2,−,P,B,3,−,4,+,a,0.0,3.0,4.0
1,B-,"#_{a,O}",1,1.0,AMR ESP,+,b,b,2,−,P,B,3,−,4,+,a,0.0,3.0,4.0
2,B-,"#_{a,O}",1,1.0,LAT,+,B,b,2,−,P,B,3,−,4,+,a,0.0,3.0,4.0
3,B-,"#_{a,O}",1,1.0,CAT,+,b,b,2,−,P,B,3,−,4,+,a,0.0,3.0,4.0
4,B-,"#_{a,O}",1,1.0,VAL,+,b,b,2,−,P,B,3,−,4,+,a,0.0,3.0,4.0
5,B-,"#_{a,O}",1,1.0,BAL,+,b,b,2,−,P,B,3,−,4,+,a,0.0,3.0,4.0
6,B-,"#_{a,O}",1,1.0,OCC,+,b,b,2,−,P,B,3,−,4,+,a,0.0,3.0,4.0
7,B-,"#_{a,O}",1,1.0,GAS OCC,+,b,b,2,−,P,B,3,−,4,+,a,0.0,3.0,4.0
8,B-,"#_{a,O}",1,1.0,EU FRA,+,b,b,2,−,P,B,3,−,4,+,a,0.0,3.0,4.0
9,B-,"#_{a,O}",1,1.0,QBC FRA,+,b,b,2,−,P,B,3,−,4,+,a,0.0,3.0,4.0
10,B-,"#_{a,O}",1,1.0,WAL,+,b,b,2,−,P,B,3,−,4,+,a,0.0,3.0,4.0
11,B-,"#_{a,O}",1,1.0,ARP,+,b,b,2,−,P,B,3,−,4,+,a,0.0,3.0,4.0
12,B-,"#_{a,O}",1,1.0,LIG,+,b,b,2,−,P,B,3,−,4,+,a,0.0,3.0,4.0
13,B-,"#_{a,O}",1,1.0,EU POR,+,b,b,2,−,P,B,3,−,4,+,a,0.0,3.0,4.0
14,B-,"#_{a,O}",1,1.0,LMO,+,b,b,2,−,P,B,3,−,4,+,a,0.0,3.0,4.0
15,B-,"#_{a,O}",1,1.0,RMH,+,b,b,2,−,P,B,3,−,4,+,a,0.0,3.0,4.0
16,B-,"#_{a,O}",1,1.0,FUR,+,b,b,2,−,P,B,3,−,4,+,a,0.0,3.0,4.0
17,B-,"#_{a,O}",1,1.0,LOG SRD,+,b (b),b (v),273,−,P (F),B,,−,,+,a,0.0,2.833333333,3.333333333
18,B-,"#_{a,O}",1,1.0,CPN SRD,+,b,b,2,−,P,B,3,−,4,+,a,0.0,3.0,4.0
19,B-,"#_{a,O}",1,1.0,COR,+,b,b,2,−,P,B,3,−,4,+,a,0.0,3.0,4.0
20,B-,"#_{a,O}",1,1.0,ITA,+,b,b,2,−,P,B,3,−,4,+,a,0.0,3.0,4.0
22,B-,"#_{a,O}",1,1.0,CAM,+,v,v,43,−,F,B,2.5,−,2,+,a,0.0,2.5,2.0
24,B-,"#_{a,O}",1,1.0,SCN,+,v,v,43,−,F,B,2.5,−,2,+,a,0.0,2.5,2.0
25,B-,"#_{a,O}",1,1.0,VEN,+,b,b,2,−,P,B,3,−,4,+,a,0.0,3.0,4.0
26,B-,"#_{a,O}",1,1.0,ARO,+,b,b,2,−,P,B,3,−,4,+,a,0.0,3.0,4.0
27,B-,"#_{a,O}",1,1.0,ROM,+,b,b,2,−,P,B,3,−,4,+,a,0.0,3.0,4.0
28,B-,"#_{a,O}",1,1.0,GAL,+,b,b,2,−,P,B,3,−,4,+,a,0.0,3.0,4.0
29,B-,"#_{a,O}",1,1.0,ASL,+,b,b,2,−,P,B,3,−,4,+,a,0.0,3.0,4.0
30,B-,"#_{a,O}",1,1.0,CAS ESP,+,b,b,2,−,P,B,3,−,4,+,a,0.0,3.0,4.0
31,B-,"#_{a,O}",1,1.0,AND ESP,+,b,b,2,−,P,B,3,−,4,+,a,0.0,3.0,4.0
32,B-,"#_{a,O}",1,1.0,ARG,+,b,b,2,−,P,B,3,−,4,+,a,0.0,3.0,4.0
0,B-,#_E,1,2.0,BR POR,+,b,b,2,−,P,B,3,−,4,+,a,0.0,3.0,4.0
1,B-,#_E,1,2.0,AMR ESP,+,b,b,2,−,P,B,3,−,4,+,a,0.0,3.0,4.0
2,B-,#_E,1,2.0,LAT,+,B,b,2,−,P,B,3,−,4,+,a,0.0,3.0,4.0
3,B-,#_E,1,2.0,CAT,+,b,b,2,−,P,B,3,−,4,+,a,0.0,3.0,4.0
4,B-,#_E,1,2.0,VAL,+,b,b,2,−,P,B,3,−,4,+,a,0.0,3.0,4.0
5,B-,#_E,1,2.0,BAL,+,b,b,2,−,P,B,3,−,4,+,a,0.0,3.0,4.0
6,B-,#_E,1,2.0,OCC,+,b,b,2,−,P,B,3,−,4,+,a,0.0,3.0,4.0
7,B-,#_E,1,2.0,GAS OCC,+,b,b,2,−,P,B,3,−,4,+,a,0.0,3.0,4.0
8,B-,#_E,1,2.0,EU FRA,+,b,b,2,−,P,B,3,−,4,+,a,0.0,3.0,4.0
9,B-,#_E,1,2.0,QBC FRA,+,b,b,2,−,P,B,3,−,4,+,a,0.0,3.0,4.0
10,B-,#_E,1,2.0,WAL,+,b,b,2,−,P,B,3,−,4,+,a,0.0,3.0,4.0
11,B-,#_E,1,2.0,ARP,+,b,b,2,−,P,B,3,−,4,+,a,0.0,3.0,4.0
12,B-,#_E,1,2.0,LIG,+,b,b,2,−,P,B,3,−,4,+,a,0.0,3.0,4.0
13,B-,#_E,1,2.0,EU POR,+,b,b,2,−,P,B,3,−,4,+,a,0.0,3.0,4.0
14,B-,#_E,1,2.0,LMO,+,b,b,2,−,P,B,3,−,4,+,a,0.0,3.0,4.0
15,B-,#_E,1,2.0,RMH,+,b,b,2,−,P,B,3,−,4,+,a,0.0,3.0,4.0
16,B-,#_E,1,2.0,FUR,+,b,b,2,−,P,B,3,−,4,+,a,0.0,3.0,4.0
17,B-,#_E,1,2.0,LOG SRD,+,b (b),b (v),273,−,P (F),B,,−,,+,a,0.0,2.833333333,3.333333333
18,B-,#_E,1,2.0,CPN SRD,+,b,b,2,−,P,B,3,−,4,+,a,0.0,3.0,4.0
19,B-,#_E,1,2.0,COR,+,b,b,2,−,P,B,3,−,4,+,a,0.0,3.0,4.0
20,B-,#_E,1,2.0,ITA,+,b,b,2,−,P,B,3,−,4,+,a,0.0,3.0,4.0
22,B-,#_E,1,2.0,CAM,+,v,v,43,−,F,B,2.5,−,2,+,a,0.0,2.5,2.0
24,B-,#_E,1,2.0,SCN,+,v,v,43,−,F,B,2.5,−,2,+,a,0.0,2.5,2.0
25,B-,#_E,1,2.0,VEN,+,b,b,2,−,P,B,3,−,4,+,a,0.0,3.0,4.0
26,B-,#_E,1,2.0,ARO,+,b,b,2,−,P,B,3,−,4,+,a,0.0,3.0,4.0
27,B-,#_E,1,2.0,ROM,+,b,b,2,−,P,B,3,−,4,+,a,0.0,3.0,4.0
28,B-,#_E,1,2.0,GAL,+,b,b,2,−,P,B,3,−,4,+,a,0.0,3.0,4.0
29,B-,#_E,1,2.0,ASL,+,b,b,2,−,P,B,3,−,4,+,a,0.0,3.0,4.0
30,B-,#_E,1,2.0,CAS ESP,+,b,b,2,−,P,B,3,−,4,+,a,0.0,3.0,4.0
31,B-,#_E,1,2.0,AND ESP,+,b,b,2,−,P,B,3,−,4,+,a,0.0,3.0,4.0
32,B-,#_E,1,2.0,ARG,+,b,b,2,−,P,B,3,−,4,+,a,0.0,3.0,4.0
0,T-,#_E,1,3.0,BR POR,+,t,t̪,5,−,P,D,,−,4,−,a,255.0,1.666666667,4.0
1,T-,#_E,1,3.0,AMR ESP,+,t,t̪,5,−,P,D,,−,4,−,a,255.0,1.666666667,4.0
2,T-,#_E,1,3.0,LAT,+,T,t̪,5,−,P,D,,−,4,−,a,255.0,1.666666667,4.0
3,T-,#_E,1,3.0,CAT,+,t,t̪,5,−,P,D,,−,4,−,a,255.0,1.666666667,4.0
4,T-,#_E,1,3.0,VAL,+,t,t̪,5,−,P,D,,−,4,−,a,255.0,1.666666667,4.0
5,T-,#_E,1,3.0,BAL,+,t,t̪,5,−,P,D,,−,4,−,a,255.0,1.666666667,4.0
6,T-,#_E,1,3.0,OCC,+,t,t̪,5,−,P,D,,−,4,−,a,255.0,1.666666667,4.0
7,T-,#_E,1,3.0,GAS OCC,+,t,t̪,5,−,P,D,,−,4,−,a,255.0,1.666666667,4.0
8,T-,#_E,1,3.0,EU FRA,+,t,t̪,5,−,P,D,,−,4,−,a,255.0,1.666666667,4.0
9,T-,#_E,1,3.0,QBC FRA,+,t,t̪,5,−,P,D,,−,4,−,a,255.0,1.666666667,4.0
10,T-,#_E,1,3.0,WAL,+,t,t̪,5,−,P,D,,−,4,−,a,255.0,1.666666667,4.0
11,T-,#_E,1,3.0,ARP,+,t,t̪,5,−,P,D,,−,4,−,a,255.0,1.666666667,4.0
12,T-,#_E,1,3.0,LIG,+,t,t̪,5,−,P,D,,−,4,−,a,255.0,1.666666667,4.0
13,T-,#_E,1,3.0,EU POR,+,t,t̪,5,−,P,D,,−,4,−,a,255.0,1.666666667,4.0
14,T-,#_E,1,3.0,LMO,+,t,t̪,5,−,P,D,,−,4,−,a,255.0,1.666666667,4.0
15,T-,#_E,1,3.0,RMH,+,t,t̪,5,−,P,D,,−,4,−,a,255.0,1.666666667,4.0
16,T-,#_E,1,3.0,FUR,+,t,t̪,5,−,P,D,,−,4,−,a,255.0,1.666666667,4.0
17,T-,#_E,1,3.0,LOG SRD,+,t,t̪,5,−,P,D,,−,4,−,a,255.0,1.666666667,4.0
18,T-,#_E,1,3.0,CPN SRD,+,t,t̪,5,−,P,D,,−,4,−,a,255.0,1.666666667,4.0
19,T-,#_E,1,3.0,COR,+,t,t̪,5,−,P,D,,−,4,−,a,255.0,1.666666667,4.0
20,T-,#_E,1,3.0,ITA,+,t,t̪,5,−,P,D,,−,4,−,a,255.0,1.666666667,4.0
21,T-,#_E,1,3.0,ABR,+,t,t̪,5,−,P,D,,−,4,−,a,255.0,1.666666667,4.0
22,T-,#_E,1,3.0,CAM,+,t,t̪,5,−,P,D,,−,4,−,a,255.0,1.666666667,4.0
23,T-,#_E,1,3.0,PGL,+,t,t̪,5,−,P,D,,−,4,−,a,255.0,1.666666667,4.0
24,T-,#_E,1,3.0,SCN,+,t,t̪,5,−,P,D,,−,4,−,a,255.0,1.666666667,4.0
25,T-,#_E,1,3.0,VEN,+,t,t̪,5,−,P,D,,−,4,−,a,255.0,1.666666667,4.0
26,T-,#_E,1,3.0,ARO,+,t,t̪,5,−,P,D,,−,4,−,a,255.0,1.666666667,4.0
27,T-,#_E,1,3.0,ROM,+,t,t̪,5,−,P,D,,−,4,−,a,255.0,1.666666667,4.0
29,T-,#_E,1,3.0,ARO,+,ts,t͡s̪,26,−,P͡F,D,,+,3,−,b,255.0,1.333333333,3.0
30,T-,#_E,1,3.0,ROM,+,ț,t͡s̪,26,−,P͡F,D,,+,3,−,b,255.0,1.333333333,3.0
32,T-,#_E,1,3.0,BR POR,+,t,t̠͡ʃ,34,−,P͡F,Ɉ,-0.5,+,3,−,b,255.0,-0.5,3.0
33,T-,#_E,1,3.0,QBC FRA,+,t,t͡s̪,26,−,P͡F,D,,+,3,−,b,255.0,1.333333333,3.0
34,T-,#_E,1,3.0,GAL,+,t,t̪,5,−,P,D,,−,4,−,a,255.0,1.666666667,4.0
35,T-,#_E,1,3.0,ASL,+,t,t̪,5,−,P,D,,−,4,−,a,255.0,1.666666667,4.0
36,T-,#_E,1,3.0,CAS ESP,+,t,t̪,5,−,P,D,,−,4,−,a,255.0,1.666666667,4.0
37,T-,#_E,1,3.0,AND ESP,+,t,t̪,5,−,P,D,,−,4,−,a,255.0,1.666666667,4.0
38,T-,#_E,1,3.0,ARG,+,t,t̪,5,−,P,D,,−,4,−,a,255.0,1.666666667,4.0
0,T-,"#_{a,O}",1,4.0,BR POR,+,t,t̪,5,−,P,D,,−,4,−,a,255.0,1.666666667,4.0
1,T-,"#_{a,O}",1,4.0,AMR ESP,+,t,t̪,5,−,P,D,,−,4,−,a,255.0,1.666666667,4.0
2,T-,"#_{a,O}",1,4.0,LAT,+,T,t̪,5,−,P,D,,−,4,−,a,255.0,1.666666667,4.0
3,T-,"#_{a,O}",1,4.0,CAT,+,t,t̪,5,−,P,D,,−,4,−,a,255.0,1.666666667,4.0
4,T-,"#_{a,O}",1,4.0,VAL,+,t,t̪,5,−,P,D,,−,4,−,a,255.0,1.666666667,4.0
5,T-,"#_{a,O}",1,4.0,BAL,+,t,t̪,5,−,P,D,,−,4,−,a,255.0,1.666666667,4.0
6,T-,"#_{a,O}",1,4.0,OCC,+,t,t̪,5,−,P,D,,−,4,−,a,255.0,1.666666667,4.0
7,T-,"#_{a,O}",1,4.0,GAS OCC,+,t,t̪,5,−,P,D,,−,4,−,a,255.0,1.666666667,4.0
8,T-,"#_{a,O}",1,4.0,EU FRA,+,t,t̪,5,−,P,D,,−,4,−,a,255.0,1.666666667,4.0
9,T-,"#_{a,O}",1,4.0,QBC FRA,+,t,t̪,5,−,P,D,,−,4,−,a,255.0,1.666666667,4.0
10,T-,"#_{a,O}",1,4.0,WAL,+,t,t̪,5,−,P,D,,−,4,−,a,255.0,1.666666667,4.0
11,T-,"#_{a,O}",1,4.0,ARP,+,t,t̪,5,−,P,D,,−,4,−,a,255.0,1.666666667,4.0
12,T-,"#_{a,O}",1,4.0,LIG,+,t,t̪,5,−,P,D,,−,4,−,a,255.0,1.666666667,4.0
13,T-,"#_{a,O}",1,4.0,EU POR,+,t,t̪,5,−,P,D,,−,4,−,a,255.0,1.666666667,4.0
14,T-,"#_{a,O}",1,4.0,LMO,+,t,t̪,5,−,P,D,,−,4,−,a,255.0,1.666666667,4.0
15,T-,"#_{a,O}",1,4.0,RMH,+,t,t̪,5,−,P,D,,−,4,−,a,255.0,1.666666667,4.0
16,T-,"#_{a,O}",1,4.0,FUR,+,t,t̪,5,−,P,D,,−,4,−,a,255.0,1.666666667,4.0
17,T-,"#_{a,O}",1,4.0,LOG SRD,+,t,t̪,5,−,P,D,,−,4,−,a,255.0,1.666666667,4.0
18,T-,"#_{a,O}",1,4.0,CPN SRD,+,t,t̪,5,−,P,D,,−,4,−,a,255.0,1.666666667,4.0
19,T-,"#_{a,O}",1,4.0,COR,+,t,t̪,5,−,P,D,,−,4,−,a,255.0,1.666666667,4.0
20,T-,"#_{a,O}",1,4.0,ITA,+,t,t̪,5,−,P,D,,−,4,−,a,255.0,1.666666667,4.0
21,T-,"#_{a,O}",1,4.0,ABR,+,t,t̪,5,−,P,D,,−,4,−,a,255.0,1.666666667,4.0
22,T-,"#_{a,O}",1,4.0,CAM,+,t,t̪,5,−,P,D,,−,4,−,a,255.0,1.666666667,4.0
23,T-,"#_{a,O}",1,4.0,PGL,+,t,t̪,5,−,P,D,,−,4,−,a,255.0,1.666666667,4.0
24,T-,"#_{a,O}",1,4.0,SCN,+,t,t̪,5,−,P,D,,−,4,−,a,255.0,1.666666667,4.0
25,T-,"#_{a,O}",1,4.0,VEN,+,t,t̪,5,−,P,D,,−,4,−,a,255.0,1.666666667,4.0
26,T-,"#_{a,O}",1,4.0,ARO,+,t,t̪,5,−,P,D,,−,4,−,a,255.0,1.666666667,4.0
27,T-,"#_{a,O}",1,4.0,ROM,+,t,t̪,5,−,P,D,,−,4,−,a,255.0,1.666666667,4.0
29,T-,"#_{a,O}",1,4.0,QBC FRA,+,t,t͡s̪,26,−,P͡F,D,,+,3,−,b,255.0,1.333333333,3.0
30,T-,"#_{a,O}",1,4.0,GAL,+,t,t̪,5,−,P,D,,−,4,−,a,255.0,1.666666667,4.0
31,T-,"#_{a,O}",1,4.0,ASL,+,t,t̪,5,−,P,D,,−,4,−,a,255.0,1.666666667,4.0
32,T-,"#_{a,O}",1,4.0,CAS ESP,+,t,t̪,5,−,P,D,,−,4,−,a,255.0,1.666666667,4.0
33,T-,"#_{a,O}",1,4.0,AND ESP,+,t,t̪,5,−,P,D,,−,4,−,a,255.0,1.666666667,4.0
34,T-,"#_{a,O}",1,4.0,ARG,+,t,t̪,5,−,P,D,,−,4,−,a,255.0,1.666666667,4.0
0,D-,#_E,1,5.0,BR POR,+,d,d̪,6,−,P,D,,−,4,+,a,0.0,1.666666667,4.0
1,D-,#_E,1,5.0,AMR ESP,+,d,d̪,6,−,P,D,,−,4,+,a,0.0,1.666666667,4.0
2,D-,#_E,1,5.0,LAT,+,D,d̪,6,−,P,D,,−,4,+,a,0.0,1.666666667,4.0
3,D-,#_E,1,5.0,CAT,+,d,d̪,6,−,P,D,,−,4,+,a,0.0,1.666666667,4.0
4,D-,#_E,1,5.0,VAL,+,d,d̪,6,−,P,D,,−,4,+,a,0.0,1.666666667,4.0
5,D-,#_E,1,5.0,BAL,+,d,d̪,6,−,P,D,,−,4,+,a,0.0,1.666666667,4.0
6,D-,#_E,1,5.0,OCC,+,d,d̪,6,−,P,D,,−,4,+,a,0.0,1.666666667,4.0
7,D-,#_E,1,5.0,GAS OCC,+,d,d̪,6,−,P,D,,−,4,+,a,0.0,1.666666667,4.0
8,D-,#_E,1,5.0,EU FRA,+,d,d̪,6,−,P,D,,−,4,+,a,0.0,1.666666667,4.0
9,D-,#_E,1,5.0,QBC FRA,+,d,d̪,6,−,P,D,,−,4,+,a,0.0,1.666666667,4.0
10,D-,#_E,1,5.0,WAL,+,d,d̪,6,−,P,D,,−,4,+,a,0.0,1.666666667,4.0
11,D-,#_E,1,5.0,ARP,+,d,d̪,6,−,P,D,,−,4,+,a,0.0,1.666666667,4.0
13,D-,#_E,1,5.0,EU POR,+,d,d̪,6,−,P,D,,−,4,+,a,0.0,1.666666667,4.0
14,D-,#_E,1,5.0,LMO,+,d,d̪,6,−,P,D,,−,4,+,a,0.0,1.666666667,4.0
15,D-,#_E,1,5.0,RMH,+,d,d̪,6,−,P,D,,−,4,+,a,0.0,1.666666667,4.0
16,D-,#_E,1,5.0,FUR,+,d,d̪,6,−,P,D,,−,4,+,a,0.0,1.666666667,4.0
17,D-,#_E,1,5.0,LOG SRD,+,d,d̪,6,−,P,D,,−,4,+,a,0.0,1.666666667,4.0
18,D-,#_E,1,5.0,CPN SRD,+,d,d̪,6,−,P,D,,−,4,+,a,0.0,1.666666667,4.0
20,D-,#_E,1,5.0,ITA,+,d,d̪,6,−,P,D,,−,4,+,a,0.0,1.666666667,4.0
21,D-,#_E,1,5.0,ABR,+,d,d̪,6,−,P,D,,−,4,+,a,0.0,1.666666667,4.0
22,D-,#_E,1,5.0,CAM,+,d,d̪~ɾ,101,−,P~L,D,,−,,+,a,0.0,1.208333333,2.5
23,D-,#_E,1,5.0,PGL,+,d,d̪,6,−,P,D,,−,4,+,a,0.0,1.666666667,4.0
24,D-,#_E,1,5.0,SCN,+,d,d̪~ɾ,101,−,P~L,D,,−,,+,a,0.0,1.208333333,2.5
25,D-,#_E,1,5.0,VEN,+,d,d̪,6,−,P,D,,−,4,+,a,0.0,1.666666667,4.0
26,D-,#_E,1,5.0,ARO,+,d,d̪,6,−,P,D,,−,4,+,a,0.0,1.666666667,4.0
27,D-,#_E,1,5.0,ROM,+,d,d̪,6,−,P,D,,−,4,+,a,0.0,1.666666667,4.0
29,D-,#_E,1,5.0,ARO,+,dz,d͡z̪,27,−,P͡F,D,,+,3,+,b,0.0,1.333333333,3.0
30,D-,#_E,1,5.0,ROM,+,z,z̪,49,−,F,D,,+,2,+,b,0.0,1.333333333,2.0
32,D-,#_E,1,5.0,BR POR,+,d,d̠͡ʒ,35,−,P͡F,Ɉ,-0.5,+,3,+,b,0.0,-0.5,3.0
34,D-,#_E,1,5.0,GAL,+,d,d̪,6,−,P,D,,−,4,+,a,0.0,1.666666667,4.0
37,D-,#_E,1,5.0,QBC FRA,+,d,d͡z̪,27,−,P͡F,D,,+,3,+,b,0.0,1.333333333,3.0
38,D-,#_E,1,5.0,ASL,+,d,d̪,6,−,P,D,,−,4,+,a,0.0,1.666666667,4.0
39,D-,#_E,1,5.0,CAS ESP,+,d,d̪,6,−,P,D,,−,4,+,a,0.0,1.666666667,4.0
40,D-,#_E,1,5.0,AND ESP,+,d,d̪,6,−,P,D,,−,4,+,a,0.0,1.666666667,4.0
41,D-,#_E,1,5.0,ARG,+,d,d̪,6,−,P,D,,−,4,+,a,0.0,1.666666667,4.0
0,D-,"#_{a,O}",1,6.0,BR POR,+,d,d̪,6,−,P,D,,−,4,+,a,0.0,1.666666667,4.0
1,D-,"#_{a,O}",1,6.0,AMR ESP,+,d,d̪,6,−,P,D,,−,4,+,a,0.0,1.666666667,4.0
2,D-,"#_{a,O}",1,6.0,LAT,+,D,d̪,6,−,P,D,,−,4,+,a,0.0,1.666666667,4.0
3,D-,"#_{a,O}",1,6.0,CAT,+,d,d̪,6,−,P,D,,−,4,+,a,0.0,1.666666667,4.0
4,D-,"#_{a,O}",1,6.0,VAL,+,d,d̪,6,−,P,D,,−,4,+,a,0.0,1.666666667,4.0
5,D-,"#_{a,O}",1,6.0,BAL,+,d,d̪,6,−,P,D,,−,4,+,a,0.0,1.666666667,4.0
6,D-,"#_{a,O}",1,6.0,OCC,+,d,d̪,6,−,P,D,,−,4,+,a,0.0,1.666666667,4.0
7,D-,"#_{a,O}",1,6.0,GAS OCC,+,d,d̪,6,−,P,D,,−,4,+,a,0.0,1.666666667,4.0
8,D-,"#_{a,O}",1,6.0,EU FRA,+,d,d̪,6,−,P,D,,−,4,+,a,0.0,1.666666667,4.0
9,D-,"#_{a,O}",1,6.0,QBC FRA,+,d,d̪,6,−,P,D,,−,4,+,a,0.0,1.666666667,4.0
10,D-,"#_{a,O}",1,6.0,WAL,+,d,d̪,6,−,P,D,,−,4,+,a,0.0,1.666666667,4.0
11,D-,"#_{a,O}",1,6.0,ARP,+,d,d̪,6,−,P,D,,−,4,+,a,0.0,1.666666667,4.0
13,D-,"#_{a,O}",1,6.0,EU POR,+,d,d̪,6,−,P,D,,−,4,+,a,0.0,1.666666667,4.0
14,D-,"#_{a,O}",1,6.0,LMO,+,d,d̪,6,−,P,D,,−,4,+,a,0.0,1.666666667,4.0
15,D-,"#_{a,O}",1,6.0,RMH,+,d,d̪,6,−,P,D,,−,4,+,a,0.0,1.666666667,4.0
16,D-,"#_{a,O}",1,6.0,FUR,+,d,d̪,6,−,P,D,,−,4,+,a,0.0,1.666666667,4.0
17,D-,"#_{a,O}",1,6.0,LOG SRD,+,d,d̪,6,−,P,D,,−,4,+,a,0.0,1.666666667,4.0
18,D-,"#_{a,O}",1,6.0,CPN SRD,+,d,d̪,6,−,P,D,,−,4,+,a,0.0,1.666666667,4.0
20,D-,"#_{a,O}",1,6.0,ITA,+,d,d̪,6,−,P,D,,−,4,+,a,0.0,1.666666667,4.0
21,D-,"#_{a,O}",1,6.0,ABR,+,d,d̪,6,−,P,D,,−,4,+,a,0.0,1.666666667,4.0
22,D-,"#_{a,O}",1,6.0,CAM,+,d,d̪~ɾ,101,−,P~L,D,,−,,+,a,0.0,1.208333333,2.5
23,D-,"#_{a,O}",1,6.0,PGL,+,d,d̪,6,−,P,D,,−,4,+,a,0.0,1.666666667,4.0
24,D-,"#_{a,O}",1,6.0,SCN,+,d,d̪~ɾ,101,−,P~L,D,,−,,+,a,0.0,1.208333333,2.5
25,D-,"#_{a,O}",1,6.0,VEN,+,d,d̪,6,−,P,D,,−,4,+,a,0.0,1.666666667,4.0
26,D-,"#_{a,O}",1,6.0,ARO,+,d,d̪,6,−,P,D,,−,4,+,a,0.0,1.666666667,4.0
27,D-,"#_{a,O}",1,6.0,ROM,+,d,d̪,6,−,P,D,,−,4,+,a,0.0,1.666666667,4.0
29,D-,"#_{a,O}",1,6.0,QBC FRA,+,d,d͡z̪,27,−,P͡F,D,,+,3,+,b,0.0,1.333333333,3.0
30,D-,"#_{a,O}",1,6.0,GAL,+,d,d̪,6,−,P,D,,−,4,+,a,0.0,1.666666667,4.0
31,D-,"#_{a,O}",1,6.0,ASL,+,d,d̪,6,−,P,D,,−,4,+,a,0.0,1.666666667,4.0
32,D-,"#_{a,O}",1,6.0,CAS ESP,+,d,d̪,6,−,P,D,,−,4,+,a,0.0,1.666666667,4.0
33,D-,"#_{a,O}",1,6.0,AND ESP,+,d,d̪,6,−,P,D,,−,4,+,a,0.0,1.666666667,4.0
34,D-,"#_{a,O}",1,6.0,ARG,+,d,d̪,6,−,P,D,,−,4,+,a,0.0,1.666666667,4.0
0,C-,#_E,1,7.0,BR POR,+,c,s,50,−,F,D,1,+,2,−,a,255.0,1.0,2.0
1,C-,#_E,1,7.0,AMR ESP,+,c,s,50,−,F,D,1,+,2,−,a,255.0,1.0,2.0
2,C-,#_E,1,7.0,LAT,+,C,k,19,−,P,K,-3,−,4,−,a,255.0,-3.0,4.0
3,C-,#_E,1,7.0,CAT,+,c,s̠,52,−,F,D,0.5,+,2,−,a,255.0,0.5,2.0
4,C-,#_E,1,7.0,VAL,+,c,s̠,52,−,F,D,0.5,+,2,−,a,255.0,0.5,2.0
5,C-,#_E,1,7.0,BAL,+,c,s̠,52,−,F,D,0.5,+,2,−,a,255.0,0.5,2.0
6,C-,#_E,1,7.0,OCC,+,c,s̠,52,−,F,D,0.5,+,2,−,a,255.0,0.5,2.0
7,C-,#_E,1,7.0,GAS OCC,+,c,s̠,52,−,F,D,0.5,+,2,−,a,255.0,0.5,2.0
8,C-,#_E,1,7.0,EU FRA,+,c,s̪,48,−,F,D,,+,2,−,a,255.0,1.333333333,2.0
9,C-,#_E,1,7.0,QBC FRA,+,c,s̪,48,−,F,D,,+,2,−,a,255.0,1.333333333,2.0
10,C-,#_E,1,7.0,WAL,+,c,s̪,48,−,F,D,,+,2,−,a,255.0,1.333333333,2.0
11,C-,#_E,1,7.0,ARP,+,c,s̪,48,−,F,D,,+,2,−,a,255.0,1.333333333,2.0
13,C-,#_E,1,7.0,EU POR,+,c,s (s̪),120,−,F,D,,+,2,−,a,255.0,1.083333333,2.0
14,C-,#_E,1,7.0,LMO,+,sc,ʃ~s̠,103,−,F,Ɉ~D,,+,2,−,a,255.0,0.0,2.0
15,C-,#_E,1,7.0,RMH,+,tsch,t̠͡ʃ,34,−,P͡F,Ɉ,-0.5,+,3,−,a,255.0,-0.5,3.0
17,C-,#_E,1,7.0,LOG SRD,+,ch,k,19,−,P,K,-3,−,4,−,a,255.0,-3.0,4.0
18,C-,#_E,1,7.0,CPN SRD,+,c,t̠͡ʃ,34,−,P͡F,Ɉ,-0.5,+,3,−,a,255.0,-0.5,3.0
20,C-,#_E,1,7.0,ITA,+,c,t̠͡ʃ,34,−,P͡F,Ɉ,-0.5,+,3,−,a,255.0,-0.5,3.0
22,C-,#_E,1,7.0,CAM,+,c,t̠͡ʃ,34,−,P͡F,Ɉ,-0.5,+,3,−,a,255.0,-0.5,3.0
24,C-,#_E,1,7.0,SCN,+,c,t̠͡ʃ,34,−,P͡F,Ɉ,-0.5,+,3,−,a,255.0,-0.5,3.0
25,C-,#_E,1,7.0,VEN,+,s/th,s̠~θ,104,−,F,D,,+/−,2,−,a,255.0,1.25,2.0
26,C-,#_E,1,7.0,ARO,+,ts,t͡s̪,26,−,P͡F,D,,+,3,−,a,255.0,1.333333333,3.0
27,C-,#_E,1,7.0,ROM,+,c,t̠͡ʃ,34,−,P͡F,Ɉ,-0.5,+,3,−,a,255.0,-0.5,3.0
28,C-,#_E,1,7.0,GAL,+,c,θ (s),102,−,F,D,,+/−,2,−,a,255.0,1.666666667,2.0
29,C-,#_E,1,7.0,ASL,+,c,θ,44,−,F,D,2,−,2,−,a,255.0,2.0,2.0
30,C-,#_E,1,7.0,CAS ESP,+,c,θ,44,−,F,D,2,−,2,−,a,255.0,2.0,2.0
31,C-,#_E,1,7.0,AND ESP,+,c,s̟,46,−,F,D,,+,2,−,a,255.0,1.666666667,2.0
32,C-,#_E,1,7.0,ARG,+,c,θ,44,−,F,D,2,−,2,−,a,255.0,2.0,2.0
0,C-,#_a,1,8.0,BR POR,+,c,k,19,−,P,K,-3,−,4,−,a,255.0,-3.0,4.0
1,C-,#_a,1,8.0,AMR ESP,+,c,k,19,−,P,K,-3,−,4,−,a,255.0,-3.0,4.0
2,C-,#_a,1,8.0,LAT,+,C,k,19,−,P,K,-3,−,4,−,a,255.0,-3.0,4.0
3,C-,#_a,1,8.0,CAT,+,c,k,19,−,P,K,-3,−,4,−,a,255.0,-3.0,4.0
4,C-,#_a,1,8.0,VAL,+,c,k,19,−,P,K,-3,−,4,−,a,255.0,-3.0,4.0
5,C-,#_a,1,8.0,BAL,+,c,k,19,−,P,K,-3,−,4,−,a,255.0,-3.0,4.0
6,C-,#_a,1,8.0,OCC,+,c (ch),k (t͡s),105,−,P (P͡F),K (Ɉ),,−/+,,−,a,255.0,2.333333333,3.666666667
7,C-,#_a,1,8.0,GAS OCC,+,c,k,19,−,P,K,-3,−,4,−,a,255.0,-3.0,4.0
8,C-,#_a,1,8.0,EU FRA,+,ch,ʃ,56,−,F,Ɉ,-0.5,+,2,−,a,255.0,-0.5,2.0
9,C-,#_a,1,8.0,QBC FRA,+,ch,ʃ,56,−,F,Ɉ,-0.5,+,2,−,a,255.0,-0.5,2.0
10,C-,#_a,1,8.0,WAL,+,tch,t̠͡ʃ,34,−,P͡F,Ɉ,-0.5,+,3,−,a,255.0,-0.5,3.0
11,C-,#_a,1,8.0,ARP,+,ch,t̠͡ʃ~θ,106,−,P͡F~F,Ɉ~D,,+ (−),,−,a,255.0,0.75,2.5
12,C-,#_a,1,8.0,LIG,+,c,k,19,−,P,K,-3,−,4,−,a,255.0,-3.0,4.0
13,C-,#_a,1,8.0,EU POR,+,c,k,19,−,P,K,-3,−,4,−,a,255.0,-3.0,4.0
14,C-,#_a,1,8.0,LMO,+,c,k,19,−,P,K,-3,−,4,−,a,255.0,-3.0,4.0
15,C-,#_a,1,8.0,RMH,+,ch,k~c,150,−,P,K~Ɉ,-2.5,−,4,−,a,255.0,-2.5,4.0
16,C-,#_a,1,8.0,FUR,+,cj,c~t̠͡ʃ,152,−,P~P͡F,Ɉ,,−/+,,−,a,255.0,-1.25,3.5
17,C-,#_a,1,8.0,LOG SRD,+,c,k,19,−,P,K,-3,−,4,−,a,255.0,-3.0,4.0
18,C-,#_a,1,8.0,CPN SRD,+,c,k,19,−,P,K,-3,−,4,−,a,255.0,-3.0,4.0
19,C-,#_a,1,8.0,COR,+,c,k,19,−,P,K,-3,−,4,−,a,255.0,-3.0,4.0
20,C-,#_a,1,8.0,ITA,+,c,k,19,−,P,K,-3,−,4,−,a,255.0,-3.0,4.0
21,C-,#_a,1,8.0,ABR,+,c,k,19,−,P,K,-3,−,4,−,a,255.0,-3.0,4.0
22,C-,#_a,1,8.0,CAM,+,c,k,19,−,P,K,-3,−,4,−,a,255.0,-3.0,4.0
23,C-,#_a,1,8.0,PGL,+,c,k,19,−,P,K,-3,−,4,−,a,255.0,-3.0,4.0
24,C-,#_a,1,8.0,SCN,+,c,k,19,−,P,K,-3,−,4,−,a,255.0,-3.0,4.0
25,C-,#_a,1,8.0,VEN,+,c,k,19,−,P,K,-3,−,4,−,a,255.0,-3.0,4.0
26,C-,#_a,1,8.0,ARO,+,c,k,19,−,P,K,-3,−,4,−,a,255.0,-3.0,4.0
27,C-,#_a,1,8.0,ROM,+,c,k,19,−,P,K,-3,−,4,−,a,255.0,-3.0,4.0
28,C-,#_a,1,8.0,GAL,+,c,k,19,−,P,K,-3,−,4,−,a,255.0,-3.0,4.0
29,C-,#_a,1,8.0,ASL,+,c,k,19,−,P,K,-3,−,4,−,a,255.0,-3.0,4.0
30,C-,#_a,1,8.0,CAS ESP,+,c,k,19,−,P,K,-3,−,4,−,a,255.0,-3.0,4.0
31,C-,#_a,1,8.0,AND ESP,+,c,k,19,−,P,K,-3,−,4,−,a,255.0,-3.0,4.0
32,C-,#_a,1,8.0,ARG,+,c,k,19,−,P,K,-3,−,4,−,a,255.0,-3.0,4.0
0,C-,"#_{o,ŭ}",1,9.0,BR POR,+,c,k,19,−,P,K,-3,−,4,−,a,255.0,-3.0,4.0
1,C-,"#_{o,ŭ}",1,9.0,AMR ESP,+,c,k,19,−,P,K,-3,−,4,−,a,255.0,-3.0,4.0
2,C-,"#_{o,ŭ}",1,9.0,LAT,+,C,k,19,−,P,K,-3,−,4,−,a,255.0,-3.0,4.0
3,C-,"#_{o,ŭ}",1,9.0,CAT,+,c,k,19,−,P,K,-3,−,4,−,a,255.0,-3.0,4.0
4,C-,"#_{o,ŭ}",1,9.0,VAL,+,c,k,19,−,P,K,-3,−,4,−,a,255.0,-3.0,4.0
5,C-,"#_{o,ŭ}",1,9.0,BAL,+,c,k,19,−,P,K,-3,−,4,−,a,255.0,-3.0,4.0
6,C-,"#_{o,ŭ}",1,9.0,OCC,+,c,k,19,−,P,K,-3,−,4,−,a,255.0,-3.0,4.0
7,C-,"#_{o,ŭ}",1,9.0,GAS OCC,+,c,k,19,−,P,K,-3,−,4,−,a,255.0,-3.0,4.0
8,C-,"#_{o,ŭ}",1,9.0,EU FRA,+,c,k,19,−,P,K,-3,−,4,−,a,255.0,-3.0,4.0
9,C-,"#_{o,ŭ}",1,9.0,QBC FRA,+,c,k,19,−,P,K,-3,−,4,−,a,255.0,-3.0,4.0
10,C-,"#_{o,ŭ}",1,9.0,WAL,+,c,k,19,−,P,K,-3,−,4,−,a,255.0,-3.0,4.0
11,C-,"#_{o,ŭ}",1,9.0,ARP,+,c,k,19,−,P,K,-3,−,4,−,a,255.0,-3.0,4.0
12,C-,"#_{o,ŭ}",1,9.0,LIG,+,c,k,19,−,P,K,-3,−,4,−,a,255.0,-3.0,4.0
13,C-,"#_{o,ŭ}",1,9.0,EU POR,+,c,k,19,−,P,K,-3,−,4,−,a,255.0,-3.0,4.0
14,C-,"#_{o,ŭ}",1,9.0,LMO,+,c,k,19,−,P,K,-3,−,4,−,a,255.0,-3.0,4.0
15,C-,"#_{o,ŭ}",1,9.0,RMH,,c,k,,,,,,,,,a,,-3.0,4.0
16,C-,"#_{o,ŭ}",1,9.0,FUR,,c,k,,,,,,,,,a,,-3.0,4.0
17,C-,"#_{o,ŭ}",1,9.0,LOG SRD,+,c,k,19,−,P,K,-3,−,4,−,a,255.0,-3.0,4.0
18,C-,"#_{o,ŭ}",1,9.0,CPN SRD,+,c,k,19,−,P,K,-3,−,4,−,a,255.0,-3.0,4.0
19,C-,"#_{o,ŭ}",1,9.0,COR,+,c,k,19,−,P,K,-3,−,4,−,a,255.0,-3.0,4.0
20,C-,"#_{o,ŭ}",1,9.0,ITA,+,c,k,19,−,P,K,-3,−,4,−,a,255.0,-3.0,4.0
21,C-,"#_{o,ŭ}",1,9.0,ABR,+,c,k,19,−,P,K,-3,−,4,−,a,255.0,-3.0,4.0
22,C-,"#_{o,ŭ}",1,9.0,CAM,+,c,k,19,−,P,K,-3,−,4,−,a,255.0,-3.0,4.0
23,C-,"#_{o,ŭ}",1,9.0,PGL,+,c,k,19,−,P,K,-3,−,4,−,a,255.0,-3.0,4.0
24,C-,"#_{o,ŭ}",1,9.0,SCN,+,c,k,19,−,P,K,-3,−,4,−,a,255.0,-3.0,4.0
25,C-,"#_{o,ŭ}",1,9.0,VEN,+,c,k,19,−,P,K,-3,−,4,−,a,255.0,-3.0,4.0
26,C-,"#_{o,ŭ}",1,9.0,ARO,+,c,k,19,−,P,K,-3,−,4,−,a,255.0,-3.0,4.0
27,C-,"#_{o,ŭ}",1,9.0,ROM,+,c,k,19,−,P,K,-3,−,4,−,a,255.0,-3.0,4.0
29,C-,"#_{o,ŭ}",1,9.0,ITA,+,g,ɡ,20,−,P,K,-3,−,4,+,b,0.0,-3.0,4.0
30,C-,"#_{o,ŭ}",1,9.0,GAL,+,c,k,19,−,P,K,-3,−,4,−,a,255.0,-3.0,4.0
31,C-,"#_{o,ŭ}",1,9.0,ASL,+,c,k,19,−,P,K,-3,−,4,−,a,255.0,-3.0,4.0
32,C-,"#_{o,ŭ}",1,9.0,CAS ESP,+,c,k,19,−,P,K,-3,−,4,−,a,255.0,-3.0,4.0
33,C-,"#_{o,ŭ}",1,9.0,AND ESP,+,c,k,19,−,P,K,-3,−,4,−,a,255.0,-3.0,4.0
34,C-,"#_{o,ŭ}",1,9.0,ARG,+,c,k,19,−,P,K,-3,−,4,−,a,255.0,-3.0,4.0
0,C-,#_ū,1,10.0,BR POR,+,c,k,19,−,P,K,-3,−,4,−,a,255.0,-3.0,4.0
1,C-,#_ū,1,10.0,AMR ESP,+,c,k,19,−,P,K,-3,−,4,−,a,255.0,-3.0,4.0
2,C-,#_ū,1,10.0,LAT,+,C,k,19,−,P,K,-3,−,4,−,a,255.0,-3.0,4.0
3,C-,#_ū,1,10.0,CAT,+,c,k,19,−,P,K,-3,−,4,−,a,255.0,-3.0,4.0
4,C-,#_ū,1,10.0,VAL,+,c,k,19,−,P,K,-3,−,4,−,a,255.0,-3.0,4.0
5,C-,#_ū,1,10.0,BAL,+,c,k,19,−,P,K,-3,−,4,−,a,255.0,-3.0,4.0
6,C-,#_ū,1,10.0,OCC,+,c,k,19,−,P,K,-3,−,4,−,a,255.0,-3.0,4.0
7,C-,#_ū,1,10.0,GAS OCC,+,c,k,19,−,P,K,-3,−,4,−,a,255.0,-3.0,4.0
8,C-,#_ū,1,10.0,EU FRA,+,c,k,19,−,P,K,-3,−,4,−,a,255.0,-3.0,4.0
9,C-,#_ū,1,10.0,QBC FRA,+,c,k,19,−,P,K,-3,−,4,−,a,255.0,-3.0,4.0
10,C-,#_ū,1,10.0,WAL,+,c,k,19,−,P,K,-3,−,4,−,a,255.0,-3.0,4.0
11,C-,#_ū,1,10.0,ARP,+,c,k,19,−,P,K,-3,−,4,−,a,255.0,-3.0,4.0
12,C-,#_ū,1,10.0,LIG,+,c,k,19,−,P,K,-3,−,4,−,a,255.0,-3.0,4.0
13,C-,#_ū,1,10.0,EU POR,+,c,k,19,−,P,K,-3,−,4,−,a,255.0,-3.0,4.0
14,C-,#_ū,1,10.0,LMO,+,c,k,19,−,P,K,-3,−,4,−,a,255.0,-3.0,4.0
15,C-,#_ū,1,10.0,RMH,+,tg,c,17,−,P,Ɉ,-2,−,4,−,a,255.0,-2.0,4.0
16,C-,#_ū,1,10.0,FUR,+,c,k,19,−,P,K,-3,−,4,−,a,255.0,-3.0,4.0
17,C-,#_ū,1,10.0,LOG SRD,+,c,k,19,−,P,K,-3,−,4,−,a,255.0,-3.0,4.0
18,C-,#_ū,1,10.0,CPN SRD,+,c,k,19,−,P,K,-3,−,4,−,a,255.0,-3.0,4.0
19,C-,#_ū,1,10.0,COR,+,c,k,19,−,P,K,-3,−,4,−,a,255.0,-3.0,4.0
20,C-,#_ū,1,10.0,ITA,+,c,k,19,−,P,K,-3,−,4,−,a,255.0,-3.0,4.0
21,C-,#_ū,1,10.0,ABR,+,c,k,19,−,P,K,-3,−,4,−,a,255.0,-3.0,4.0
22,C-,#_ū,1,10.0,CAM,+,c,k,19,−,P,K,-3,−,4,−,a,255.0,-3.0,4.0
23,C-,#_ū,1,10.0,PGL,+,c,k,19,−,P,K,-3,−,4,−,a,255.0,-3.0,4.0
24,C-,#_ū,1,10.0,SCN,+,c,k,19,−,P,K,-3,−,4,−,a,255.0,-3.0,4.0
25,C-,#_ū,1,10.0,VEN,+,c,k,19,−,P,K,-3,−,4,−,a,255.0,-3.0,4.0
26,C-,#_ū,1,10.0,ARO,+,c,k,19,−,P,K,-3,−,4,−,a,255.0,-3.0,4.0
27,C-,#_ū,1,10.0,ROM,+,c,k,19,−,P,K,-3,−,4,−,a,255.0,-3.0,4.0
28,C-,#_ū,1,10.0,GAL,+,c,k,19,−,P,K,-3,−,4,−,a,255.0,-3.0,4.0
29,C-,#_ū,1,10.0,ASL,+,c,k,19,−,P,K,-3,−,4,−,a,255.0,-3.0,4.0
30,C-,#_ū,1,10.0,CAS ESP,+,c,k,19,−,P,K,-3,−,4,−,a,255.0,-3.0,4.0
31,C-,#_ū,1,10.0,AND ESP,+,c,k,19,−,P,K,-3,−,4,−,a,255.0,-3.0,4.0
32,C-,#_ū,1,10.0,ARG,+,c,k,19,−,P,K,-3,−,4,−,a,255.0,-3.0,4.0
0,G-,ˈ#_E,1,11.0,BR POR,+,g,ʒ,57,−,F,Ɉ,-0.5,+,2,+,a,0.0,-0.5,2.0
1,G-,ˈ#_E,1,11.0,AMR ESP,+,y,ɟ͡ʝ,39,−,P͡F,Ɉ,-2,−,3,+,a,0.0,-2.0,3.0
2,G-,ˈ#_E,1,11.0,LAT,+,G,ɡ,20,−,P,K,-3,−,4,+,a,0.0,-3.0,4.0
3,G-,ˈ#_E,1,11.0,CAT,+,g,ʒ,57,−,F,Ɉ,-0.5,+,2,+,a,0.0,-0.5,2.0
4,G-,ˈ#_E,1,11.0,VAL,+,g,d̠͡ʒ,35,−,P͡F,Ɉ,-0.5,+,3,+,a,0.0,-0.5,3.0
5,G-,ˈ#_E,1,11.0,BAL,+,g,ʒ,57,−,F,Ɉ,-0.5,+,2,+,a,0.0,-0.5,2.0
6,G-,ˈ#_E,1,11.0,OCC,+,g,̠d̠͡ʒ (d͡z̠),194,−,P͡F,Ɉ (D),,+,3,+,a,0.0,-0.166666667,3.0
7,G-,ˈ#_E,1,11.0,GAS OCC,+,g,ʒ,57,−,F,Ɉ,-0.5,+,2,+,a,0.0,-0.5,2.0
8,G-,ˈ#_E,1,11.0,EU FRA,+,g,ʒ,57,−,F,Ɉ,-0.5,+,2,+,a,0.0,-0.5,2.0
9,G-,ˈ#_E,1,11.0,QBC FRA,+,g,ʒ,57,−,F,Ɉ,-0.5,+,2,+,a,0.0,-0.5,2.0
10,G-,ˈ#_E,1,11.0,WAL,+,dj,d̠͡ʒ,35,−,P͡F,Ɉ,-0.5,+,3,+,a,0.0,-0.5,3.0
11,G-,ˈ#_E,1,11.0,ARP,+,g,d͡z~ð,107,−,P͡F~F,D,,+/−,,+,a,0.0,1.5,2.5
12,G-,ˈ#_E,1,11.0,LIG,+,z,z (d͡z),111,−,F (P͡F),D,1,+,,+,a,0.0,1.0,2.333333333
13,G-,ˈ#_E,1,11.0,EU POR,+,g,ʒ,57,−,F,Ɉ,-0.5,+,2,+,a,0.0,-0.5,2.0
14,G-,ˈ#_E,1,11.0,LMO,+,sg,d̠͡ʒ~z,108,−,P͡F~F,Ɉ~D,,+,,+,a,0.0,0.25,2.5
17,G-,ˈ#_E,1,11.0,LOG SRD,+,g,ɡ,20,−,P,K,-3,−,4,+,a,0.0,-3.0,4.0
18,G-,ˈ#_E,1,11.0,CPN SRD,+,g,d̠͡ʒ,35,−,P͡F,Ɉ,-0.5,+,3,+,a,0.0,-0.5,3.0
19,G-,ˈ#_E,1,11.0,COR,+,ghj,ɟ,18,−,P,Ɉ,-2,−,4,+,a,0.0,-2.0,4.0
20,G-,ˈ#_E,1,11.0,ITA,+,g,d̠͡ʒ,35,−,P͡F,Ɉ,-0.5,+,3,+,a,0.0,-0.5,3.0
22,G-,ˈ#_E,1,11.0,CAM,+,j,j,98,−,W,Ɉ,-2,−,,+,a,0.0,-2.0,0.333333333
24,G-,ˈ#_E,1,11.0,SCN,+,j,j,98,−,W,Ɉ,-2,−,,+,a,0.0,-2.0,0.333333333
25,G-,ˈ#_E,1,11.0,VEN,+,z/dh,z̠~ð,109,−,F,D,,+/−,2,−,a,255.0,1.25,2.0
26,G-,ˈ#_E,1,11.0,ARO,+,dz,d͡z̪,27,−,P͡F,D,,+,3,+,a,0.0,1.333333333,3.0
27,G-,ˈ#_E,1,11.0,ROM,+,g,d̠͡ʒ,35,−,P͡F,Ɉ,-0.5,+,3,+,a,0.0,-0.5,3.0
28,G-,ˈ#_E,1,11.0,GAL,+,x,ʃ,56,−,F,Ɉ,-0.5,+,2,−,a,255.0,-0.5,2.0
29,G-,ˈ#_E,1,11.0,ASL,+,x,ʃ,56,−,F,Ɉ,-0.5,+,2,−,a,255.0,-0.5,2.0
30,G-,ˈ#_E,1,11.0,CAS ESP,+,y,ɟ͡ʝ,39,−,P͡F,Ɉ,-2,−,3,+,a,0.0,-2.0,3.0
31,G-,ˈ#_E,1,11.0,AND ESP,+,y,ɟ͡ʝ,39,−,P͡F,Ɉ,-2,−,3,+,a,0.0,-2.0,3.0
32,G-,ˈ#_E,1,11.0,ARG,+,ch,t̠͡ʃ,34,−,P͡F,Ɉ,-0.5,+,3,−,a,255.0,-0.5,3.0
0,G-,#_E.ˈ,1,12.0,BR POR,+,g,ʒ,57,−,F,Ɉ,-0.5,+,2,+,a,0.0,-0.5,2.0
1,G-,#_E.ˈ,1,12.0,AMR ESP,−,h/∅,∅,,−,∅,Ɉ,-0.5,−,0,−,a,255.0,0.0,0.0
2,G-,#_E.ˈ,1,12.0,LAT,+,G,ɡ,20,−,P,K,-3,−,4,+,a,0.0,-3.0,4.0
3,G-,#_E.ˈ,1,12.0,CAT,+,g,ʒ,57,−,F,Ɉ,-0.5,+,2,+,a,0.0,-0.5,2.0
4,G-,#_E.ˈ,1,12.0,VAL,+,g,d̠͡ʒ,35,−,P͡F,Ɉ,-0.5,+,3,+,a,0.0,-0.5,3.0
5,G-,#_E.ˈ,1,12.0,BAL,+,g,ʒ,57,−,F,Ɉ,-0.5,+,2,+,a,0.0,-0.5,2.0
6,G-,#_E.ˈ,1,12.0,OCC,+,g,̠d̠͡ʒ (d͡z̠),194,−,P͡F,Ɉ (D),,+,3,+,a,0.0,-0.166666667,3.0
7,G-,#_E.ˈ,1,12.0,GAS OCC,+,g,ʒ,57,−,F,Ɉ,-0.5,+,2,+,a,0.0,-0.5,2.0
8,G-,#_E.ˈ,1,12.0,EU FRA,+,g,ʒ,57,−,F,Ɉ,-0.5,+,2,+,a,0.0,-0.5,2.0
9,G-,#_E.ˈ,1,12.0,QBC FRA,+,g,ʒ,57,−,F,Ɉ,-0.5,+,2,+,a,0.0,-0.5,2.0
10,G-,#_E.ˈ,1,12.0,WAL,+,dj,d̠͡ʒ,35,−,P͡F,Ɉ,-0.5,+,3,+,a,0.0,-0.5,3.0
11,G-,#_E.ˈ,1,12.0,ARP,+,g,d͡z~ð,107,−,P͡F~F,D,,+/−,,+,a,0.0,1.5,2.5
12,G-,#_E.ˈ,1,12.0,LIG,+,z,z (d͡z),111,−,F (P͡F),D,1,+,,+,a,0.0,1.0,2.333333333
13,G-,#_E.ˈ,1,12.0,EU POR,+,g,ʒ,57,−,F,Ɉ,-0.5,+,2,+,a,0.0,-0.5,2.0
14,G-,#_E.ˈ,1,12.0,LMO,+,sg,d̠͡ʒ~z,108,−,P͡F~F,Ɉ~D,,+,,+,a,0.0,0.25,2.5
17,G-,#_E.ˈ,1,12.0,LOG SRD,+,g,ɡ,20,−,P,K,-3,−,4,+,a,0.0,-3.0,4.0
18,G-,#_E.ˈ,1,12.0,CPN SRD,+,g,d̠͡ʒ,35,−,P͡F,Ɉ,-0.5,+,3,+,a,0.0,-0.5,3.0
19,G-,#_E.ˈ,1,12.0,COR,+,ghj,ɟ,18,−,P,Ɉ,-2,−,4,+,a,0.0,-2.0,4.0
20,G-,#_E.ˈ,1,12.0,ITA,+,g,d̠͡ʒ,35,−,P͡F,Ɉ,-0.5,+,3,+,a,0.0,-0.5,3.0
22,G-,#_E.ˈ,1,12.0,CAM,+,j,j,98,−,W,Ɉ,-2,−,,+,a,0.0,-2.0,0.333333333
24,G-,#_E.ˈ,1,12.0,SCN,+,j,j,98,−,W,Ɉ,-2,−,,+,a,0.0,-2.0,0.333333333
25,G-,#_E.ˈ,1,12.0,VEN,+,z/dh,z̠~ð,109,−,F,D,,+/−,2,−,a,255.0,1.25,2.0
26,G-,#_E.ˈ,1,12.0,ARO,+,dz,d͡z̪,27,−,P͡F,D,,+,3,+,a,0.0,1.333333333,3.0
27,G-,#_E.ˈ,1,12.0,ROM,+,g,d̠͡ʒ,35,−,P͡F,Ɉ,-0.5,+,3,+,a,0.0,-0.5,3.0
28,G-,#_E.ˈ,1,12.0,GAL,+,x,ʃ,56,−,F,Ɉ,-0.5,+,2,−,a,255.0,-0.5,2.0
29,G-,#_E.ˈ,1,12.0,ASL,+,x,ʃ,56,−,F,Ɉ,-0.5,+,2,−,a,255.0,-0.5,2.0
30,G-,#_E.ˈ,1,12.0,CAS ESP,−,h/∅,∅,,−,∅,Ɉ,-0.5,−,0,−,a,255.0,0.0,0.0
31,G-,#_E.ˈ,1,12.0,AND ESP,−,h/∅,∅,,−,∅,Ɉ,-0.5,−,0,−,a,255.0,0.0,0.0
32,G-,#_E.ˈ,1,12.0,ARG,+,ch,t̠͡ʃ,34,−,P͡F,Ɉ,-0.5,+,3,−,a,255.0,-0.5,3.0
0,G-,#_a,1,13.0,BR POR,+,g,ɡ,20,−,P,K,-3,−,4,+,a,0.0,-3.0,4.0
1,G-,#_a,1,13.0,AMR ESP,+,g,ɡ,20,−,P,K,-3,−,4,+,a,0.0,-3.0,4.0
2,G-,#_a,1,13.0,LAT,+,G,ɡ,20,−,P,K,-3,−,4,+,a,0.0,-3.0,4.0
3,G-,#_a,1,13.0,CAT,+,g,ɡ,20,−,P,K,-3,−,4,+,a,0.0,-3.0,4.0
4,G-,#_a,1,13.0,VAL,+,g,ɡ,20,−,P,K,-3,−,4,+,a,0.0,-3.0,4.0
5,G-,#_a,1,13.0,BAL,+,g,ɡ,20,−,P,K,-3,−,4,+,a,0.0,-3.0,4.0
6,G-,#_a,1,13.0,OCC,+,g (j),ɡ (d͡z),110,−,P (P͡F),K (Ɉ),,−/+,,+,a,0.0,2.333333333,3.666666667
7,G-,#_a,1,13.0,GAS OCC,+,g,ɡ,20,−,P,K,-3,−,4,+,a,0.0,-3.0,4.0
8,G-,#_a,1,13.0,EU FRA,+,j/g,ʒ,57,−,F,Ɉ,-0.5,+,2,+,a,0.0,-0.5,2.0
9,G-,#_a,1,13.0,QBC FRA,+,j/g,ʒ,57,−,F,Ɉ,-0.5,+,2,+,a,0.0,-0.5,2.0
10,G-,#_a,1,13.0,WAL,+,dj,d̠͡ʒ,35,−,P͡F,Ɉ,-0.5,+,3,+,a,0.0,-0.5,3.0
11,G-,#_a,1,13.0,ARP,+,j,d͡z~ð,107,−,P͡F~F,D,,+/−,,+,a,0.0,1.5,2.5
12,G-,#_a,1,13.0,LIG,+,g,ɡ,20,−,P,K,-3,−,4,+,a,0.0,-3.0,4.0
13,G-,#_a,1,13.0,EU POR,+,g,ɡ,20,−,P,K,-3,−,4,+,a,0.0,-3.0,4.0
14,G-,#_a,1,13.0,LMO,+,g,ɡ,20,−,P,K,-3,−,4,+,a,0.0,-3.0,4.0
15,G-,#_a,1,13.0,RMH,+,gi,ɟ~d̠͡ʒ,153,−,P~P͡F,Ɉ,,−/+,,+,a,0.0,-1.25,3.5
16,G-,#_a,1,13.0,FUR,+,gj,ɟ~d̠͡ʒ,153,−,P~P͡F,Ɉ,,−/+,,+,a,0.0,-1.25,3.5
17,G-,#_a,1,13.0,LOG SRD,+,g,ɡ,20,−,P,K,-3,−,4,+,a,0.0,-3.0,4.0
18,G-,#_a,1,13.0,CPN SRD,+,g,ɡ,20,−,P,K,-3,−,4,+,a,0.0,-3.0,4.0
19,G-,#_a,1,13.0,COR,+,g,ɡ,20,−,P,K,-3,−,4,+,a,0.0,-3.0,4.0
20,G-,#_a,1,13.0,ITA,+,g,ɡ,20,−,P,K,-3,−,4,+,a,0.0,-3.0,4.0
22,G-,#_a,1,13.0,CAM,+,g,ɡ,20,−,P,K,-3,−,4,+,a,0.0,-3.0,4.0
24,G-,#_a,1,13.0,SCN,+,g/j,ɡ~j,112,−,P~W,K~Ɉ,,−,,+,a,0.0,-2.5,2.166666667
25,G-,#_a,1,13.0,VEN,+,g,ɡ,20,−,P,K,-3,−,4,+,a,0.0,-3.0,4.0
26,G-,#_a,1,13.0,ARO,+,g,ɡ,20,−,P,K,-3,−,4,+,a,0.0,-3.0,4.0
27,G-,#_a,1,13.0,ROM,+,g,ɡ,20,−,P,K,-3,−,4,+,a,0.0,-3.0,4.0
28,G-,#_a,1,13.0,GAL,+,g (gh),ɡ (ħ),176,−,P (F),K (H),,−,,+ (−),a,85.0,-3.666666667,3.333333333
29,G-,#_a,1,13.0,ASL,+,g,ɡ,20,−,P,K,-3,−,4,+,a,0.0,-3.0,4.0
30,G-,#_a,1,13.0,CAS ESP,+,g,ɡ,20,−,P,K,-3,−,4,+,a,0.0,-3.0,4.0
31,G-,#_a,1,13.0,AND ESP,+,g,ɡ,20,−,P,K,-3,−,4,+,a,0.0,-3.0,4.0
32,G-,#_a,1,13.0,ARG,+,g,ɡ,20,−,P,K,-3,−,4,+,a,0.0,-3.0,4.0
0,G-,#_O,1,14.0,BR POR,+,g,ɡ,20,−,P,K,-3,−,4,+,a,0.0,-3.0,4.0
1,G-,#_O,1,14.0,AMR ESP,+,g,ɡ,20,−,P,K,-3,−,4,+,a,0.0,-3.0,4.0
2,G-,#_O,1,14.0,LAT,+,G,ɡ,20,−,P,K,-3,−,4,+,a,0.0,-3.0,4.0
3,G-,#_O,1,14.0,CAT,+,g,ɡ,20,−,P,K,-3,−,4,+,a,0.0,-3.0,4.0
4,G-,#_O,1,14.0,VAL,+,g,ɡ,20,−,P,K,-3,−,4,+,a,0.0,-3.0,4.0
5,G-,#_O,1,14.0,BAL,+,g,ɡ,20,−,P,K,-3,−,4,+,a,0.0,-3.0,4.0
6,G-,#_O,1,14.0,OCC,+,g,ɡ,20,−,P,K,-3,−,4,+,a,0.0,-3.0,4.0
7,G-,#_O,1,14.0,GAS OCC,+,g,ɡ,20,−,P,K,-3,−,4,+,a,0.0,-3.0,4.0
8,G-,#_O,1,14.0,EU FRA,+,g,ɡ,20,−,P,K,-3,−,4,+,a,0.0,-3.0,4.0
9,G-,#_O,1,14.0,QBC FRA,+,g,ɡ,20,−,P,K,-3,−,4,+,a,0.0,-3.0,4.0
10,G-,#_O,1,14.0,WAL,+,g,ɡ,20,−,P,K,-3,−,4,+,a,0.0,-3.0,4.0
11,G-,#_O,1,14.0,ARP,+,g,ɡ,20,−,P,K,-3,−,4,+,a,0.0,-3.0,4.0
12,G-,#_O,1,14.0,LIG,+,g,ɡ,20,−,P,K,-3,−,4,+,a,0.0,-3.0,4.0
13,G-,#_O,1,14.0,EU POR,+,g,ɡ,20,−,P,K,-3,−,4,+,a,0.0,-3.0,4.0
14,G-,#_O,1,14.0,LMO,+,g,ɡ,20,−,P,K,-3,−,4,+,a,0.0,-3.0,4.0
15,G-,#_O,1,14.0,RMH,+,g,ɡ,20,−,P,K,-3,−,4,+,a,0.0,-3.0,4.0
16,G-,#_O,1,14.0,FUR,+,g,ɡ,20,−,P,K,-3,−,4,+,a,0.0,-3.0,4.0
17,G-,#_O,1,14.0,LOG SRD,+,g,ɡ,20,−,P,K,-3,−,4,+,a,0.0,-3.0,4.0
18,G-,#_O,1,14.0,CPN SRD,+,g,ɡ,20,−,P,K,-3,−,4,+,a,0.0,-3.0,4.0
19,G-,#_O,1,14.0,COR,+,g,ɡ,20,−,P,K,-3,−,4,+,a,0.0,-3.0,4.0
20,G-,#_O,1,14.0,ITA,+,g,ɡ,20,−,P,K,-3,−,4,+,a,0.0,-3.0,4.0
22,G-,#_O,1,14.0,CAM,+,g,ɡ,20,−,P,K,-3,−,4,+,a,0.0,-3.0,4.0
24,G-,#_O,1,14.0,SCN,+,g/j,ɡ~j,112,−,P~W,K~Ɉ,,−,,+,a,0.0,-2.5,2.166666667
25,G-,#_O,1,14.0,VEN,+,g,ɡ,20,−,P,K,-3,−,4,+,a,0.0,-3.0,4.0
26,G-,#_O,1,14.0,ARO,+,g,ɡ,20,−,P,K,-3,−,4,+,a,0.0,-3.0,4.0
27,G-,#_O,1,14.0,ROM,+,g,ɡ,20,−,P,K,-3,−,4,+,a,0.0,-3.0,4.0
28,G-,#_O,1,14.0,GAL,+,g (gh),ɡ (ħ),176,−,P (F),K (H),,−,,+ (−),a,85.0,-3.666666667,3.333333333
29,G-,#_O,1,14.0,ASL,+,g,ɡ,20,−,P,K,-3,−,4,+,a,0.0,-3.0,4.0
30,G-,#_O,1,14.0,CAS ESP,+,g,ɡ,20,−,P,K,-3,−,4,+,a,0.0,-3.0,4.0
31,G-,#_O,1,14.0,AND ESP,+,g,ɡ,20,−,P,K,-3,−,4,+,a,0.0,-3.0,4.0
32,G-,#_O,1,14.0,ARG,+,g,ɡ,20,−,P,K,-3,−,4,+,a,0.0,-3.0,4.0
0,N-,#_E,1,15.0,BR POR,+,n,n,73,−,N,D,0.75,−,1.5,+,a,0.0,0.75,1.5
1,N-,#_E,1,15.0,AMR ESP,+,n,n,73,−,N,D,0.75,−,1.5,+,a,0.0,0.75,1.5
2,N-,#_E,1,15.0,LAT,+,N,n,73,−,N,D,0.75,−,1.5,+,a,0.0,0.75,1.5
3,N-,#_E,1,15.0,CAT,+,n,n,73,−,N,D,0.75,−,1.5,+,a,0.0,0.75,1.5
4,N-,#_E,1,15.0,VAL,+,n,n,73,−,N,D,0.75,−,1.5,+,a,0.0,0.75,1.5
5,N-,#_E,1,15.0,BAL,+,n,n,73,−,N,D,0.75,−,1.5,+,a,0.0,0.75,1.5
6,N-,#_E,1,15.0,OCC,+,n,n,73,−,N,D,0.75,−,1.5,+,a,0.0,0.75,1.5
7,N-,#_E,1,15.0,GAS OCC,+,n,n,73,−,N,D,0.75,−,1.5,+,a,0.0,0.75,1.5
8,N-,#_E,1,15.0,EU FRA,+,n,n̪,72,−,N,D,1.67,−,1.5,+,a,0.0,1.666666667,1.5
9,N-,#_E,1,15.0,QBC FRA,+,n,n̪,72,−,N,D,1.67,−,1.5,+,a,0.0,1.666666667,1.5
10,N-,#_E,1,15.0,WAL,+,n,n̪,72,−,N,D,1.67,−,1.5,+,a,0.0,1.666666667,1.5
11,N-,#_E,1,15.0,ARP,+,n,n,73,−,N,D,0.75,−,1.5,+,a,0.0,0.75,1.5
12,N-,#_E,1,15.0,LIG,+,n,n,73,−,N,D,0.75,−,1.5,+,a,0.0,0.75,1.5
13,N-,#_E,1,15.0,EU POR,+,n,n,73,−,N,D,0.75,−,1.5,+,a,0.0,0.75,1.5
14,N-,#_E,1,15.0,LMO,+,n,n,73,−,N,D,0.75,−,1.5,+,a,0.0,0.75,1.5
15,N-,#_E,1,15.0,RMH,+,n,n,73,−,N,D,0.75,−,1.5,+,a,0.0,0.75,1.5
16,N-,#_E,1,15.0,FUR,+,n,n,73,−,N,D,0.75,−,1.5,+,a,0.0,0.75,1.5
17,N-,#_E,1,15.0,LOG SRD,+,n,n,73,−,N,D,0.75,−,1.5,+,a,0.0,0.75,1.5
18,N-,#_E,1,15.0,CPN SRD,+,n,n,73,−,N,D,0.75,−,1.5,+,a,0.0,0.75,1.5
19,N-,#_E,1,15.0,COR,+,n,n,73,−,N,D,0.75,−,1.5,+,a,0.0,0.75,1.5
20,N-,#_E,1,15.0,ITA,+,n,n,73,−,N,D,0.75,−,1.5,+,a,0.0,0.75,1.5
21,N-,#_E,1,15.0,ABR,+,n,n,73,−,N,D,0.75,−,1.5,+,a,0.0,0.75,1.5
22,N-,#_E,1,15.0,CAM,+,n,n,73,−,N,D,0.75,−,1.5,+,a,0.0,0.75,1.5
23,N-,#_E,1,15.0,PGL,+,n,n,73,−,N,D,0.75,−,1.5,+,a,0.0,0.75,1.5
24,N-,#_E,1,15.0,SCN,+,n,n,73,−,N,D,0.75,−,1.5,+,a,0.0,0.75,1.5
25,N-,#_E,1,15.0,VEN,+,n,n,73,−,N,D,0.75,−,1.5,+,a,0.0,0.75,1.5
26,N-,#_E,1,15.0,ARO,+,n,n̪,72,−,N,D,1.67,−,1.5,+,a,0.0,1.666666667,1.5
27,N-,#_E,1,15.0,ROM,+,n,n̪,72,−,N,D,1.67,−,1.5,+,a,0.0,1.666666667,1.5
28,N-,#_E,1,15.0,GAL,+,n,n,73,−,N,D,0.75,−,1.5,+,a,0.0,0.75,1.5
29,N-,#_E,1,15.0,ASL,+,n/ñ,n~ɲ,113,−,N,D~Ɉ,,−,1.5,+,a,0.0,-0.625,1.5
30,N-,#_E,1,15.0,CAS ESP,+,n,n,73,−,N,D,0.75,−,1.5,+,a,0.0,0.75,1.5
31,N-,#_E,1,15.0,AND ESP,+,n,n,73,−,N,D,0.75,−,1.5,+,a,0.0,0.75,1.5
32,N-,#_E,1,15.0,ARG,+,n,n,73,−,N,D,0.75,−,1.5,+,a,0.0,0.75,1.5
0,N-,"#_{a,O}",1,16.0,BR POR,+,n,n,73,−,N,D,0.75,−,1.5,+,a,0.0,0.75,1.5
1,N-,"#_{a,O}",1,16.0,AMR ESP,+,n,n,73,−,N,D,0.75,−,1.5,+,a,0.0,0.75,1.5
2,N-,"#_{a,O}",1,16.0,LAT,+,N,n,73,−,N,D,0.75,−,1.5,+,a,0.0,0.75,1.5
3,N-,"#_{a,O}",1,16.0,CAT,+,n,n,73,−,N,D,0.75,−,1.5,+,a,0.0,0.75,1.5
4,N-,"#_{a,O}",1,16.0,VAL,+,n,n,73,−,N,D,0.75,−,1.5,+,a,0.0,0.75,1.5
5,N-,"#_{a,O}",1,16.0,BAL,+,n,n,73,−,N,D,0.75,−,1.5,+,a,0.0,0.75,1.5
6,N-,"#_{a,O}",1,16.0,OCC,+,n,n,73,−,N,D,0.75,−,1.5,+,a,0.0,0.75,1.5
7,N-,"#_{a,O}",1,16.0,GAS OCC,+,n,n,73,−,N,D,0.75,−,1.5,+,a,0.0,0.75,1.5
8,N-,"#_{a,O}",1,16.0,EU FRA,+,n,n̪,72,−,N,D,1.67,−,1.5,+,a,0.0,1.666666667,1.5
9,N-,"#_{a,O}",1,16.0,QBC FRA,+,n,n̪,72,−,N,D,1.67,−,1.5,+,a,0.0,1.666666667,1.5
10,N-,"#_{a,O}",1,16.0,WAL,+,n,n̪,72,−,N,D,1.67,−,1.5,+,a,0.0,1.666666667,1.5
11,N-,"#_{a,O}",1,16.0,ARP,+,n,n,73,−,N,D,0.75,−,1.5,+,a,0.0,0.75,1.5
12,N-,"#_{a,O}",1,16.0,LIG,+,n,n,73,−,N,D,0.75,−,1.5,+,a,0.0,0.75,1.5
13,N-,"#_{a,O}",1,16.0,EU POR,+,n,n,73,−,N,D,0.75,−,1.5,+,a,0.0,0.75,1.5
14,N-,"#_{a,O}",1,16.0,LMO,+,n,n,73,−,N,D,0.75,−,1.5,+,a,0.0,0.75,1.5
15,N-,"#_{a,O}",1,16.0,RMH,+,n,n,73,−,N,D,0.75,−,1.5,+,a,0.0,0.75,1.5
16,N-,"#_{a,O}",1,16.0,FUR,+,n,n,73,−,N,D,0.75,−,1.5,+,a,0.0,0.75,1.5
17,N-,"#_{a,O}",1,16.0,LOG SRD,+,n,n,73,−,N,D,0.75,−,1.5,+,a,0.0,0.75,1.5
18,N-,"#_{a,O}",1,16.0,CPN SRD,+,n,n,73,−,N,D,0.75,−,1.5,+,a,0.0,0.75,1.5
19,N-,"#_{a,O}",1,16.0,COR,+,n,n,73,−,N,D,0.75,−,1.5,+,a,0.0,0.75,1.5
20,N-,"#_{a,O}",1,16.0,ITA,+,n,n,73,−,N,D,0.75,−,1.5,+,a,0.0,0.75,1.5
21,N-,"#_{a,O}",1,16.0,ABR,+,n,n,73,−,N,D,0.75,−,1.5,+,a,0.0,0.75,1.5
22,N-,"#_{a,O}",1,16.0,CAM,+,n,n,73,−,N,D,0.75,−,1.5,+,a,0.0,0.75,1.5
23,N-,"#_{a,O}",1,16.0,PGL,+,n,n,73,−,N,D,0.75,−,1.5,+,a,0.0,0.75,1.5
24,N-,"#_{a,O}",1,16.0,SCN,+,n,n,73,−,N,D,0.75,−,1.5,+,a,0.0,0.75,1.5
25,N-,"#_{a,O}",1,16.0,VEN,+,n,n,73,−,N,D,0.75,−,1.5,+,a,0.0,0.75,1.5
26,N-,"#_{a,O}",1,16.0,ARO,+,n,n̪,72,−,N,D,1.67,−,1.5,+,a,0.0,1.666666667,1.5
27,N-,"#_{a,O}",1,16.0,ROM,+,n,n̪,72,−,N,D,1.67,−,1.5,+,a,0.0,1.666666667,1.5
28,N-,"#_{a,O}",1,16.0,GAL,+,n,n,73,−,N,D,0.75,−,1.5,+,a,0.0,0.75,1.5
29,N-,"#_{a,O}",1,16.0,ASL,+,n/ñ,n~ɲ,113,−,N,D~Ɉ,,−,1.5,+,a,0.0,-0.625,1.5
30,N-,"#_{a,O}",1,16.0,CAS ESP,+,n,n,73,−,N,D,0.75,−,1.5,+,a,0.0,0.75,1.5
31,N-,"#_{a,O}",1,16.0,AND ESP,+,n,n,73,−,N,D,0.75,−,1.5,+,a,0.0,0.75,1.5
32,N-,"#_{a,O}",1,16.0,ARG,+,n,n,73,−,N,D,0.75,−,1.5,+,a,0.0,0.75,1.5
0,M-,#_,1,16.5,BR POR,+,m,m,70,−,N,B,3,−,1.5,+,a,0.0,3.0,1.5
1,M-,#_,1,16.5,AMR ESP,+,m,m,70,−,N,B,3,−,1.5,+,a,0.0,3.0,1.5
2,M-,#_,1,16.5,LAT,+,M,m,70,−,N,B,3,−,1.5,+,a,0.0,3.0,1.5
3,M-,#_,1,16.5,CAT,+,m,m,70,−,N,B,3,−,1.5,+,a,0.0,3.0,1.5
4,M-,#_,1,16.5,VAL,+,m,m,70,−,N,B,3,−,1.5,+,a,0.0,3.0,1.5
5,M-,#_,1,16.5,BAL,+,m,m,70,−,N,B,3,−,1.5,+,a,0.0,3.0,1.5
6,M-,#_,1,16.5,OCC,+,m,m,70,−,N,B,3,−,1.5,+,a,0.0,3.0,1.5
7,M-,#_,1,16.5,GAS OCC,+,m,m,70,−,N,B,3,−,1.5,+,a,0.0,3.0,1.5
8,M-,#_,1,16.5,EU FRA,+,m,m,70,−,N,B,3,−,1.5,+,a,0.0,3.0,1.5
9,M-,#_,1,16.5,QBC FRA,+,m,m,70,−,N,B,3,−,1.5,+,a,0.0,3.0,1.5
10,M-,#_,1,16.5,WAL,+,m,m,70,−,N,B,3,−,1.5,+,a,0.0,3.0,1.5
11,M-,#_,1,16.5,ARP,+,m,m,70,−,N,B,3,−,1.5,+,a,0.0,3.0,1.5
12,M-,#_,1,16.5,LIG,+,m,m,70,−,N,B,3,−,1.5,+,a,0.0,3.0,1.5
13,M-,#_,1,16.5,EU POR,+,m,m,70,−,N,B,3,−,1.5,+,a,0.0,3.0,1.5
14,M-,#_,1,16.5,LMO,+,m,m,70,−,N,B,3,−,1.5,+,a,0.0,3.0,1.5
15,M-,#_,1,16.5,RMH,+,m,m,70,−,N,B,3,−,1.5,+,a,0.0,3.0,1.5
16,M-,#_,1,16.5,FUR,+,m,m,70,−,N,B,3,−,1.5,+,a,0.0,3.0,1.5
17,M-,#_,1,16.5,LOG SRD,+,m,m,70,−,N,B,3,−,1.5,+,a,0.0,3.0,1.5
18,M-,#_,1,16.5,CPN SRD,+,m,m,70,−,N,B,3,−,1.5,+,a,0.0,3.0,1.5
19,M-,#_,1,16.5,COR,+,m,m,70,−,N,B,3,−,1.5,+,a,0.0,3.0,1.5
20,M-,#_,1,16.5,ITA,+,m,m,70,−,N,B,3,−,1.5,+,a,0.0,3.0,1.5
21,M-,#_,1,16.5,ABR,+,m,m,70,−,N,B,3,−,1.5,+,a,0.0,3.0,1.5
22,M-,#_,1,16.5,CAM,+,m,m,70,−,N,B,3,−,1.5,+,a,0.0,3.0,1.5
23,M-,#_,1,16.5,PGL,+,m,m,70,−,N,B,3,−,1.5,+,a,0.0,3.0,1.5
24,M-,#_,1,16.5,SCN,+,m,m,70,−,N,B,3,−,1.5,+,a,0.0,3.0,1.5
25,M-,#_,1,16.5,VEN,+,m,m,70,−,N,B,3,−,1.5,+,a,0.0,3.0,1.5
26,M-,#_,1,16.5,ARO,+,m,m,70,−,N,B,3,−,1.5,+,a,0.0,3.0,1.5
27,M-,#_,1,16.5,ROM,+,m,m,70,−,N,B,3,−,1.5,+,a,0.0,3.0,1.5
28,M-,#_,1,16.5,GAL,+,m,m,70,−,N,B,3,−,1.5,+,a,0.0,3.0,1.5
29,M-,#_,1,16.5,ASL,+,m,m,70,−,N,B,3,−,1.5,+,a,0.0,3.0,1.5
30,M-,#_,1,16.5,CAS ESP,+,m,m,70,−,N,B,3,−,1.5,+,a,0.0,3.0,1.5
31,M-,#_,1,16.5,AND ESP,+,m,m,70,−,N,B,3,−,1.5,+,a,0.0,3.0,1.5
32,M-,#_,1,16.5,ARG,+,m,m,70,−,N,B,3,−,1.5,+,a,0.0,3.0,1.5
0,F-,"ˈ#_{ĕ,ŏ}",1,17.0,BR POR,+,f,f,42,−,F,B,2.5,−,2,−,a,255.0,2.5,2.0
1,F-,"ˈ#_{ĕ,ŏ}",1,17.0,AMR ESP,+,f,ɸ~f,114,−,F,B,2.75,−,2,−,a,255.0,2.75,2.0
2,F-,"ˈ#_{ĕ,ŏ}",1,17.0,LAT,+,F,ɸ~f,114,−,F,B,2.75,−,2,−,a,255.0,2.75,2.0
3,F-,"ˈ#_{ĕ,ŏ}",1,17.0,CAT,+,f,f,42,−,F,B,2.5,−,2,−,a,255.0,2.5,2.0
4,F-,"ˈ#_{ĕ,ŏ}",1,17.0,VAL,+,f,f,42,−,F,B,2.5,−,2,−,a,255.0,2.5,2.0
5,F-,"ˈ#_{ĕ,ŏ}",1,17.0,BAL,+,f,f,42,−,F,B,2.5,−,2,−,a,255.0,2.5,2.0
6,F-,"ˈ#_{ĕ,ŏ}",1,17.0,OCC,+,f,f,42,−,F,B,2.5,−,2,−,a,255.0,2.5,2.0
7,F-,"ˈ#_{ĕ,ŏ}",1,17.0,GAS OCC,+,f,f,42,−,F,B,2.5,−,2,−,a,255.0,2.5,2.0
8,F-,"ˈ#_{ĕ,ŏ}",1,17.0,EU FRA,+,f,f,42,−,F,B,2.5,−,2,−,a,255.0,2.5,2.0
9,F-,"ˈ#_{ĕ,ŏ}",1,17.0,QBC FRA,+,f,f,42,−,F,B,2.5,−,2,−,a,255.0,2.5,2.0
10,F-,"ˈ#_{ĕ,ŏ}",1,17.0,WAL,+,f,f,42,−,F,B,2.5,−,2,−,a,255.0,2.5,2.0
11,F-,"ˈ#_{ĕ,ŏ}",1,17.0,ARP,+,f,f,42,−,F,B,2.5,−,2,−,a,255.0,2.5,2.0
12,F-,"ˈ#_{ĕ,ŏ}",1,17.0,LIG,+,f,f,42,−,F,B,2.5,−,2,−,a,255.0,2.5,2.0
13,F-,"ˈ#_{ĕ,ŏ}",1,17.0,EU POR,+,f,f,42,−,F,B,2.5,−,2,−,a,255.0,2.5,2.0
14,F-,"ˈ#_{ĕ,ŏ}",1,17.0,LMO,+,f,f,42,−,F,B,2.5,−,2,−,a,255.0,2.5,2.0
15,F-,"ˈ#_{ĕ,ŏ}",1,17.0,RMH,+,f,f,42,−,F,B,2.5,−,2,−,a,255.0,2.5,2.0
16,F-,"ˈ#_{ĕ,ŏ}",1,17.0,FUR,+,f,f,42,−,F,B,2.5,−,2,−,a,255.0,2.5,2.0
17,F-,"ˈ#_{ĕ,ŏ}",1,17.0,LOG SRD,+,f,f,42,−,F,B,2.5,−,2,−,a,255.0,2.5,2.0
18,F-,"ˈ#_{ĕ,ŏ}",1,17.0,CPN SRD,+,f,f,42,−,F,B,2.5,−,2,−,a,255.0,2.5,2.0
19,F-,"ˈ#_{ĕ,ŏ}",1,17.0,COR,+,f,f,42,−,F,B,2.5,−,2,−,a,255.0,2.5,2.0
20,F-,"ˈ#_{ĕ,ŏ}",1,17.0,ITA,+,f,f,42,−,F,B,2.5,−,2,−,a,255.0,2.5,2.0
21,F-,"ˈ#_{ĕ,ŏ}",1,17.0,ABR,+,f,f,42,−,F,B,2.5,−,2,−,a,255.0,2.5,2.0
22,F-,"ˈ#_{ĕ,ŏ}",1,17.0,CAM,+,f,f,42,−,F,B,2.5,−,2,−,a,255.0,2.5,2.0
23,F-,"ˈ#_{ĕ,ŏ}",1,17.0,PGL,+,f,f,42,−,F,B,2.5,−,2,−,a,255.0,2.5,2.0
24,F-,"ˈ#_{ĕ,ŏ}",1,17.0,SCN,+,f,f,42,−,F,B,2.5,−,2,−,a,255.0,2.5,2.0
25,F-,"ˈ#_{ĕ,ŏ}",1,17.0,VEN,+,f,f,42,−,F,B,2.5,−,2,−,a,255.0,2.5,2.0
26,F-,"ˈ#_{ĕ,ŏ}",1,17.0,ARO,+,f,f,42,−,F,B,2.5,−,2,−,a,255.0,2.5,2.0
27,F-,"ˈ#_{ĕ,ŏ}",1,17.0,ROM,+,f,f,42,−,F,B,2.5,−,2,−,a,255.0,2.5,2.0
28,F-,"ˈ#_{ĕ,ŏ}",1,17.0,GAL,+,f,f,42,−,F,B,2.5,−,2,−,a,255.0,2.5,2.0
29,F-,"ˈ#_{ĕ,ŏ}",1,17.0,ASL,+,f (ḥ),f (h),115,−,F,B (H),,−,2,−,a,255.0,-0.166666667,2.0
30,F-,"ˈ#_{ĕ,ŏ}",1,17.0,CAS ESP,+,f,ɸ~f,114,−,F,B,2.75,−,2,−,a,255.0,2.75,2.0
31,F-,"ˈ#_{ĕ,ŏ}",1,17.0,AND ESP,+,f,ɸ~f,114,−,F,B,2.75,−,2,−,a,255.0,2.75,2.0
32,F-,"ˈ#_{ĕ,ŏ}",1,17.0,ARG,+,f,f,42,−,F,B,2.5,−,2,−,a,255.0,2.5,2.0
0,F-,"#_{a,ē,i,ō,u}",1,18.0,BR POR,+,f,f,42,−,F,B,2.5,−,2,−,a,255.0,2.5,2.0
1,F-,"#_{a,ē,i,ō,u}",1,18.0,AMR ESP,−,h,∅,,−,∅,H,-6,−,0,−,a,255.0,0.0,0.0
2,F-,"#_{a,ē,i,ō,u}",1,18.0,LAT,+,F,ɸ~f,114,−,F,B,2.75,−,2,−,a,255.0,2.75,2.0
3,F-,"#_{a,ē,i,ō,u}",1,18.0,CAT,+,f,f,42,−,F,B,2.5,−,2,−,a,255.0,2.5,2.0
4,F-,"#_{a,ē,i,ō,u}",1,18.0,VAL,+,f,f,42,−,F,B,2.5,−,2,−,a,255.0,2.5,2.0
5,F-,"#_{a,ē,i,ō,u}",1,18.0,BAL,+,f,f,42,−,F,B,2.5,−,2,−,a,255.0,2.5,2.0
6,F-,"#_{a,ē,i,ō,u}",1,18.0,OCC,+,f,f,42,−,F,B,2.5,−,2,−,a,255.0,2.5,2.0
7,F-,"#_{a,ē,i,ō,u}",1,18.0,GAS OCC,+,f,f,42,−,F,B,2.5,−,2,−,a,255.0,2.5,2.0
8,F-,"#_{a,ē,i,ō,u}",1,18.0,EU FRA,+,f,f,42,−,F,B,2.5,−,2,−,a,255.0,2.5,2.0
9,F-,"#_{a,ē,i,ō,u}",1,18.0,QBC FRA,+,f,f,42,−,F,B,2.5,−,2,−,a,255.0,2.5,2.0
10,F-,"#_{a,ē,i,ō,u}",1,18.0,WAL,+,f,f,42,−,F,B,2.5,−,2,−,a,255.0,2.5,2.0
11,F-,"#_{a,ē,i,ō,u}",1,18.0,ARP,+,f,f,42,−,F,B,2.5,−,2,−,a,255.0,2.5,2.0
12,F-,"#_{a,ē,i,ō,u}",1,18.0,LIG,+,f,f,42,−,F,B,2.5,−,2,−,a,255.0,2.5,2.0
13,F-,"#_{a,ē,i,ō,u}",1,18.0,EU POR,+,f,f,42,−,F,B,2.5,−,2,−,a,255.0,2.5,2.0
14,F-,"#_{a,ē,i,ō,u}",1,18.0,LMO,+,f,f,42,−,F,B,2.5,−,2,−,a,255.0,2.5,2.0
15,F-,"#_{a,ē,i,ō,u}",1,18.0,RMH,+,f,f,42,−,F,B,2.5,−,2,−,a,255.0,2.5,2.0
16,F-,"#_{a,ē,i,ō,u}",1,18.0,FUR,+,f,f,42,−,F,B,2.5,−,2,−,a,255.0,2.5,2.0
17,F-,"#_{a,ē,i,ō,u}",1,18.0,LOG SRD,+,f,f,42,−,F,B,2.5,−,2,−,a,255.0,2.5,2.0
18,F-,"#_{a,ē,i,ō,u}",1,18.0,CPN SRD,+,f,f,42,−,F,B,2.5,−,2,−,a,255.0,2.5,2.0
19,F-,"#_{a,ē,i,ō,u}",1,18.0,COR,+,f,f,42,−,F,B,2.5,−,2,−,a,255.0,2.5,2.0
20,F-,"#_{a,ē,i,ō,u}",1,18.0,ITA,+,f,f,42,−,F,B,2.5,−,2,−,a,255.0,2.5,2.0
21,F-,"#_{a,ē,i,ō,u}",1,18.0,ABR,+,f,f,42,−,F,B,2.5,−,2,−,a,255.0,2.5,2.0
22,F-,"#_{a,ē,i,ō,u}",1,18.0,CAM,+,f,f,42,−,F,B,2.5,−,2,−,a,255.0,2.5,2.0
23,F-,"#_{a,ē,i,ō,u}",1,18.0,PGL,+,f,f,42,−,F,B,2.5,−,2,−,a,255.0,2.5,2.0
24,F-,"#_{a,ē,i,ō,u}",1,18.0,SCN,+,f,f,42,−,F,B,2.5,−,2,−,a,255.0,2.5,2.0
25,F-,"#_{a,ē,i,ō,u}",1,18.0,VEN,+,f,f,42,−,F,B,2.5,−,2,−,a,255.0,2.5,2.0
26,F-,"#_{a,ē,i,ō,u}",1,18.0,ARO,+,f,f,42,−,F,B,2.5,−,2,−,a,255.0,2.5,2.0
27,F-,"#_{a,ē,i,ō,u}",1,18.0,ROM,+,f,f,42,−,F,B,2.5,−,2,−,a,255.0,2.5,2.0
28,F-,"#_{a,ē,i,ō,u}",1,18.0,GAL,+,f,f,42,−,F,B,2.5,−,2,−,a,255.0,2.5,2.0
29,F-,"#_{a,ē,i,ō,u}",1,18.0,ASL,+,f (ḥ),f (h),115,−,F,B (H),,−,2,−,a,255.0,-0.166666667,2.0
30,F-,"#_{a,ē,i,ō,u}",1,18.0,CAS ESP,−,h,∅,,−,∅,H,-6,−,0,−,a,255.0,0.0,0.0
31,F-,"#_{a,ē,i,ō,u}",1,18.0,AND ESP,−,h,h~∅,116,−,F~∅,H,-6,−,1,−,a,255.0,-6.0,1.0
32,F-,"#_{a,ē,i,ō,u}",1,18.0,ARG,+,f,f,42,−,F,B,2.5,−,2,−,a,255.0,2.5,2.0
0,V-,#_E,1,19.0,BR POR,+,v,v,43,−,F,B,2.5,−,2,+,a,0.0,2.5,2.0
1,V-,#_E,1,19.0,AMR ESP,+,v,b,2,−,P,B,3,−,4,+,a,0.0,3.0,4.0
2,V-,#_E,1,19.0,LAT,+,V,w,97,−,W,BK,0,−,,+,a,0.0,0.0,0.333333333
3,V-,#_E,1,19.0,CAT,+,v,b,2,−,P,B,3,−,4,+,a,0.0,3.0,4.0
4,V-,#_E,1,19.0,VAL,+,v,v,43,−,F,B,2.5,−,2,+,a,0.0,2.5,2.0
5,V-,#_E,1,19.0,BAL,+,v,v,43,−,F,B,2.5,−,2,+,a,0.0,2.5,2.0
6,V-,#_E,1,19.0,OCC,+,v,b~v,117,−,P~F,B,,−,,+,a,0.0,2.75,3.0
7,V-,#_E,1,19.0,GAS OCC,+,v,b,2,−,P,B,3,−,4,+,a,0.0,3.0,4.0
8,V-,#_E,1,19.0,EU FRA,+,v,v,43,−,F,B,2.5,−,2,+,a,0.0,2.5,2.0
9,V-,#_E,1,19.0,QBC FRA,+,v,v,43,−,F,B,2.5,−,2,+,a,0.0,2.5,2.0
11,V-,#_E,1,19.0,ARP,+,v,v,43,−,F,B,2.5,−,2,+,a,0.0,2.5,2.0
13,V-,#_E,1,19.0,EU POR,+,v,v (b),261,−,F,B,,−,,+,a,0.0,2.625,2.5
14,V-,#_E,1,19.0,LMO,+,v,v,43,−,F,B,2.5,−,2,+,a,0.0,2.5,2.0
17,V-,#_E,1,19.0,LOG SRD,+,b,b,2,−,P,B,3,−,4,+,a,0.0,3.0,4.0
18,V-,#_E,1,19.0,CPN SRD,+,b,b,2,−,P,B,3,−,4,+,a,0.0,3.0,4.0
20,V-,#_E,1,19.0,ITA,+,v,v,43,−,F,B,2.5,−,2,+,a,0.0,2.5,2.0
22,V-,#_E,1,19.0,CAM,+,v,v,43,−,F,B,2.5,−,2,+,a,0.0,2.5,2.0
24,V-,#_E,1,19.0,SCN,+,v,v,43,−,F,B,2.5,−,2,+,a,0.0,2.5,2.0
25,V-,#_E,1,19.0,VEN,+,v,v,43,−,F,B,2.5,−,2,+,a,0.0,2.5,2.0
26,V-,#_E,1,19.0,ARO,+,v,v,43,−,F,B,2.5,−,2,+,a,0.0,2.5,2.0
27,V-,#_E,1,19.0,ROM,+,v,v,43,−,F,B,2.5,−,2,+,a,0.0,2.5,2.0
28,V-,#_E,1,19.0,GAL,+,v,b,2,−,P,B,3,−,4,+,a,0.0,3.0,4.0
29,V-,#_E,1,19.0,ASL,+,v,b,2,−,P,B,3,−,4,+,a,0.0,3.0,4.0
30,V-,#_E,1,19.0,CAS ESP,+,v,b,2,−,P,B,3,−,4,+,a,0.0,3.0,4.0
31,V-,#_E,1,19.0,AND ESP,+,v,b,2,−,P,B,3,−,4,+,a,0.0,3.0,4.0
0,V-,"#_{a,O}",1,20.0,BR POR,+,v,v,43,−,F,B,2.5,−,2,+,a,0.0,2.5,2.0
1,V-,"#_{a,O}",1,20.0,AMR ESP,+,v,b,2,−,P,B,3,−,4,+,a,0.0,3.0,4.0
2,V-,"#_{a,O}",1,20.0,LAT,+,V,w,97,−,W,BK,0,−,,+,a,0.0,0.0,0.333333333
3,V-,"#_{a,O}",1,20.0,CAT,+,v,b,2,−,P,B,3,−,4,+,a,0.0,3.0,4.0
4,V-,"#_{a,O}",1,20.0,VAL,+,v,v,43,−,F,B,2.5,−,2,+,a,0.0,2.5,2.0
5,V-,"#_{a,O}",1,20.0,BAL,+,v,v,43,−,F,B,2.5,−,2,+,a,0.0,2.5,2.0
6,V-,"#_{a,O}",1,20.0,OCC,+,v,b~v,117,−,P~F,B,,−,,+,a,0.0,2.75,3.0
7,V-,"#_{a,O}",1,20.0,GAS OCC,+,v,b,2,−,P,B,3,−,4,+,a,0.0,3.0,4.0
8,V-,"#_{a,O}",1,20.0,EU FRA,+,v,v,43,−,F,B,2.5,−,2,+,a,0.0,2.5,2.0
9,V-,"#_{a,O}",1,20.0,QBC FRA,+,v,v,43,−,F,B,2.5,−,2,+,a,0.0,2.5,2.0
11,V-,"#_{a,O}",1,20.0,ARP,+,v,v,43,−,F,B,2.5,−,2,+,a,0.0,2.5,2.0
13,V-,"#_{a,O}",1,20.0,EU POR,+,v,v (b),261,−,F,B,,−,,+,a,0.0,2.625,2.5
14,V-,"#_{a,O}",1,20.0,LMO,+,v,v,43,−,F,B,2.5,−,2,+,a,0.0,2.5,2.0
17,V-,"#_{a,O}",1,20.0,LOG SRD,+,b,b,2,−,P,B,3,−,4,+,a,0.0,3.0,4.0
18,V-,"#_{a,O}",1,20.0,CPN SRD,+,b,b,2,−,P,B,3,−,4,+,a,0.0,3.0,4.0
20,V-,"#_{a,O}",1,20.0,ITA,+,v,v,43,−,F,B,2.5,−,2,+,a,0.0,2.5,2.0
22,V-,"#_{a,O}",1,20.0,CAM,+,v,v,43,−,F,B,2.5,−,2,+,a,0.0,2.5,2.0
24,V-,"#_{a,O}",1,20.0,SCN,+,v,v,43,−,F,B,2.5,−,2,+,a,0.0,2.5,2.0
25,V-,"#_{a,O}",1,20.0,VEN,+,v,v,43,−,F,B,2.5,−,2,+,a,0.0,2.5,2.0
26,V-,"#_{a,O}",1,20.0,ARO,+,v,v,43,−,F,B,2.5,−,2,+,a,0.0,2.5,2.0
27,V-,"#_{a,O}",1,20.0,ROM,+,v,v,43,−,F,B,2.5,−,2,+,a,0.0,2.5,2.0
28,V-,"#_{a,O}",1,20.0,GAL,+,v,b,2,−,P,B,3,−,4,+,a,0.0,3.0,4.0
29,V-,"#_{a,O}",1,20.0,ASL,+,v,b,2,−,P,B,3,−,4,+,a,0.0,3.0,4.0
30,V-,"#_{a,O}",1,20.0,CAS ESP,+,v,b,2,−,P,B,3,−,4,+,a,0.0,3.0,4.0
31,V-,"#_{a,O}",1,20.0,AND ESP,+,v,b,2,−,P,B,3,−,4,+,a,0.0,3.0,4.0
0,S-,ˈ#_E,1,21.0,BR POR,+,s,s,50,−,F,D,1,+,2,−,a,255.0,1.0,2.0
1,S-,ˈ#_E,1,21.0,AMR ESP,+,s,s,50,−,F,D,1,+,2,−,a,255.0,1.0,2.0
2,S-,ˈ#_E,1,21.0,LAT,+,S,s̠,52,−,F,D,0.5,+,2,−,a,255.0,0.5,2.0
3,S-,ˈ#_E,1,21.0,CAT,+,s,s̠,52,−,F,D,0.5,+,2,−,a,255.0,0.5,2.0
4,S-,ˈ#_E,1,21.0,VAL,+,s,s̠,52,−,F,D,0.5,+,2,−,a,255.0,0.5,2.0
5,S-,ˈ#_E,1,21.0,BAL,+,s,s̠,52,−,F,D,0.5,+,2,−,a,255.0,0.5,2.0
6,S-,ˈ#_E,1,21.0,OCC,+,s,s̠,52,−,F,D,0.5,+,2,−,a,255.0,0.5,2.0
7,S-,ˈ#_E,1,21.0,GAS OCC,+,s,s̠,52,−,F,D,0.5,+,2,−,a,255.0,0.5,2.0
8,S-,ˈ#_E,1,21.0,EU FRA,+,s,s̪,48,−,F,D,,+,2,−,a,255.0,1.333333333,2.0
9,S-,ˈ#_E,1,21.0,QBC FRA,+,s,s̪,48,−,F,D,,+,2,−,a,255.0,1.333333333,2.0
10,S-,ˈ#_E,1,21.0,WAL,+,s,s̪,48,−,F,D,,+,2,−,a,255.0,1.333333333,2.0
11,S-,ˈ#_E,1,21.0,ARP,+,s,s,50,−,F,D,1,+,2,−,a,255.0,1.0,2.0
12,S-,ˈ#_E,1,21.0,LIG,+,s,s,50,−,F,D,1,+,2,−,a,255.0,1.0,2.0
13,S-,ˈ#_E,1,21.0,EU POR,+,s,s (s̠),118,−,F,D,,+,2,−,a,255.0,0.875,2.0
14,S-,ˈ#_E,1,21.0,LMO,+,s,s̠,52,−,F,D,0.5,+,2,−,a,255.0,0.5,2.0
15,S-,ˈ#_E,1,21.0,RMH,+,s,s,50,−,F,D,1,+,2,−,a,255.0,1.0,2.0
16,S-,ˈ#_E,1,21.0,FUR,+,s,s̠~s,161,−,F,D,,+,2,−,a,255.0,0.75,2.0
17,S-,ˈ#_E,1,21.0,LOG SRD,+,s,s̠,52,−,F,D,0.5,+,2,−,a,255.0,0.5,2.0
18,S-,ˈ#_E,1,21.0,CPN SRD,+,s,s (s̠),118,−,F,D,,+,2,−,a,255.0,0.875,2.0
19,S-,ˈ#_E,1,21.0,COR,+,s,s,50,−,F,D,1,+,2,−,a,255.0,1.0,2.0
20,S-,ˈ#_E,1,21.0,ITA,+,s,s,50,−,F,D,1,+,2,−,a,255.0,1.0,2.0
21,S-,ˈ#_E,1,21.0,ABR,+,s,s,50,−,F,D,1,+,2,−,a,255.0,1.0,2.0
22,S-,ˈ#_E,1,21.0,CAM,+,s,s,50,−,F,D,1,+,2,−,a,255.0,1.0,2.0
23,S-,ˈ#_E,1,21.0,PGL,+,s,s,50,−,F,D,1,+,2,−,a,255.0,1.0,2.0
24,S-,ˈ#_E,1,21.0,SCN,+,s,s,50,−,F,D,1,+,2,−,a,255.0,1.0,2.0
25,S-,ˈ#_E,1,21.0,VEN,+,s,s̠,52,−,F,D,0.5,+,2,−,a,255.0,0.5,2.0
26,S-,ˈ#_E,1,21.0,ARO,+,s,s̪,48,−,F,D,,+,2,−,a,255.0,1.333333333,2.0
27,S-,ˈ#_E,1,21.0,ROM,+,s,s̪,48,−,F,D,,+,2,−,a,255.0,1.333333333,2.0
29,S-,ˈ#_E,1,21.0,ROM,+,ș,ʃ,56,−,F,Ɉ,-0.5,+,2,−,b,255.0,-0.5,2.0
30,S-,ˈ#_E,1,21.0,GAL,+,s,s̠ (s),122,−,F,D,,+,2,−,a,255.0,0.625,2.0
31,S-,ˈ#_E,1,21.0,ASL,+,s,s̠,52,−,F,D,0.5,+,2,−,a,255.0,0.5,2.0
32,S-,ˈ#_E,1,21.0,CAS ESP,+,s,s̠,52,−,F,D,0.5,+,2,−,a,255.0,0.5,2.0
33,S-,ˈ#_E,1,21.0,AND ESP,+,s,s̟,46,−,F,D,,+,2,−,a,255.0,1.666666667,2.0
34,S-,ˈ#_E,1,21.0,ARG,+,s,s̠,52,−,F,D,0.5,+,2,−,a,255.0,0.5,2.0
0,S-,#_Eˈ,1,22.0,BR POR,+,s,s,50,−,F,D,1,+,2,−,a,255.0,1.0,2.0
1,S-,#_Eˈ,1,22.0,AMR ESP,+,s,s,50,−,F,D,1,+,2,−,a,255.0,1.0,2.0
2,S-,#_Eˈ,1,22.0,LAT,+,S,s̠,52,−,F,D,0.5,+,2,−,a,255.0,0.5,2.0
3,S-,#_Eˈ,1,22.0,CAT,+,s,s̠,52,−,F,D,0.5,+,2,−,a,255.0,0.5,2.0
4,S-,#_Eˈ,1,22.0,VAL,+,s,s̠,52,−,F,D,0.5,+,2,−,a,255.0,0.5,2.0
5,S-,#_Eˈ,1,22.0,BAL,+,s,s̠,52,−,F,D,0.5,+,2,−,a,255.0,0.5,2.0
6,S-,#_Eˈ,1,22.0,OCC,+,s,s̠,52,−,F,D,0.5,+,2,−,a,255.0,0.5,2.0
7,S-,#_Eˈ,1,22.0,GAS OCC,+,s,s̠,52,−,F,D,0.5,+,2,−,a,255.0,0.5,2.0
8,S-,#_Eˈ,1,22.0,EU FRA,+,s,s̪,48,−,F,D,,+,2,−,a,255.0,1.333333333,2.0
9,S-,#_Eˈ,1,22.0,QBC FRA,+,s,s̪,48,−,F,D,,+,2,−,a,255.0,1.333333333,2.0
10,S-,#_Eˈ,1,22.0,WAL,+,s,s̪,48,−,F,D,,+,2,−,a,255.0,1.333333333,2.0
11,S-,#_Eˈ,1,22.0,ARP,+,s,s,50,−,F,D,1,+,2,−,a,255.0,1.0,2.0
12,S-,#_Eˈ,1,22.0,LIG,+,s,s,50,−,F,D,1,+,2,−,a,255.0,1.0,2.0
13,S-,#_Eˈ,1,22.0,EU POR,+,s,s (s̠),118,−,F,D,,+,2,−,a,255.0,0.875,2.0
14,S-,#_Eˈ,1,22.0,LMO,+,s,s̠,52,−,F,D,0.5,+,2,−,a,255.0,0.5,2.0
15,S-,#_Eˈ,1,22.0,RMH,+,s,s,50,−,F,D,1,+,2,−,a,255.0,1.0,2.0
16,S-,#_Eˈ,1,22.0,FUR,+,s,s̠~s,161,−,F,D,,+,2,−,a,255.0,0.75,2.0
17,S-,#_Eˈ,1,22.0,LOG SRD,+,s,s̠,52,−,F,D,0.5,+,2,−,a,255.0,0.5,2.0
18,S-,#_Eˈ,1,22.0,CPN SRD,+,s,s (s̠),118,−,F,D,,+,2,−,a,255.0,0.875,2.0
19,S-,#_Eˈ,1,22.0,COR,+,s,s,50,−,F,D,1,+,2,−,a,255.0,1.0,2.0
20,S-,#_Eˈ,1,22.0,ITA,+,s,s,50,−,F,D,1,+,2,−,a,255.0,1.0,2.0
21,S-,#_Eˈ,1,22.0,ABR,+,s,s,50,−,F,D,1,+,2,−,a,255.0,1.0,2.0
22,S-,#_Eˈ,1,22.0,CAM,+,s,s,50,−,F,D,1,+,2,−,a,255.0,1.0,2.0
23,S-,#_Eˈ,1,22.0,PGL,+,s,s,50,−,F,D,1,+,2,−,a,255.0,1.0,2.0
24,S-,#_Eˈ,1,22.0,SCN,+,s,s,50,−,F,D,1,+,2,−,a,255.0,1.0,2.0
25,S-,#_Eˈ,1,22.0,VEN,+,s,s̠,52,−,F,D,0.5,+,2,−,a,255.0,0.5,2.0
26,S-,#_Eˈ,1,22.0,ARO,+,s,s̪,48,−,F,D,,+,2,−,a,255.0,1.333333333,2.0
27,S-,#_Eˈ,1,22.0,ROM,+,s,s̪,48,−,F,D,,+,2,−,a,255.0,1.333333333,2.0
29,S-,#_Eˈ,1,22.0,ROM,+,ș,ʃ,56,−,F,Ɉ,-0.5,+,2,−,b,255.0,-0.5,2.0
30,S-,#_Eˈ,1,22.0,GAL,+,s,s̠ (s),122,−,F,D,,+,2,−,a,255.0,0.625,2.0
31,S-,#_Eˈ,1,22.0,ASL,+,s,s̠,52,−,F,D,0.5,+,2,−,a,255.0,0.5,2.0
32,S-,#_Eˈ,1,22.0,CAS ESP,+,s,s̠,52,−,F,D,0.5,+,2,−,a,255.0,0.5,2.0
33,S-,#_Eˈ,1,22.0,AND ESP,+,s,s̟,46,−,F,D,,+,2,−,a,255.0,1.666666667,2.0
34,S-,#_Eˈ,1,22.0,ARG,+,s,s̠,52,−,F,D,0.5,+,2,−,a,255.0,0.5,2.0
0,S-,"#_{a,O}",1,23.0,BR POR,+,s,s,50,−,F,D,1,+,2,−,a,255.0,1.0,2.0
1,S-,"#_{a,O}",1,23.0,AMR ESP,+,s,s,50,−,F,D,1,+,2,−,a,255.0,1.0,2.0
2,S-,"#_{a,O}",1,23.0,LAT,+,S,s̠,52,−,F,D,0.5,+,2,−,a,255.0,0.5,2.0
3,S-,"#_{a,O}",1,23.0,CAT,+,s,s̠,52,−,F,D,0.5,+,2,−,a,255.0,0.5,2.0
4,S-,"#_{a,O}",1,23.0,VAL,+,s,s̠,52,−,F,D,0.5,+,2,−,a,255.0,0.5,2.0
5,S-,"#_{a,O}",1,23.0,BAL,+,s,s̠,52,−,F,D,0.5,+,2,−,a,255.0,0.5,2.0
6,S-,"#_{a,O}",1,23.0,OCC,+,s,s̠,52,−,F,D,0.5,+,2,−,a,255.0,0.5,2.0
7,S-,"#_{a,O}",1,23.0,GAS OCC,+,s,s̠,52,−,F,D,0.5,+,2,−,a,255.0,0.5,2.0
8,S-,"#_{a,O}",1,23.0,EU FRA,+,s,s̪,48,−,F,D,,+,2,−,a,255.0,1.333333333,2.0
9,S-,"#_{a,O}",1,23.0,QBC FRA,+,s,s̪,48,−,F,D,,+,2,−,a,255.0,1.333333333,2.0
10,S-,"#_{a,O}",1,23.0,WAL,+,s,s̪,48,−,F,D,,+,2,−,a,255.0,1.333333333,2.0
11,S-,"#_{a,O}",1,23.0,ARP,+,s,s,50,−,F,D,1,+,2,−,a,255.0,1.0,2.0
12,S-,"#_{a,O}",1,23.0,LIG,+,s,s,50,−,F,D,1,+,2,−,a,255.0,1.0,2.0
13,S-,"#_{a,O}",1,23.0,EU POR,+,s,s (s̠),118,−,F,D,,+,2,−,a,255.0,0.875,2.0
14,S-,"#_{a,O}",1,23.0,LMO,+,s,s̠,52,−,F,D,0.5,+,2,−,a,255.0,0.5,2.0
15,S-,"#_{a,O}",1,23.0,RMH,+,s,s,50,−,F,D,1,+,2,−,a,255.0,1.0,2.0
16,S-,"#_{a,O}",1,23.0,FUR,+,s,s̠~s,161,−,F,D,,+,2,−,a,255.0,0.75,2.0
17,S-,"#_{a,O}",1,23.0,LOG SRD,+,s,s̠,52,−,F,D,0.5,+,2,−,a,255.0,0.5,2.0
18,S-,"#_{a,O}",1,23.0,CPN SRD,+,s,s (s̠),118,−,F,D,,+,2,−,a,255.0,0.875,2.0
19,S-,"#_{a,O}",1,23.0,COR,+,s,s,50,−,F,D,1,+,2,−,a,255.0,1.0,2.0
20,S-,"#_{a,O}",1,23.0,ITA,+,s,s,50,−,F,D,1,+,2,−,a,255.0,1.0,2.0
21,S-,"#_{a,O}",1,23.0,ABR,+,s,s,50,−,F,D,1,+,2,−,a,255.0,1.0,2.0
22,S-,"#_{a,O}",1,23.0,CAM,+,s,s,50,−,F,D,1,+,2,−,a,255.0,1.0,2.0
23,S-,"#_{a,O}",1,23.0,PGL,+,s,s,50,−,F,D,1,+,2,−,a,255.0,1.0,2.0
24,S-,"#_{a,O}",1,23.0,SCN,+,s,s,50,−,F,D,1,+,2,−,a,255.0,1.0,2.0
25,S-,"#_{a,O}",1,23.0,VEN,+,s,s̠,52,−,F,D,0.5,+,2,−,a,255.0,0.5,2.0
26,S-,"#_{a,O}",1,23.0,ARO,+,s,s̪,48,−,F,D,,+,2,−,a,255.0,1.333333333,2.0
27,S-,"#_{a,O}",1,23.0,ROM,+,s,s̪,48,−,F,D,,+,2,−,a,255.0,1.333333333,2.0
28,S-,"#_{a,O}",1,23.0,GAL,+,s,s̠ (s),122,−,F,D,,+,2,−,a,255.0,0.625,2.0
29,S-,"#_{a,O}",1,23.0,ASL,+,s,s̠,52,−,F,D,0.5,+,2,−,a,255.0,0.5,2.0
30,S-,"#_{a,O}",1,23.0,CAS ESP,+,s,s̠,52,−,F,D,0.5,+,2,−,a,255.0,0.5,2.0
31,S-,"#_{a,O}",1,23.0,AND ESP,+,s,s̟,46,−,F,D,,+,2,−,a,255.0,1.666666667,2.0
32,S-,"#_{a,O}",1,23.0,ARG,+,s,s̠,52,−,F,D,0.5,+,2,−,a,255.0,0.5,2.0
0,H-,#_,1,24.0,BR POR,−,h~∅,∅,,−,∅,H,-6,−,0,−,a,255.0,0.0,0.0
1,H-,#_,1,24.0,AMR ESP,−,h~∅,∅,,−,∅,H,-6,−,0,−,a,255.0,0.0,0.0
2,H-,#_,1,24.0,LAT,−,H (∅),h~∅,116,−,F~∅,H,-6,−,1,−,a,255.0,-6.0,1.0
3,H-,#_,1,24.0,CAT,−,h~∅,∅,,−,∅,H,-6,−,0,−,a,255.0,0.0,0.0
4,H-,#_,1,24.0,VAL,−,h~∅,∅,,−,∅,H,-6,−,0,−,a,255.0,0.0,0.0
5,H-,#_,1,24.0,BAL,−,h~∅,∅,,−,∅,H,-6,−,0,−,a,255.0,0.0,0.0
6,H-,#_,1,24.0,OCC,−,∅,∅,,−,∅,H,-6,−,0,−,a,255.0,0.0,0.0
7,H-,#_,1,24.0,GAS OCC,−,∅,∅,,−,∅,H,-6,−,0,−,a,255.0,0.0,0.0
8,H-,#_,1,24.0,EU FRA,−,h~∅,∅,,−,∅,H,-6,−,0,−,a,255.0,0.0,0.0
9,H-,#_,1,24.0,QBC FRA,−,h~∅,∅,,−,∅,H,-6,−,0,−,a,255.0,0.0,0.0
10,H-,#_,1,24.0,WAL,−,h,h~∅,116,−,F~∅,H,-6,−,1,−,a,255.0,-6.0,1.0
11,H-,#_,1,24.0,ARP,−,h~∅,∅,,−,∅,H,-6,−,0,−,a,255.0,0.0,0.0
12,H-,#_,1,24.0,LIG,−,∅,∅,,−,∅,H,-6,−,0,−,a,255.0,0.0,0.0
13,H-,#_,1,24.0,EU POR,−,h/∅,∅,,−,∅,H,-6,−,0,−,a,255.0,0.0,0.0
14,H-,#_,1,24.0,LMO,−,∅,∅,,−,∅,H,-6,−,0,−,a,255.0,0.0,0.0
15,H-,#_,1,24.0,RMH,−,∅,∅,,−,∅,H,-6,−,0,−,a,255.0,0.0,0.0
16,H-,#_,1,24.0,FUR,−,∅,∅,,−,∅,H,-6,−,0,−,a,255.0,0.0,0.0
17,H-,#_,1,24.0,LOG SRD,−,∅,∅,,−,∅,H,-6,−,0,−,a,255.0,0.0,0.0
18,H-,#_,1,24.0,CPN SRD,−,∅,∅,,−,∅,H,-6,−,0,−,a,255.0,0.0,0.0
19,H-,#_,1,24.0,COR,−,∅,∅,,−,∅,H,-6,−,0,−,a,255.0,0.0,0.0
20,H-,#_,1,24.0,ITA,−,∅,∅,,−,∅,H,-6,−,0,−,a,255.0,0.0,0.0
21,H-,#_,1,24.0,ABR,−,∅,∅,,−,∅,H,-6,−,0,−,a,255.0,0.0,0.0
22,H-,#_,1,24.0,CAM,−,∅,∅,,−,∅,H,-6,−,0,−,a,255.0,0.0,0.0
23,H-,#_,1,24.0,PGL,−,∅,∅,,−,∅,H,-6,−,0,−,a,255.0,0.0,0.0
24,H-,#_,1,24.0,SCN,−,∅,∅,,−,∅,H,-6,−,0,−,a,255.0,0.0,0.0
25,H-,#_,1,24.0,VEN,−,∅,∅,,−,∅,H,-6,−,0,−,a,255.0,0.0,0.0
26,H-,#_,1,24.0,ARO,−,∅,∅,,−,∅,H,-6,−,0,−,a,255.0,0.0,0.0
27,H-,#_,1,24.0,ROM,−,∅,∅,,−,∅,H,-6,−,0,−,a,255.0,0.0,0.0
29,H-,#_,1,24.0,WAL,−,∅,∅,,−,∅,H,-6,−,0,−,b,255.0,0.0,0.0
30,H-,#_,1,24.0,ITA,−,∅/h,∅,,−,∅,H,-6,−,0,−,b,255.0,0.0,0.0
31,H-,#_,1,24.0,CAM,−,∅/h,∅,,−,∅,H,-6,−,0,−,b,255.0,0.0,0.0
32,H-,#_,1,24.0,SCN,−,∅/h,∅,,−,∅,H,-6,−,0,−,b,255.0,0.0,0.0
33,H-,#_,1,24.0,GAL,−,h~∅,∅,,−,∅,H,-6,−,0,−,a,255.0,0.0,0.0
34,H-,#_,1,24.0,ASL,−,h~∅,∅,,−,∅,H,-6,−,0,−,a,255.0,0.0,0.0
35,H-,#_,1,24.0,CAS ESP,−,h~∅,∅,,−,∅,H,-6,−,0,−,a,255.0,0.0,0.0
36,H-,#_,1,24.0,AND ESP,−,h~∅,∅,,−,∅,H,-6,−,0,−,a,255.0,0.0,0.0
37,H-,#_,1,24.0,ARG,−,h~∅,∅,,−,∅,H,-6,−,0,−,a,255.0,0.0,0.0
0,R-,#_,1,25.0,BR POR,+,r,x~h,124,−,F,K~H,,−,2,−,a,255.0,-4.5,2.0
1,R-,#_,1,25.0,AMR ESP,+,r,r,79,−,L,D,0.75,−,1.25,+,a,0.0,0.75,1.25
2,R-,#_,1,25.0,LAT,+,R,r,79,−,L,D,0.75,−,1.25,+,a,0.0,0.75,1.25
3,R-,#_,1,25.0,CAT,+,r,r̠,141,−,L,Ɉ,-0.5,−,1.25,+,a,0.0,-0.5,1.25
4,R-,#_,1,25.0,VAL,+,r,r̠,141,−,L,Ɉ,-0.5,−,1.25,+,a,0.0,-0.5,1.25
5,R-,#_,1,25.0,BAL,+,r,r̠,141,−,L,Ɉ,-0.5,−,1.25,+,a,0.0,-0.5,1.25
6,R-,#_,1,25.0,OCC,+,r,r (ʀ),127,−,L,D (Q),,−,1.25,+,a,0.0,-0.833333333,1.25
7,R-,#_,1,25.0,GAS OCC,+,r,r,79,−,L,D,0.75,−,1.25,+,a,0.0,0.75,1.25
8,R-,#_,1,25.0,EU FRA,+,r,ʁ (ʀ),142,−,F (L),Q,-4,−,,+,a,0.0,-4.0,1.75
9,R-,#_,1,25.0,QBC FRA,+,r,ʁ (ʀ),142,−,F (L),Q,-4,−,,+,a,0.0,-4.0,1.75
10,R-,#_,1,25.0,WAL,+,r,ʀ,81,−,L,Q,-4,−,1.25,+,a,0.0,-4.0,1.25
11,R-,#_,1,25.0,ARP,+,r,r (ʀ),127,−,L,D (Q),,−,1.25,+,a,0.0,-0.833333333,1.25
12,R-,#_,1,25.0,LIG,+,r,r,79,−,L,D,0.75,−,1.25,+,a,0.0,0.75,1.25
13,R-,#_,1,25.0,EU POR,+,r,ʁ (r),123,−,F (L),Q (D),,−,,+,a,0.0,2.416666667,1.75
14,R-,#_,1,25.0,LMO,+,r,r,79,−,L,D,0.75,−,1.25,+,a,0.0,0.75,1.25
15,R-,#_,1,25.0,RMH,+,r,r (ʁ),132,−,L (F),D (Q),,−,,+,a,0.0,-0.833333333,1.5
16,R-,#_,1,25.0,FUR,+,r,r,79,−,L,D,0.75,−,1.25,+,a,0.0,0.75,1.25
17,R-,#_,1,25.0,LOG SRD,+,r,r,79,−,L,D,0.75,−,1.25,+,a,0.0,0.75,1.25
18,R-,#_,1,25.0,CPN SRD,+,r,r,79,−,L,D,0.75,−,1.25,+,a,0.0,0.75,1.25
19,R-,#_,1,25.0,COR,+,r,r,79,−,L,D,0.75,−,1.25,+,a,0.0,0.75,1.25
20,R-,#_,1,25.0,ITA,+,r,r,79,−,L,D,0.75,−,1.25,+,a,0.0,0.75,1.25
21,R-,#_,1,25.0,ABR,+,r,r,79,−,L,D,0.75,−,1.25,+,a,0.0,0.75,1.25
22,R-,#_,1,25.0,CAM,+,r,r,79,−,L,D,0.75,−,1.25,+,a,0.0,0.75,1.25
23,R-,#_,1,25.0,PGL,+,r,r,79,−,L,D,0.75,−,1.25,+,a,0.0,0.75,1.25
24,R-,#_,1,25.0,SCN,+,r,ʐː~rː,128,−,FF~LL,Ɉ~D,,+/−,,+,a,0.0,-0.25,2.03125
25,R-,#_,1,25.0,VEN,+,r,r,79,−,L,D,0.75,−,1.25,+,a,0.0,0.75,1.25
26,R-,#_,1,25.0,ARO,+,r,ɾ̪,82,−,L,D,,−,1,+,a,0.0,1.666666667,1.0
27,R-,#_,1,25.0,ROM,+,r,ɾ̪,82,−,L,D,,−,1,+,a,0.0,1.666666667,1.0
28,R-,#_,1,25.0,GAL,+,r,r,79,−,L,D,0.75,−,1.25,+,a,0.0,0.75,1.25
29,R-,#_,1,25.0,ASL,+,r,r,79,−,L,D,0.75,−,1.25,+,a,0.0,0.75,1.25
30,R-,#_,1,25.0,CAS ESP,+,r,r,79,−,L,D,0.75,−,1.25,+,a,0.0,0.75,1.25
31,R-,#_,1,25.0,AND ESP,+,r,r,79,−,L,D,0.75,−,1.25,+,a,0.0,0.75,1.25
32,R-,#_,1,25.0,ARG,+,r,r,79,−,L,D,0.75,−,1.25,+,a,0.0,0.75,1.25
0,L-,#_E,1,26.0,BR POR,+,l,l,85,+,LW,D,0.75,−,0.75,+,a,0.0,0.75,0.75
1,L-,#_E,1,26.0,AMR ESP,+,l,l,85,+,LW,D,0.75,−,0.75,+,a,0.0,0.75,0.75
2,L-,#_E,1,26.0,LAT,+,L,ɫ̪,87,+,LW,DQ,,−,0.75,+,a,0.0,-1.166666667,0.75
3,L-,#_E,1,26.0,CAT,+,ll,ȴ [ʎ̟],86,+,LW,Ɉ,0,−,0.75,+,a,0.0,0.0,0.75
4,L-,#_E,1,26.0,VAL,+,ll,ȴ [ʎ̟],86,+,LW,Ɉ,0,−,0.75,+,a,0.0,0.0,0.75
5,L-,#_E,1,26.0,BAL,+,ll,ȴ [ʎ̟],86,+,LW,Ɉ,0,−,0.75,+,a,0.0,0.0,0.75
6,L-,#_E,1,26.0,OCC,+,l,l,85,+,LW,D,0.75,−,0.75,+,a,0.0,0.75,0.75
7,L-,#_E,1,26.0,GAS OCC,+,l,l,85,+,LW,D,0.75,−,0.75,+,a,0.0,0.75,0.75
8,L-,#_E,1,26.0,EU FRA,+,l,l,85,+,LW,D,0.75,−,0.75,+,a,0.0,0.75,0.75
9,L-,#_E,1,26.0,QBC FRA,+,l,l,85,+,LW,D,0.75,−,0.75,+,a,0.0,0.75,0.75
10,L-,#_E,1,26.0,WAL,+,l,l,85,+,LW,D,0.75,−,0.75,+,a,0.0,0.75,0.75
11,L-,#_E,1,26.0,ARP,+,l,l,85,+,LW,D,0.75,−,0.75,+,a,0.0,0.75,0.75
12,L-,#_E,1,26.0,LIG,+,l,l,85,+,LW,D,0.75,−,0.75,+,a,0.0,0.75,0.75
13,L-,#_E,1,26.0,EU POR,+,l,ɫ̪,87,+,LW,DQ,,−,0.75,+,a,0.0,-1.166666667,0.75
14,L-,#_E,1,26.0,LMO,+,l,l,85,+,LW,D,0.75,−,0.75,+,a,0.0,0.75,0.75
15,L-,#_E,1,26.0,RMH,+,l,l,85,+,LW,D,0.75,−,0.75,+,a,0.0,0.75,0.75
16,L-,#_E,1,26.0,FUR,+,l,l,85,+,LW,D,0.75,−,0.75,+,a,0.0,0.75,0.75
17,L-,#_E,1,26.0,LOG SRD,+,l,l,85,+,LW,D,0.75,−,0.75,+,a,0.0,0.75,0.75
18,L-,#_E,1,26.0,CPN SRD,+,l,l,85,+,LW,D,0.75,−,0.75,+,a,0.0,0.75,0.75
19,L-,#_E,1,26.0,COR,+,l,l,85,+,LW,D,0.75,−,0.75,+,a,0.0,0.75,0.75
20,L-,#_E,1,26.0,ITA,+,l,l,85,+,LW,D,0.75,−,0.75,+,a,0.0,0.75,0.75
21,L-,#_E,1,26.0,ABR,+,l,l,85,+,LW,D,0.75,−,0.75,+,a,0.0,0.75,0.75
22,L-,#_E,1,26.0,CAM,+,l,l,85,+,LW,D,0.75,−,0.75,+,a,0.0,0.75,0.75
23,L-,#_E,1,26.0,PGL,+,l,l,85,+,LW,D,0.75,−,0.75,+,a,0.0,0.75,0.75
24,L-,#_E,1,26.0,SCN,+,l,l,85,+,LW,D,0.75,−,0.75,+,a,0.0,0.75,0.75
25,L-,#_E,1,26.0,VEN,+,ł/l,l (ɰ),240,+ (−),LW (W),D (K),,−,,+,a,0.0,-0.5,0.611111111
26,L-,#_E,1,26.0,ARO,+,l,l,85,+,LW,D,0.75,−,0.75,+,a,0.0,0.75,0.75
27,L-,#_E,1,26.0,ROM,+,l,l,85,+,LW,D,0.75,−,0.75,+,a,0.0,0.75,0.75
29,L-,#_E,1,26.0,LAT,+,L,l̪ʲ,139,+,LW,Ɉ,,−,0.75,+,b,0.0,-0.166666667,0.75
30,L-,#_E,1,26.0,RMH,+,gl,ȴ [ʎ̟],86,+,LW,Ɉ,0,−,0.75,+,b,0.0,0.0,0.75
31,L-,#_E,1,26.0,GAL,+,l,l,85,+,LW,D,0.75,−,0.75,+,a,0.0,0.75,0.75
32,L-,#_E,1,26.0,ASL,+,ll (ḷḷ),ȴ[ʎ̟] (ʈ͡ʂ),129,+ (−),LW (P͡F),Ɉ,,− (+),,+ (−),a,85.0,-0.416666667,1.5
33,L-,#_E,1,26.0,CAS ESP,+,l,l,85,+,LW,D,0.75,−,0.75,+,a,0.0,0.75,0.75
34,L-,#_E,1,26.0,AND ESP,+,l,l,85,+,LW,D,0.75,−,0.75,+,a,0.0,0.75,0.75
0,L-,"#_{a,O}",1,27.0,BR POR,+,l,l,85,+,LW,D,0.75,−,0.75,+,a,0.0,0.75,0.75
1,L-,"#_{a,O}",1,27.0,AMR ESP,+,l,l,85,+,LW,D,0.75,−,0.75,+,a,0.0,0.75,0.75
2,L-,"#_{a,O}",1,27.0,LAT,+,L,ɫ̪,87,+,LW,DQ,,−,0.75,+,a,0.0,-1.166666667,0.75
3,L-,"#_{a,O}",1,27.0,CAT,+,ll,ȴ [ʎ̟],86,+,LW,Ɉ,0,−,0.75,+,a,0.0,0.0,0.75
4,L-,"#_{a,O}",1,27.0,VAL,+,ll,ȴ [ʎ̟],86,+,LW,Ɉ,0,−,0.75,+,a,0.0,0.0,0.75
5,L-,"#_{a,O}",1,27.0,BAL,+,ll,ȴ [ʎ̟],86,+,LW,Ɉ,0,−,0.75,+,a,0.0,0.0,0.75
6,L-,"#_{a,O}",1,27.0,OCC,+,l,l,85,+,LW,D,0.75,−,0.75,+,a,0.0,0.75,0.75
7,L-,"#_{a,O}",1,27.0,GAS OCC,+,l,l,85,+,LW,D,0.75,−,0.75,+,a,0.0,0.75,0.75
8,L-,"#_{a,O}",1,27.0,EU FRA,+,l,l,85,+,LW,D,0.75,−,0.75,+,a,0.0,0.75,0.75
9,L-,"#_{a,O}",1,27.0,QBC FRA,+,l,l,85,+,LW,D,0.75,−,0.75,+,a,0.0,0.75,0.75
10,L-,"#_{a,O}",1,27.0,WAL,+,l,l,85,+,LW,D,0.75,−,0.75,+,a,0.0,0.75,0.75
11,L-,"#_{a,O}",1,27.0,ARP,+,l,l,85,+,LW,D,0.75,−,0.75,+,a,0.0,0.75,0.75
12,L-,"#_{a,O}",1,27.0,LIG,+,l,l,85,+,LW,D,0.75,−,0.75,+,a,0.0,0.75,0.75
13,L-,"#_{a,O}",1,27.0,EU POR,+,l,ɫ̪,87,+,LW,DQ,,−,0.75,+,a,0.0,-1.166666667,0.75
14,L-,"#_{a,O}",1,27.0,LMO,+,l,l,85,+,LW,D,0.75,−,0.75,+,a,0.0,0.75,0.75
15,L-,"#_{a,O}",1,27.0,RMH,+,l,l,85,+,LW,D,0.75,−,0.75,+,a,0.0,0.75,0.75
16,L-,"#_{a,O}",1,27.0,FUR,+,l,l,85,+,LW,D,0.75,−,0.75,+,a,0.0,0.75,0.75
17,L-,"#_{a,O}",1,27.0,LOG SRD,+,l,l,85,+,LW,D,0.75,−,0.75,+,a,0.0,0.75,0.75
18,L-,"#_{a,O}",1,27.0,CPN SRD,+,l,l,85,+,LW,D,0.75,−,0.75,+,a,0.0,0.75,0.75
19,L-,"#_{a,O}",1,27.0,COR,+,l,l,85,+,LW,D,0.75,−,0.75,+,a,0.0,0.75,0.75
20,L-,"#_{a,O}",1,27.0,ITA,+,l,l,85,+,LW,D,0.75,−,0.75,+,a,0.0,0.75,0.75
21,L-,"#_{a,O}",1,27.0,ABR,+,l,l,85,+,LW,D,0.75,−,0.75,+,a,0.0,0.75,0.75
22,L-,"#_{a,O}",1,27.0,CAM,+,l,l,85,+,LW,D,0.75,−,0.75,+,a,0.0,0.75,0.75
23,L-,"#_{a,O}",1,27.0,PGL,+,l,l,85,+,LW,D,0.75,−,0.75,+,a,0.0,0.75,0.75
24,L-,"#_{a,O}",1,27.0,SCN,+,l,l,85,+,LW,D,0.75,−,0.75,+,a,0.0,0.75,0.75
25,L-,"#_{a,O}",1,27.0,VEN,+,ł/l,l (ɰ),274,+ (−),LW (W),D (K),,−,,+,a,0.0,-0.5,0.611111111
26,L-,"#_{a,O}",1,27.0,ARO,+,l,l,85,+,LW,D,0.75,−,0.75,+,a,0.0,0.75,0.75
27,L-,"#_{a,O}",1,27.0,ROM,+,l,l,85,+,LW,D,0.75,−,0.75,+,a,0.0,0.75,0.75
29,L-,"#_{a,O}",1,27.0,RMH,+,gl,ȴ [ʎ̟],86,+,LW,Ɉ,0,−,0.75,+,b,0.0,0.0,0.75
30,L-,"#_{a,O}",1,27.0,GAL,+,l,l,85,+,LW,D,0.75,−,0.75,+,a,0.0,0.75,0.75
31,L-,"#_{a,O}",1,27.0,ASL,+,ll (ḷḷ),ȴ[ʎ̟] (ʈ͡ʂ),129,+ (−),LW (P͡F),Ɉ,,− (+),,+ (−),a,85.0,-0.416666667,1.5
32,L-,"#_{a,O}",1,27.0,CAS ESP,+,l,l,85,+,LW,D,0.75,−,0.75,+,a,0.0,0.75,0.75
33,L-,"#_{a,O}",1,27.0,AND ESP,+,l,l,85,+,LW,D,0.75,−,0.75,+,a,0.0,0.75,0.75
0,J-,#_O,1,28.0,BR POR,+,j,ʒ,57,−,F,Ɉ,-0.5,+,2,+,a,0.0,-0.5,2.0
1,J-,#_O,1,28.0,AMR ESP,+,j,h,68,−,F,H,-6,−,2,+,a,0.0,-6.0,2.0
2,J-,#_O,1,28.0,LAT,+,I,j,98,−,W,Ɉ,-2,−,,+,a,0.0,-2.0,0.333333333
3,J-,#_O,1,28.0,CAT,+,j,ʒ,57,−,F,Ɉ,-0.5,+,2,+,a,0.0,-0.5,2.0
4,J-,#_O,1,28.0,VAL,+,j,d̠͡ʒ,35,−,P͡F,Ɉ,-0.5,+,3,+,a,0.0,-0.5,3.0
5,J-,#_O,1,28.0,BAL,+,j,ʒ,57,−,F,Ɉ,-0.5,+,2,+,a,0.0,-0.5,2.0
6,J-,#_O,1,28.0,OCC,+,g,̠d̠͡ʒ (d͡z̠),194,−,P͡F,Ɉ (D),,+,3,+,a,0.0,-0.166666667,3.0
7,J-,#_O,1,28.0,GAS OCC,+,g,ʒ,57,−,F,Ɉ,-0.5,+,2,+,a,0.0,-0.5,2.0
8,J-,#_O,1,28.0,EU FRA,+,j,ʒ,57,−,F,Ɉ,-0.5,+,2,+,a,0.0,-0.5,2.0
9,J-,#_O,1,28.0,QBC FRA,+,j,ʒ,57,−,F,Ɉ,-0.5,+,2,+,a,0.0,-0.5,2.0
10,J-,#_O,1,28.0,WAL,+,dj,d̠͡ʒ,35,−,P͡F,Ɉ,-0.5,+,3,+,a,0.0,-0.5,3.0
11,J-,#_O,1,28.0,ARP,+,j/g,d͡z~ð,107,−,P͡F~F,D,,+/−,,+,a,0.0,1.5,2.5
12,J-,#_O,1,28.0,LIG,+,z,z (d͡z),111,−,F (P͡F),D,1,+,,+,a,0.0,1.0,2.333333333
13,J-,#_O,1,28.0,EU POR,+,j,ʒ,57,−,F,Ɉ,-0.5,+,2,+,a,0.0,-0.5,2.0
14,J-,#_O,1,28.0,LMO,+,sg,d̠͡ʒ~z,108,−,P͡F~F,Ɉ~D,,+,,+,a,0.0,0.25,2.5
17,J-,#_O,1,28.0,LOG SRD,+,j,j,98,−,W,Ɉ,-2,−,,+,a,0.0,-2.0,0.333333333
18,J-,#_O,1,28.0,CPN SRD,+,gi,d̠͡ʒ,35,−,P͡F,Ɉ,-0.5,+,3,+,a,0.0,-0.5,3.0
20,J-,#_O,1,28.0,ITA,+,gi,d̠͡ʒ,35,−,P͡F,Ɉ,-0.5,+,3,+,a,0.0,-0.5,3.0
22,J-,#_O,1,28.0,CAM,+,j,j,98,−,W,Ɉ,-2,−,,+,a,0.0,-2.0,0.333333333
24,J-,#_O,1,28.0,SCN,+,j,j,98,−,W,Ɉ,-2,−,,+,a,0.0,-2.0,0.333333333
27,J-,#_O,1,28.0,ROM,+,j,ʒ,57,−,F,Ɉ,-0.5,+,2,+,a,0.0,-0.5,2.0
28,J-,#_O,1,28.0,GAL,+,x,ʃ,56,−,F,Ɉ,-0.5,+,2,−,a,255.0,-0.5,2.0
29,J-,#_O,1,28.0,ASL,+,x,ʃ,56,−,F,Ɉ,-0.5,+,2,−,a,255.0,-0.5,2.0
30,J-,#_O,1,28.0,CAS ESP,+,j,x,63,−,F,K,-3,−,2,−,a,255.0,-3.0,2.0
31,J-,#_O,1,28.0,AND ESP,+,j,h,68,−,F,H,-6,−,2,+,a,0.0,-6.0,2.0
32,J-,#_O,1,28.0,ARG,+,ch,t̠͡ʃ,34,−,P͡F,Ɉ,-0.5,+,3,−,a,255.0,-0.5,3.0
0,J-,"#_{a,E}ˈ",1,29.0,BR POR,+,j,ʒ,57,−,F,Ɉ,-0.5,+,2,+,a,0.0,-0.5,2.0
1,J-,"#_{a,E}ˈ",1,29.0,AMR ESP,−,∅,∅,,−,∅,Ɉ,-2,−,0,+,a,0.0,0.0,0.0
2,J-,"#_{a,E}ˈ",1,29.0,LAT,+,I,j,98,−,W,Ɉ,-2,−,,+,a,0.0,-2.0,0.333333333
3,J-,"#_{a,E}ˈ",1,29.0,CAT,+,j,ʒ,57,−,F,Ɉ,-0.5,+,2,+,a,0.0,-0.5,2.0
4,J-,"#_{a,E}ˈ",1,29.0,VAL,+,j,d̠͡ʒ,35,−,P͡F,Ɉ,-0.5,+,3,+,a,0.0,-0.5,3.0
5,J-,"#_{a,E}ˈ",1,29.0,BAL,+,j,ʒ,57,−,F,Ɉ,-0.5,+,2,+,a,0.0,-0.5,2.0
6,J-,"#_{a,E}ˈ",1,29.0,OCC,+,g,̠d̠͡ʒ (d͡z̠),194,−,P͡F,Ɉ (D),,+,3,+,a,0.0,-0.166666667,3.0
7,J-,"#_{a,E}ˈ",1,29.0,GAS OCC,+,g,ʒ,57,−,F,Ɉ,-0.5,+,2,+,a,0.0,-0.5,2.0
8,J-,"#_{a,E}ˈ",1,29.0,EU FRA,+,j/g,ʒ,57,−,F,Ɉ,-0.5,+,2,+,a,0.0,-0.5,2.0
9,J-,"#_{a,E}ˈ",1,29.0,QBC FRA,+,j/g,ʒ,57,−,F,Ɉ,-0.5,+,2,+,a,0.0,-0.5,2.0
10,J-,"#_{a,E}ˈ",1,29.0,WAL,+,dj,d̠͡ʒ,35,−,P͡F,Ɉ,-0.5,+,3,+,a,0.0,-0.5,3.0
11,J-,"#_{a,E}ˈ",1,29.0,ARP,+,j/g,d͡z~ð,107,−,P͡F~F,D,,+/−,,+,a,0.0,1.5,2.5
12,J-,"#_{a,E}ˈ",1,29.0,LIG,+,z,z (d͡z),111,−,F (P͡F),D,1,+,,+,a,0.0,1.0,2.333333333
13,J-,"#_{a,E}ˈ",1,29.0,EU POR,+,j,ʒ,57,−,F,Ɉ,-0.5,+,2,+,a,0.0,-0.5,2.0
14,J-,"#_{a,E}ˈ",1,29.0,LMO,+,sg,d̠͡ʒ~z,108,−,P͡F~F,Ɉ~D,,+,,+,a,0.0,0.25,2.5
20,J-,"#_{a,E}ˈ",1,29.0,ITA,+,gi,d̠͡ʒ,35,−,P͡F,Ɉ,-0.5,+,3,+,a,0.0,-0.5,3.0
22,J-,"#_{a,E}ˈ",1,29.0,CAM,+,j,j,98,−,W,Ɉ,-2,−,,+,a,0.0,-2.0,0.333333333
24,J-,"#_{a,E}ˈ",1,29.0,SCN,+,j,j,98,−,W,Ɉ,-2,−,,+,a,0.0,-2.0,0.333333333
27,J-,"#_{a,E}ˈ",1,29.0,ROM,+,j,ʒ,57,−,F,Ɉ,-0.5,+,2,+,a,0.0,-0.5,2.0
28,J-,"#_{a,E}ˈ",1,29.0,GAL,+,x,ʃ,56,−,F,Ɉ,-0.5,+,2,−,a,255.0,-0.5,2.0
29,J-,"#_{a,E}ˈ",1,29.0,ASL,+,x,ʃ,56,−,F,Ɉ,-0.5,+,2,−,a,255.0,-0.5,2.0
30,J-,"#_{a,E}ˈ",1,29.0,CAS ESP,−,∅,∅,,−,∅,Ɉ,-2,−,0,+,a,0.0,0.0,0.0
31,J-,"#_{a,E}ˈ",1,29.0,AND ESP,−,∅,∅,,−,∅,Ɉ,-2,−,0,+,a,0.0,0.0,0.0
32,J-,"#_{a,E}ˈ",1,29.0,ARG,+,ch,t̠͡ʃ,34,−,P͡F,Ɉ,-0.5,+,3,−,a,255.0,-0.5,3.0
0,J-,"ˈ#_{a,E}",1,30.0,BR POR,+,j,ʒ,57,−,F,Ɉ,-0.5,+,2,+,a,0.0,-0.5,2.0
1,J-,"ˈ#_{a,E}",1,30.0,AMR ESP,+,y,ɟ͡ʝ,39,−,P͡F,Ɉ,-2,−,3,+,a,0.0,-2.0,3.0
2,J-,"ˈ#_{a,E}",1,30.0,LAT,+,I,j,98,−,W,Ɉ,-2,−,,+,a,0.0,-2.0,0.333333333
3,J-,"ˈ#_{a,E}",1,30.0,CAT,+,j,ʒ,57,−,F,Ɉ,-0.5,+,2,+,a,0.0,-0.5,2.0
4,J-,"ˈ#_{a,E}",1,30.0,VAL,+,j,d̠͡ʒ,35,−,P͡F,Ɉ,-0.5,+,3,+,a,0.0,-0.5,3.0
5,J-,"ˈ#_{a,E}",1,30.0,BAL,+,j,ʒ,57,−,F,Ɉ,-0.5,+,2,+,a,0.0,-0.5,2.0
6,J-,"ˈ#_{a,E}",1,30.0,OCC,+,g,̠d̠͡ʒ (d͡z̠),194,−,P͡F,Ɉ (D),,+,3,+,a,0.0,-0.166666667,3.0
7,J-,"ˈ#_{a,E}",1,30.0,GAS OCC,+,g,ʒ,57,−,F,Ɉ,-0.5,+,2,+,a,0.0,-0.5,2.0
8,J-,"ˈ#_{a,E}",1,30.0,EU FRA,+,j/g,ʒ,57,−,F,Ɉ,-0.5,+,2,+,a,0.0,-0.5,2.0
9,J-,"ˈ#_{a,E}",1,30.0,QBC FRA,+,j/g,ʒ,57,−,F,Ɉ,-0.5,+,2,+,a,0.0,-0.5,2.0
10,J-,"ˈ#_{a,E}",1,30.0,WAL,+,dj,d̠͡ʒ,35,−,P͡F,Ɉ,-0.5,+,3,+,a,0.0,-0.5,3.0
11,J-,"ˈ#_{a,E}",1,30.0,ARP,+,j/g,d͡z~ð,107,−,P͡F~F,D,,+/−,,+,a,0.0,1.5,2.5
12,J-,"ˈ#_{a,E}",1,30.0,LIG,+,z,z (d͡z),111,−,F (P͡F),D,1,+,,+,a,0.0,1.0,2.333333333
13,J-,"ˈ#_{a,E}",1,30.0,EU POR,+,j,ʒ,57,−,F,Ɉ,-0.5,+,2,+,a,0.0,-0.5,2.0
14,J-,"ˈ#_{a,E}",1,30.0,LMO,+,sg,d̠͡ʒ~z,108,−,P͡F~F,Ɉ~D,,+,,+,a,0.0,0.25,2.5
18,J-,"ˈ#_{a,E}",1,30.0,CPN SRD,+,gi,d̠͡ʒ,35,−,P͡F,Ɉ,-0.5,+,3,+,a,0.0,-0.5,3.0
20,J-,"ˈ#_{a,E}",1,30.0,ITA,+,gi,d̠͡ʒ,35,−,P͡F,Ɉ,-0.5,+,3,+,a,0.0,-0.5,3.0
22,J-,"ˈ#_{a,E}",1,30.0,CAM,+,j,j,98,−,W,Ɉ,-2,−,,+,a,0.0,-2.0,0.333333333
24,J-,"ˈ#_{a,E}",1,30.0,SCN,+,j,j,98,−,W,Ɉ,-2,−,,+,a,0.0,-2.0,0.333333333
26,J-,"ˈ#_{a,E}",1,30.0,ARO,+,dz,d͡z̪,27,−,P͡F,D,,+,3,+,a,0.0,1.333333333,3.0
27,J-,"ˈ#_{a,E}",1,30.0,ROM,+,j,ʒ,57,−,F,Ɉ,-0.5,+,2,+,a,0.0,-0.5,2.0
28,J-,"ˈ#_{a,E}",1,30.0,GAL,+,x,ʃ,56,−,F,Ɉ,-0.5,+,2,−,a,255.0,-0.5,2.0
29,J-,"ˈ#_{a,E}",1,30.0,ASL,+,x,ʃ,56,−,F,Ɉ,-0.5,+,2,−,a,255.0,-0.5,2.0
30,J-,"ˈ#_{a,E}",1,30.0,CAS ESP,+,y,ɟ͡ʝ,39,−,P͡F,Ɉ,-2,−,3,+,a,0.0,-2.0,3.0
31,J-,"ˈ#_{a,E}",1,30.0,AND ESP,+,y,ɟ͡ʝ,39,−,P͡F,Ɉ,-2,−,3,+,a,0.0,-2.0,3.0
32,J-,"ˈ#_{a,E}",1,30.0,ARG,+,ch,t̠͡ʃ,34,−,P͡F,Ɉ,-0.5,+,3,−,a,255.0,-0.5,3.0
0,-P-,V_V,1,53.0,BR POR,+,b,b,2,−,P,B,3,−,4,+,a,0.0,3.0,4.0
1,-P-,V_V,1,53.0,AMR ESP,+,b,β̞,91,−,W,B,3,−,0.5,+,a,0.0,3.0,0.5
2,-P-,V_V,1,53.0,LAT,+,P,p,1,−,P,B,3,−,4,−,a,255.0,3.0,4.0
3,-P-,V_V,1,53.0,CAT,+,b,β~β̞,166,−,F~W,B,3,−,,+,a,0.0,3.0,1.25
4,-P-,V_V,1,53.0,VAL,+,b,b~β̞,164,−,P~W,B,3,−,,+,a,0.0,3.0,2.25
5,-P-,V_V,1,53.0,BAL,+,b,b~β,165,−,P~F,B,3,−,,+,a,0.0,3.0,3.0
6,-P-,V_V,1,53.0,OCC,+,b,b~β,165,−,P~F,B,3,−,,+,a,0.0,3.0,3.0
7,-P-,V_V,1,53.0,GAS OCC,+,b,β,41,−,F,B,3,−,2,+,a,0.0,3.0,2.0
8,-P-,V_V,1,53.0,EU FRA,+,v,v,43,−,F,B,2.5,−,2,+,a,0.0,2.5,2.0
9,-P-,V_V,1,53.0,QBC FRA,+,v,v,43,−,F,B,2.5,−,2,+,a,0.0,2.5,2.0
13,-P-,V_V,1,53.0,EU POR,+,b,β,41,−,F,B,3,−,2,+,a,0.0,3.0,2.0
20,-P-,V_V,1,53.0,ITA,+,p,p,1,−,P,B,3,−,4,−,a,255.0,3.0,4.0
26,-P-,V_V,1,53.0,ARO,+,p,p,1,−,P,B,3,−,4,−,a,255.0,3.0,4.0
27,-P-,V_V,1,53.0,ROM,+,p,p,1,−,P,B,3,−,4,−,a,255.0,3.0,4.0
28,-P-,V_V,1,53.0,GAL,+,b,β̞,91,−,W,B,3,−,0.5,+,a,0.0,3.0,0.5
29,-P-,V_V,1,53.0,ASL,+,b,β̞,91,−,W,B,3,−,0.5,+,a,0.0,3.0,0.5
30,-P-,V_V,1,53.0,CAS ESP,+,b,β̞,91,−,W,B,3,−,0.5,+,a,0.0,3.0,0.5
31,-P-,V_V,1,53.0,AND ESP,+,b,β̞,91,−,W,B,3,−,0.5,+,a,0.0,3.0,0.5
32,-P-,V_V,1,53.0,ARG,+,b,β̞,91,−,W,B,3,−,0.5,+,a,0.0,3.0,0.5
0,-B-,V_V,1,54.0,BR POR,+,v,v,43,−,F,B,2.5,−,2,+,a,0.0,2.5,2.0
1,-B-,V_V,1,54.0,AMR ESP,+,b,β̞,91,−,W,B,3,−,0.5,+,a,0.0,3.0,0.5
2,-B-,V_V,1,54.0,LAT,+,B,b~β,165,−,P~F,B,3,−,,+,a,0.0,3.0,3.0
3,-B-,V_V,1,54.0,CAT,+,v,β~β̞,166,−,F~W,B,3,−,,+,a,0.0,3.0,1.25
4,-B-,V_V,1,54.0,VAL,+,v,v~β̞,167,−,F~W,B,,−,,+,a,0.0,2.75,1.25
5,-B-,V_V,1,54.0,BAL,+,v,v,43,−,F,B,2.5,−,2,+,a,0.0,2.5,2.0
6,-B-,V_V,1,54.0,OCC,+,v,b~β,165,−,P~F,B,3,−,,+,a,0.0,3.0,3.0
7,-B-,V_V,1,54.0,GAS OCC,+,v,w,97,−,W,BK,0,−,,+,a,0.0,0.0,0.333333333
8,-B-,V_V,1,54.0,EU FRA,+,v,v,43,−,F,B,2.5,−,2,+,a,0.0,2.5,2.0
9,-B-,V_V,1,54.0,QBC FRA,+,v,v,43,−,F,B,2.5,−,2,+,a,0.0,2.5,2.0
13,-B-,V_V,1,54.0,EU POR,+,v,v,43,−,F,B,2.5,−,2,+,a,0.0,2.5,2.0
20,-B-,V_V,1,54.0,ITA,+,v,v,43,−,F,B,2.5,−,2,+,a,0.0,2.5,2.0
27,-B-,V_V,1,54.0,ROM,+/−,v/∅,v~∅,138,−,F~∅,B,2.5,−,,+/−,a,127.5,2.5,1.0
28,-B-,V_V,1,54.0,GAL,+,b,β̞,91,−,W,B,3,−,0.5,+,a,0.0,3.0,0.5
29,-B-,V_V,1,54.0,ASL,+,b,β̞,91,−,W,B,3,−,0.5,+,a,0.0,3.0,0.5
30,-B-,V_V,1,54.0,CAS ESP,+,b,β̞,91,−,W,B,3,−,0.5,+,a,0.0,3.0,0.5
31,-B-,V_V,1,54.0,AND ESP,+,b,β̞,91,−,W,B,3,−,0.5,+,a,0.0,3.0,0.5
32,-B-,V_V,1,54.0,ARG,+,b,β̞,91,−,W,B,3,−,0.5,+,a,0.0,3.0,0.5
0,-T-,V_E,1,55.0,BR POR,+,d,d̪,6,−,P,D,,−,4,+,a,0.0,1.666666667,4.0
1,-T-,V_E,1,55.0,AMR ESP,+,d,ð̞,92,−,W,D,,−,0.5,+,a,0.0,1.833333333,0.5
2,-T-,V_E,1,55.0,LAT,+,T,t̪,5,−,P,D,,−,4,−,a,255.0,1.666666667,4.0
3,-T-,V_E,1,55.0,CAT,+,d,ð~ð̞,170,−,F~W,D,,−,,+,a,0.0,1.916666667,1.25
7,-T-,V_E,1,55.0,GAS OCC,+,d,ð,45,−,F,D,2,−,2,+,a,0.0,2.0,2.0
8,-T-,V_E,1,55.0,EU FRA,−,∅,∅,,−,∅,D,,−,0,−,a,255.0,0.0,0.0
9,-T-,V_E,1,55.0,QBC FRA,−,∅,∅,,−,∅,D,,−,0,−,a,255.0,0.0,0.0
13,-T-,V_E,1,55.0,EU POR,+,d,ð,45,−,F,D,2,−,2,+,a,0.0,2.0,2.0
20,-T-,V_E,1,55.0,ITA,+,t,t̪,5,−,P,D,,−,4,−,a,255.0,1.666666667,4.0
26,-T-,V_E,1,55.0,ARO,+,t,t̪,5,−,P,D,,−,4,−,a,255.0,1.666666667,4.0
27,-T-,V_E,1,55.0,ROM,+,t,t̪,5,−,P,D,,−,4,−,a,255.0,1.666666667,4.0
29,-T-,V_E,1,55.0,ARO,+,ț,t͡s̪,26,−,P͡F,D,,+,3,−,b,255.0,1.333333333,3.0
30,-T-,V_E,1,55.0,ROM,+,ț,t͡s̪,26,−,P͡F,D,,+,3,−,b,255.0,1.333333333,3.0
32,-T-,V_E,1,55.0,BR POR,+,d,d̠͡ʒ,35,−,P͡F,Ɉ,-0.5,+,3,+,b,0.0,-0.5,3.0
33,-T-,V_E,1,55.0,GAL,+,d,ð̞,92,−,W,D,,−,0.5,+,a,0.0,1.833333333,0.5
34,-T-,V_E,1,55.0,ASL,+,d,ð̞,92,−,W,D,,−,0.5,+,a,0.0,1.833333333,0.5
35,-T-,V_E,1,55.0,CAS ESP,+,d,ð̞,92,−,W,D,,−,0.5,+,a,0.0,1.833333333,0.5
36,-T-,V_E,1,55.0,AND ESP,+,d,ð̞,92,−,W,D,,−,0.5,+,a,0.0,1.833333333,0.5
37,-T-,V_E,1,55.0,ARG,+,d,ð~ð̞,170,−,F~W,D,,−,,+,a,0.0,1.916666667,1.25
0,-T-,"V_{a,O}",1,56.0,BR POR,+,d,d̪,6,−,P,D,,−,4,+,a,0.0,1.666666667,4.0
1,-T-,"V_{a,O}",1,56.0,AMR ESP,+,d,ð̞,92,−,W,D,,−,0.5,+,a,0.0,1.833333333,0.5
2,-T-,"V_{a,O}",1,56.0,LAT,+,T,t̪,5,−,P,D,,−,4,−,a,255.0,1.666666667,4.0
3,-T-,"V_{a,O}",1,56.0,CAT,+,d,ð~ð̞,170,−,F~W,D,,−,,+,a,0.0,1.916666667,1.25
7,-T-,"V_{a,O}",1,56.0,GAS OCC,+,d,ð,45,−,F,D,2,−,2,+,a,0.0,2.0,2.0
8,-T-,"V_{a,O}",1,56.0,EU FRA,−,∅,∅,,−,∅,D,,−,0,−,a,255.0,0.0,0.0
9,-T-,"V_{a,O}",1,56.0,QBC FRA,−,∅,∅,,−,∅,D,,−,0,−,a,255.0,0.0,0.0
13,-T-,"V_{a,O}",1,56.0,EU POR,+,d,ð,45,−,F,D,2,−,2,+,a,0.0,2.0,2.0
20,-T-,"V_{a,O}",1,56.0,ITA,+,ț,t̪,5,−,P,D,,−,4,−,a,255.0,1.666666667,4.0
27,-T-,"V_{a,O}",1,56.0,ROM,+,ț,t̪,5,−,P,D,,−,4,−,a,255.0,1.666666667,4.0
28,-T-,"V_{a,O}",1,56.0,GAL,+,d,ð̞,92,−,W,D,,−,0.5,+,a,0.0,1.833333333,0.5
29,-T-,"V_{a,O}",1,56.0,ASL,+,d,ð̞,92,−,W,D,,−,0.5,+,a,0.0,1.833333333,0.5
30,-T-,"V_{a,O}",1,56.0,CAS ESP,+,d,ð̞,92,−,W,D,,−,0.5,+,a,0.0,1.833333333,0.5
31,-T-,"V_{a,O}",1,56.0,AND ESP,+,d,ð̞,92,−,W,D,,−,0.5,+,a,0.0,1.833333333,0.5
32,-T-,"V_{a,O}",1,56.0,ARG,+,d,ð~ð̞,170,−,F~W,D,,−,,+,a,0.0,1.916666667,1.25
0,-D-,V_E,1,57.0,BR POR,−,∅,∅,∅,−,∅,D,,−,0,−,a,255.0,0.0,0.0
1,-D-,V_E,1,57.0,AMR ESP,−,∅,∅,∅,−,∅,D,,−,0,−,a,255.0,0.0,0.0
2,-D-,V_E,1,57.0,LAT,+,D,d̪,6,−,P,D,,−,4,+,a,0.0,1.666666667,4.0
3,-D-,V_E,1,57.0,CAT,+/−,i/∅,j~∅,151,−,W~∅,Ɉ,-2,−,,+/−,a,127.5,-2.0,0.166666667
4,-D-,V_E,1,57.0,VAL,+/−,i/∅,j~∅,151,−,W~∅,Ɉ,-2,−,,+/−,a,127.5,-2.0,0.166666667
5,-D-,V_E,1,57.0,BAL,+/−,i/∅,j~∅,151,−,W~∅,Ɉ,-2,−,,+/−,a,127.5,-2.0,0.166666667
8,-D-,V_E,1,57.0,EU FRA,−,∅,∅,,−,∅,D,,−,0,−,a,255.0,0.0,0.0
9,-D-,V_E,1,57.0,QBC FRA,−,∅,∅,,−,∅,D,,−,0,−,a,255.0,0.0,0.0
13,-D-,V_E,1,57.0,EU POR,−,∅,∅,∅,−,∅,D,,−,0,−,a,255.0,0.0,0.0
20,-D-,V_E,1,57.0,ITA,+,d,d̪,6,−,P,D,,−,4,+,a,0.0,1.666666667,4.0
27,-D-,V_E,1,57.0,ROM,+,d,d̪,6,−,P,D,,−,4,+,a,0.0,1.666666667,4.0
29,-D-,V_E,1,57.0,ARO,+,dz,d͡z̪,27,−,P͡F,D,,+,3,+,b,0.0,1.333333333,3.0
30,-D-,V_E,1,57.0,ROM,+,z,z̪,49,−,F,D,,+,2,+,b,0.0,1.333333333,2.0
31,-D-,V_E,1,57.0,GAL,−,∅,∅,∅,−,∅,D,,−,0,−,a,255.0,0.0,0.0
32,-D-,V_E,1,57.0,ASL,+/−,∅,ʝ~∅,174,−,W~∅,Ɉ,-2,−,,+/−,a,127.5,-2.0,-1.0
33,-D-,V_E,1,57.0,CAS ESP,−,∅,∅,∅,−,∅,D,,−,0,−,a,255.0,0.0,0.0
34,-D-,V_E,1,57.0,AND ESP,−,∅,∅,∅,−,∅,D,,−,0,−,a,255.0,0.0,0.0
35,-D-,V_E,1,57.0,ARG,+/−,∅,ʝ~∅,174,−,W~∅,Ɉ,-2,−,,+/−,a,127.5,-2.0,-1.0
0,-D-,"V_{a,O}",1,58.0,BR POR,−,∅,∅,∅,−,∅,D,,−,0,+,a,0.0,0.0,0.0
1,-D-,"V_{a,O}",1,58.0,AMR ESP,+,d,ð̞,92,−,W,D,,−,0.5,+,a,0.0,1.833333333,0.5
2,-D-,"V_{a,O}",1,58.0,LAT,+,D,d̪,6,−,P,D,,−,4,+,a,0.0,1.666666667,4.0
3,-D-,"V_{a,O}",1,58.0,CAT,−,∅,∅,,−,∅,D,,−,0,−,a,255.0,0.0,0.0
4,-D-,"V_{a,O}",1,58.0,VAL,−,∅,∅,,−,∅,D,,−,0,−,a,255.0,0.0,0.0
5,-D-,"V_{a,O}",1,58.0,BAL,−,∅,∅,,−,∅,D,,−,0,−,a,255.0,0.0,0.0
8,-D-,"V_{a,O}",1,58.0,EU FRA,−,∅,∅,,−,∅,D,,−,0,−,a,255.0,0.0,0.0
9,-D-,"V_{a,O}",1,58.0,QBC FRA,−,∅,∅,,−,∅,D,,−,0,−,a,255.0,0.0,0.0
13,-D-,"V_{a,O}",1,58.0,EU POR,−,∅,∅,∅,−,∅,D,,−,0,+,a,0.0,0.0,0.0
20,-D-,"V_{a,O}",1,58.0,ITA,+,d,d̪,6,−,P,D,,−,4,+,a,0.0,1.666666667,4.0
27,-D-,"V_{a,O}",1,58.0,ROM,+,d,d̪,6,−,P,D,,−,4,+,a,0.0,1.666666667,4.0
29,-D-,"V_{a,O}",1,58.0,EU POR,+,i,j,98,−,W,Ɉ,-2,−,,+,b,0.0,-2.0,0.333333333
30,-D-,"V_{a,O}",1,58.0,BR POR,+,i,j,98,−,W,Ɉ,-2,−,,+,b,0.0,-2.0,0.333333333
31,-D-,"V_{a,O}",1,58.0,GAL,−,∅,∅,,−,∅,D,,−,0,−,a,255.0,0.0,0.0
32,-D-,"V_{a,O}",1,58.0,ASL,−,∅,∅,,−,∅,D,,−,0,−,a,255.0,0.0,0.0
33,-D-,"V_{a,O}",1,58.0,CAS ESP,+/−,d/∅,ð̞~∅,175,−,W~∅,D,,−,,+/−,a,127.5,1.833333333,0.25
34,-D-,"V_{a,O}",1,58.0,GAL,−,∅,∅,∅,−,∅,D,,−,0,+,b,0.0,0.0,0.0
35,-D-,"V_{a,O}",1,58.0,AND ESP,+/−,d/∅,ð̞~∅,175,−,W~∅,D,,−,,+/−,a,127.5,1.833333333,0.25
36,-D-,"V_{a,O}",1,58.0,AMR ESP,+/−,d/∅,ð̞~∅,175,−,W~∅,D,,−,,+/−,b,127.5,1.833333333,0.25
38,-D-,"V_{a,O}",1,58.0,EU POR,+,l,ɫ̪,87,+,LW,DQ,,−,0.75,+,c,0.0,-1.166666667,0.75
39,-D-,"V_{a,O}",1,58.0,BR POR,+,l,l,85,+,LW,D,0.75,−,0.75,+,c,0.0,0.75,0.75
40,-D-,"V_{a,O}",1,58.0,GAL,+,l,l,85,+,LW,D,0.75,−,0.75,+,c,0.0,0.75,0.75
41,-D-,"V_{a,O}",1,58.0,ASL,+,l,l,85,+,LW,D,0.75,−,0.75,+,b,0.0,0.75,0.75
42,-D-,"V_{a,O}",1,58.0,CAS ESP,+,l,l,85,+,LW,D,0.75,−,0.75,+,b,0.0,0.75,0.75
43,-D-,"V_{a,O}",1,58.0,AND ESP,+,l,l,85,+,LW,D,0.75,−,0.75,+,b,0.0,0.75,0.75
44,-D-,"V_{a,O}",1,58.0,AMR ESP,+,l,l,85,+,LW,D,0.75,−,0.75,+,c,0.0,0.75,0.75
45,-D-,"V_{a,O}",1,58.0,ASL,+,d,ð̞,92,−,W,D,,−,0.5,+,c,0.0,1.833333333,0.5
46,-D-,"V_{a,O}",1,58.0,CAS ESP,+,d,ð̞,92,−,W,D,,−,0.5,+,c,0.0,1.833333333,0.5
47,-D-,"V_{a,O}",1,58.0,AND ESP,+,d,ð̞,92,−,W,D,,−,0.5,+,c,0.0,1.833333333,0.5
48,-D-,"V_{a,O}",1,58.0,ARG,+,d,ð~ð̞,170,−,F~W,D,,−,,+,a,0.0,1.916666667,1.25
0,-C-,V_O,1,59.0,BR POR,+,g,ɡ,20,−,P,K,-3,−,4,+,a,0.0,-3.0,4.0
1,-C-,V_O,1,59.0,AMR ESP,+,g,ɣ̞,95,−,W,K,-3,−,0.5,+,a,0.0,-3.0,0.5
2,-C-,V_O,1,59.0,LAT,+,C,k,19,−,P,K,-3,−,4,−,a,255.0,-3.0,4.0
3,-C-,V_O,1,59.0,CAT,+,g,ɣ~ɣ̞,173,−,F~W,K,-3,−,,+,a,0.0,-3.0,1.25
4,-C-,V_O,1,59.0,VAL,+,g,ɡ~ɣ̞,171,−,P~W,K,-3,−,,+,a,0.0,-3.0,2.25
5,-C-,V_O,1,59.0,BAL,+,g,ɡ~ɣ,172,−,P~F,K,-3,−,,+,a,0.0,-3.0,3.0
6,-C-,V_O,1,59.0,OCC,+,g,ɡ~ɣ,172,−,P~F,K,-3,−,,+,a,0.0,-3.0,3.0
7,-C-,V_O,1,59.0,GAS OCC,+,g,ɣ,64,−,F,K,-3,−,2,+,a,0.0,-3.0,2.0
8,-C-,V_O,1,59.0,EU FRA,−,∅,∅,,−,∅,K,-3,−,0,−,a,255.0,0.0,0.0
9,-C-,V_O,1,59.0,QBC FRA,−,∅,∅,,−,∅,K,-3,−,0,−,a,255.0,0.0,0.0
13,-C-,V_O,1,59.0,EU POR,+,g,ɣ,64,−,F,K,-3,−,2,+,a,0.0,-3.0,2.0
20,-C-,V_O,1,59.0,ITA,+,c,k,19,−,P,K,-3,−,4,−,a,255.0,-3.0,4.0
27,-C-,V_O,1,59.0,ROM,+,c,k,19,−,P,K,-3,−,4,−,a,255.0,-3.0,4.0
28,-C-,V_O,1,59.0,GAL,+,g (gh),ɣ̞ (ħ),177,−,W (F),K (H),,−,,+ (−),a,85.0,-3.666666667,1.0
29,-C-,V_O,1,59.0,ASL,+,g,ɣ̞,95,−,W,K,-3,−,0.5,+,a,0.0,-3.0,0.5
30,-C-,V_O,1,59.0,CAS ESP,+,g,ɣ̞,95,−,W,K,-3,−,0.5,+,a,0.0,-3.0,0.5
31,-C-,V_O,1,59.0,AND ESP,+,g,ɣ̞,95,−,W,K,-3,−,0.5,+,a,0.0,-3.0,0.5
32,-C-,V_O,1,59.0,ARG,+,g,ɣ~ɣ̞,173,−,F~W,K,-3,−,,+,a,0.0,-3.0,1.25
0,-C-,V_E,1,60.0,BR POR,+,z,z,51,−,F,D,1,+,2,+,a,0.0,1.0,2.0
1,-C-,V_E,1,60.0,AMR ESP,+,c,s,50,−,F,D,1,+,2,−,a,255.0,1.0,2.0
2,-C-,V_E,1,60.0,LAT,+,C,k,19,−,P,K,-3,−,4,−,a,255.0,-3.0,4.0
3,-C-,V_E,1,60.0,CAT,−,∅,∅,,−,∅,D,1.1666666666666665,−,0,−,a,255.0,0.0,0.0
4,-C-,V_E,1,60.0,VAL,−,∅,∅,,−,∅,D,1.1666666666666665,−,0,−,a,255.0,0.0,0.0
5,-C-,V_E,1,60.0,BAL,−,∅,∅,,−,∅,D,1.1666666666666665,−,0,−,a,255.0,0.0,0.0
8,-C-,V_E,1,60.0,EU FRA,+,s,z̪,49,−,F,D,,+,2,+,a,0.0,1.333333333,2.0
9,-C-,V_E,1,60.0,QBC FRA,+,s,z̪,49,−,F,D,,+,2,+,a,0.0,1.333333333,2.0
13,-C-,V_E,1,60.0,EU POR,+,z,z (z̪),121,−,F,D,,+,2,+,a,0.0,1.083333333,2.0
20,-C-,V_E,1,60.0,ITA,+,c,t̠͡ʃ,34,−,P͡F,Ɉ,-0.5,+,3,−,a,255.0,-0.5,3.0
27,-C-,V_E,1,60.0,ROM,+,c,t̠͡ʃ,34,−,P͡F,Ɉ,-0.5,+,3,−,a,255.0,-0.5,3.0
28,-C-,V_E,1,60.0,GAL,+,c,θ (s),102,−,F,D,,+/−,2,−,a,255.0,1.666666667,2.0
29,-C-,V_E,1,60.0,ASL,+,c,θ,44,−,F,D,2,−,2,−,a,255.0,2.0,2.0
30,-C-,V_E,1,60.0,CAS ESP,+,c,θ,44,−,F,D,2,−,2,−,a,255.0,2.0,2.0
31,-C-,V_E,1,60.0,AND ESP,+,c,s̟,46,−,F,D,,+,2,−,a,255.0,1.666666667,2.0
32,-C-,V_E,1,60.0,ARG,+,c,θ,44,−,F,D,2,−,2,−,a,255.0,2.0,2.0
0,-C-,V_a,1,61.0,BR POR,+,g,ɡ,20,−,P,K,-3,−,4,+,a,0.0,-3.0,4.0
1,-C-,V_a,1,61.0,AMR ESP,+,g,ɣ̞,95,−,W,K,-3,−,0.5,+,a,0.0,-3.0,0.5
2,-C-,V_a,1,61.0,LAT,+,C,k,19,−,P,K,-3,−,4,−,a,255.0,-3.0,4.0
3,-C-,V_a,1,61.0,CAT,+,g,ɣ~ɣ̞,173,−,F~W,K,-3,−,,+,a,0.0,-3.0,1.25
4,-C-,V_a,1,61.0,VAL,+,g,ɡ~ɣ̞,171,−,P~W,K,-3,−,,+,a,0.0,-3.0,2.25
5,-C-,V_a,1,61.0,BAL,+,g,ɡ~ɣ,172,−,P~F,K,-3,−,,+,a,0.0,-3.0,3.0
6,-C-,V_a,1,61.0,OCC,+,g,ɡ~ɣ,172,−,P~F,K,-3,−,,+,a,0.0,-3.0,3.0
7,-C-,V_a,1,61.0,GAS OCC,+,g,ɣ,64,−,F,K,-3,−,2,+,a,0.0,-3.0,2.0
8,-C-,V_a,1,61.0,EU FRA,+/−,y/i,j~∅,151,−,W~∅,Ɉ,-2,−,,+/−,a,127.5,-2.0,0.166666667
9,-C-,V_a,1,61.0,QBC FRA,+/−,y/i,j~∅,151,−,W~∅,Ɉ,-2,−,,+/−,a,127.5,-2.0,0.166666667
13,-C-,V_a,1,61.0,EU POR,+,g,ɣ,64,−,F,K,-3,−,2,+,a,0.0,-3.0,2.0
20,-C-,V_a,1,61.0,ITA,+,c,k,19,−,P,K,-3,−,4,−,a,255.0,-3.0,4.0
27,-C-,V_a,1,61.0,ROM,+,c,k,19,−,P,K,-3,−,4,−,a,255.0,-3.0,4.0
29,-C-,V_a,1,61.0,EU FRA,−,∅,∅,,−,∅,K~Ɉ,,−,0,−,b,255.0,0.0,0.0
30,-C-,V_a,1,61.0,QBC FRA,−,∅,∅,,−,∅,K~Ɉ,,−,0,−,b,255.0,0.0,0.0
31,-C-,V_a,1,61.0,GAL,+,g (gh),ɣ̞ (ħ),177,−,W (F),K (H),,−,,+ (−),a,85.0,-3.666666667,1.0
32,-C-,V_a,1,61.0,ASL,+,g,ɣ̞,95,−,W,K,-3,−,0.5,+,a,0.0,-3.0,0.5
33,-C-,V_a,1,61.0,CAS ESP,+,g,ɣ̞,95,−,W,K,-3,−,0.5,+,a,0.0,-3.0,0.5
34,-C-,V_a,1,61.0,AND ESP,+,g,ɣ̞,95,−,W,K,-3,−,0.5,+,a,0.0,-3.0,0.5
35,-C-,V_a,1,61.0,ARG,+,g,ɣ~ɣ̞,173,−,F~W,K,-3,−,,+,a,0.0,-3.0,1.25
0,-G-,V_O,1,62.0,BR POR,+,g,ɡ,20,−,P,K,-3,−,4,+,a,0.0,-3.0,4.0
1,-G-,V_O,1,62.0,AMR ESP,+,g,ɣ̞,95,−,W,K,-3,−,0.5,+,a,0.0,-3.0,0.5
2,-G-,V_O,1,62.0,LAT,+,G,ɡ,20,−,P,K,-3,−,4,+,a,0.0,-3.0,4.0
3,-G-,V_O,1,62.0,CAT,+,g,ɣ~ɣ̞,173,−,F~W,K,-3,−,,+,a,0.0,-3.0,1.25
4,-G-,V_O,1,62.0,VAL,+,g,ɡ~ɣ̞,171,−,P~W,K,-3,−,,+,a,0.0,-3.0,2.25
5,-G-,V_O,1,62.0,BAL,+,g,ɡ~ɣ,172,−,P~F,K,-3,−,,+,a,0.0,-3.0,3.0
8,-G-,V_O,1,62.0,EU FRA,−,∅,∅,,−,∅,K,-3,−,0,+,a,0.0,0.0,0.0
9,-G-,V_O,1,62.0,QBC FRA,−,∅,∅,,−,∅,K,-3,−,0,+,a,0.0,0.0,0.0
13,-G-,V_O,1,62.0,EU POR,+,g,ɣ,64,−,F,K,-3,−,2,+,a,0.0,-3.0,2.0
20,-G-,V_O,1,62.0,ITA,+,g,ɡ,20,−,P,K,-3,−,4,+,a,0.0,-3.0,4.0
27,-G-,V_O,1,62.0,ROM,+,g,ɡ,20,−,P,K,-3,−,4,+,a,0.0,-3.0,4.0
28,-G-,V_O,1,62.0,GAL,+,g (gh),ɣ̞ (ħ),177,−,W (F),K (H),,−,,+ (−),a,85.0,-3.666666667,1.0
29,-G-,V_O,1,62.0,ASL,+,g,ɣ̞,95,−,W,K,-3,−,0.5,+,a,0.0,-3.0,0.5
30,-G-,V_O,1,62.0,CAS ESP,+,g,ɣ̞,95,−,W,K,-3,−,0.5,+,a,0.0,-3.0,0.5
31,-G-,V_O,1,62.0,AND ESP,+,g,ɣ̞,95,−,W,K,-3,−,0.5,+,a,0.0,-3.0,0.5
32,-G-,V_O,1,62.0,ARG,+,g,ɣ~ɣ̞,173,−,F~W,K,-3,−,,+,a,0.0,-3.0,1.25
0,-G-,V_a,1,63.0,BR POR,+,g,ɡ,20,−,P,K,-3,−,4,+,a,0.0,-3.0,4.0
1,-G-,V_a,1,63.0,AMR ESP,+,g,ɣ̞,95,−,W,K,-3,−,0.5,+,a,0.0,-3.0,0.5
2,-G-,V_a,1,63.0,LAT,+,G,ɡ,20,−,P,K,-3,−,4,+,a,0.0,-3.0,4.0
3,-G-,V_a,1,63.0,CAT,+,g,ɣ~ɣ̞,173,−,F~W,K,-3,−,,+,a,0.0,-3.0,1.25
4,-G-,V_a,1,63.0,VAL,+,g,ɡ~ɣ̞,171,−,P~W,K,-3,−,,+,a,0.0,-3.0,2.25
5,-G-,V_a,1,63.0,BAL,+,g,ɡ~ɣ,172,−,P~F,K,-3,−,,+,a,0.0,-3.0,3.0
13,-G-,V_a,1,63.0,EU POR,+,g,ɣ,64,−,F,K,-3,−,2,+,a,0.0,-3.0,2.0
20,-G-,V_a,1,63.0,ITA,+,g,ɡ,20,−,P,K,-3,−,4,+,a,0.0,-3.0,4.0
27,-G-,V_a,1,63.0,ROM,+,g,ɡ,20,−,P,K,-3,−,4,+,a,0.0,-3.0,4.0
28,-G-,V_a,1,63.0,GAL,+,g (gh),ɣ̞ (ħ),177,−,W (F),K (H),,−,,+ (−),a,85.0,-3.666666667,1.0
29,-G-,V_a,1,63.0,ASL,+,g,ɣ̞,95,−,W,K,-3,−,0.5,+,a,0.0,-3.0,0.5
30,-G-,V_a,1,63.0,CAS ESP,+,g,ɣ̞,95,−,W,K,-3,−,0.5,+,a,0.0,-3.0,0.5
31,-G-,V_a,1,63.0,AND ESP,+,g,ɣ̞,95,−,W,K,-3,−,0.5,+,a,0.0,-3.0,0.5
32,-G-,V_a,1,63.0,ARG,+,g,ɣ~ɣ̞,173,−,F~W,K,-3,−,,+,a,0.0,-3.0,1.25
0,-G-,V_E,1,64.0,BR POR,+/−,i/∅,j~∅,151,−,W~∅,Ɉ,-2,−,,+/−,a,127.5,-2.0,0.166666667
1,-G-,V_E,1,64.0,AMR ESP,+/−,i/∅,j~∅,151,−,W~∅,Ɉ,-2,−,,+/−,a,127.5,-2.0,0.166666667
2,-G-,V_E,1,64.0,LAT,+,G,ɡ,20,−,P,K,-3,−,4,+,a,0.0,-3.0,4.0
3,-G-,V_E,1,64.0,CAT,+/−,i/∅,j~∅,151,−,W~∅,Ɉ,-2,−,,+/−,a,127.5,-2.0,0.166666667
4,-G-,V_E,1,64.0,VAL,+/−,i/∅,j~∅,151,−,W~∅,Ɉ,-2,−,,+/−,a,127.5,-2.0,0.166666667
5,-G-,V_E,1,64.0,BAL,+/−,i/∅,j~∅,151,−,W~∅,Ɉ,-2,−,,+/−,a,127.5,-2.0,0.166666667
6,-G-,V_E,1,64.0,OCC,+/−,i/∅,j~∅,151,−,W~∅,Ɉ,-2,−,,+/−,a,127.5,-2.0,0.166666667
7,-G-,V_E,1,64.0,GAS OCC,+/−,i/∅,j~∅,151,−,W~∅,Ɉ,-2,−,,+/−,a,127.5,-2.0,0.166666667
8,-G-,V_E,1,64.0,EU FRA,+/−,i/∅,j~∅,151,−,W~∅,Ɉ,-2,−,,+/−,a,127.5,-2.0,0.166666667
9,-G-,V_E,1,64.0,QBC FRA,+/−,i/∅,j~∅,151,−,W~∅,Ɉ,-2,−,,+/−,a,127.5,-2.0,0.166666667
10,-G-,V_E,1,64.0,WAL,+/−,i/∅,j~∅,151,−,W~∅,Ɉ,-2,−,,+/−,a,127.5,-2.0,0.166666667
11,-G-,V_E,1,64.0,ARP,+/−,i/∅,j~∅,151,−,W~∅,Ɉ,-2,−,,+/−,a,127.5,-2.0,0.166666667
12,-G-,V_E,1,64.0,LIG,+/−,i/∅,j~∅,151,−,W~∅,Ɉ,-2,−,,+/−,a,127.5,-2.0,0.166666667
13,-G-,V_E,1,64.0,EU POR,+/−,i/∅,j~∅,151,−,W~∅,Ɉ,-2,−,,+/−,a,127.5,-2.0,0.166666667
14,-G-,V_E,1,64.0,LMO,+/−,i/∅,j~∅,151,−,W~∅,Ɉ,-2,−,,+/−,a,127.5,-2.0,0.166666667
15,-G-,V_E,1,64.0,RMH,+/−,j/∅,j~∅,151,−,W~∅,Ɉ,-2,−,,+/−,a,127.5,-2.0,0.166666667
16,-G-,V_E,1,64.0,FUR,+/−,i/∅,j~∅,151,−,W~∅,Ɉ,-2,−,,+/−,a,127.5,-2.0,0.166666667
17,-G-,V_E,1,64.0,LOG SRD,+/−,i/∅,j~∅,151,−,W~∅,Ɉ,-2,−,,+/−,a,127.5,-2.0,0.166666667
18,-G-,V_E,1,64.0,CPN SRD,+/−,i/∅,j~∅,151,−,W~∅,Ɉ,-2,−,,+/−,a,127.5,-2.0,0.166666667
19,-G-,V_E,1,64.0,COR,+/−,i/∅,j~∅,151,−,W~∅,Ɉ,-2,−,,+/−,a,127.5,-2.0,0.166666667
20,-G-,V_E,1,64.0,ITA,+/−,i/∅,j~∅,151,−,W~∅,Ɉ,-2,−,,+/−,a,127.5,-2.0,0.166666667
21,-G-,V_E,1,64.0,ABR,+/−,j/∅,j~∅,151,−,W~∅,Ɉ,-2,−,,+/−,a,127.5,-2.0,0.166666667
22,-G-,V_E,1,64.0,CAM,+/−,j/∅,j~∅,151,−,W~∅,Ɉ,-2,−,,+/−,a,127.5,-2.0,0.166666667
23,-G-,V_E,1,64.0,PGL,+/−,j/∅,j~∅,151,−,W~∅,Ɉ,-2,−,,+/−,a,127.5,-2.0,0.166666667
24,-G-,V_E,1,64.0,SCN,+/−,j/∅,j~∅,151,−,W~∅,Ɉ,-2,−,,+/−,a,127.5,-2.0,0.166666667
25,-G-,V_E,1,64.0,VEN,+/−,j/∅,j~∅,151,−,W~∅,Ɉ,-2,−,,+/−,a,127.5,-2.0,0.166666667
26,-G-,V_E,1,64.0,ARO,+/−,i/∅,j~∅,151,−,W~∅,Ɉ,-2,−,,+/−,a,127.5,-2.0,0.166666667
27,-G-,V_E,1,64.0,ROM,+/−,i/∅,j~∅,151,−,W~∅,Ɉ,-2,−,,+/−,a,127.5,-2.0,0.166666667
29,-G-,V_E,1,64.0,EU POR,+,g,ʒ,57,−,F,Ɉ,-0.5,+,2,+,b,0.0,-0.5,2.0
30,-G-,V_E,1,64.0,BR POR,+,g,ʒ,57,−,F,Ɉ,-0.5,+,2,+,b,0.0,-0.5,2.0
31,-G-,V_E,1,64.0,GAL,+,x,ʃ,56,−,F,Ɉ,-0.5,+,2,−,a,255.0,-0.5,2.0
32,-G-,V_E,1,64.0,ASL,+,x,ʃ,56,−,F,Ɉ,-0.5,+,2,−,a,255.0,-0.5,2.0
33,-G-,V_E,1,64.0,ARG,+,y,ʝ,61,−,F,Ɉ,-2,−,2,+,a,0.0,-2.0,2.0
34,-G-,V_E,1,64.0,GAL,+/−,i/∅,j~∅,151,−,W~∅,Ɉ,-2,−,,+/−,b,127.5,-2.0,0.166666667
35,-G-,V_E,1,64.0,CAT,+,g,ʒ,57,−,F,Ɉ,-0.5,+,2,+,b,0.0,-0.5,2.0
36,-G-,V_E,1,64.0,VAL,+,g,d̠͡ʒ,35,−,P͡F,Ɉ,-0.5,+,3,+,b,0.0,-0.5,3.0
37,-G-,V_E,1,64.0,BAL,+,g,ʒ,57,−,F,Ɉ,-0.5,+,2,+,b,0.0,-0.5,2.0
38,-G-,V_E,1,64.0,OCC,+,g,d̠͡ʒ,35,−,P͡F,Ɉ,-0.5,+,3,+,b,0.0,-0.5,3.0
39,-G-,V_E,1,64.0,GAS OCC,+,g,ʒ,57,−,F,Ɉ,-0.5,+,2,+,b,0.0,-0.5,2.0
40,-G-,V_E,1,64.0,LIG,+,zz,z (d͡z),111,−,F (P͡F),D,1,+,,+,b,0.0,1.0,2.333333333
41,-G-,V_E,1,64.0,LMO,+,sg,d̠͡ʒ~z,108,−,P͡F~F,Ɉ~D,,+,,+,b,0.0,0.25,2.5
42,-G-,V_E,1,64.0,RMH,+,g,ɟ~d̠͡ʒ,153,−,P~P͡F,Ɉ,,−/+,,+,b,0.0,-1.25,3.5
43,-G-,V_E,1,64.0,FUR,+,gj,ɟ~d̠͡ʒ,153,−,P~P͡F,Ɉ,,−/+,,+,b,0.0,-1.25,3.5
44,-G-,V_E,1,64.0,COR,+,ghj,ɟ,18,−,P,Ɉ,-2,−,4,+,b,0.0,-2.0,4.0
45,-G-,V_E,1,64.0,ASL,+/−,i/∅,j~∅,151,−,W~∅,Ɉ,-2,−,,+/−,b,127.5,-2.0,0.166666667
46,-G-,V_E,1,64.0,ITA,+,gg,d̠d̠͡ʒ,187,−,PP͡F,Ɉ,-0.5,+,3.75,+,b,0.0,-0.5,3.75
47,-G-,V_E,1,64.0,ABR,+,zz/gg,dd͡z~d̠d̠͡ʒ,190,−,PP͡F,D~Ɉ,,+,3.75,+,b,0.0,0.25,3.75
48,-G-,V_E,1,64.0,CAM,+,zz/gg,dd͡z~d̠d̠͡ʒ,190,−,PP͡F,D~Ɉ,,+,3.75,+,b,0.0,0.25,3.75
49,-G-,V_E,1,64.0,PGL,+,zz,dd͡z,183,−,PP͡F,Ɉ,1,+,3.75,+,b,0.0,1.0,3.75
50,-G-,V_E,1,64.0,SCN,+,gg,d̠d̠͡ʒ,187,−,PP͡F,Ɉ,-0.5,+,3.75,+,b,0.0,-0.5,3.75
51,-G-,V_E,1,64.0,VEN,+,z/dh,z̠~ð,109,−,F,D,,+/−,2,−,b,255.0,1.25,2.0
52,-G-,V_E,1,64.0,ARO,+,dz,d͡z̪,27,−,P͡F,D,,+,3,+,b,0.0,1.333333333,3.0
53,-G-,V_E,1,64.0,ROM,+,g,d̠͡ʒ,35,−,P͡F,Ɉ,-0.5,+,3,+,b,0.0,-0.5,3.0
54,-G-,V_E,1,64.0,CAS ESP,+/−,i/∅,j~∅,151,−,W~∅,Ɉ,-2,−,,+/−,a,127.5,-2.0,0.166666667
55,-G-,V_E,1,64.0,AND ESP,+/−,i/∅,j~∅,151,−,W~∅,Ɉ,-2,−,,+/−,a,127.5,-2.0,0.166666667
56,-G-,V_E,1,64.0,ARG,+/−,y/∅,j~∅,151,−,W~∅,Ɉ,-2,−,,+/−,b,127.5,-2.0,0.166666667
0,-M-,V_V,1,65.0,BR POR,+,m,m,70,−,N,B,3,−,1.5,+,a,0.0,3.0,1.5
1,-M-,V_V,1,65.0,AMR ESP,+,m,m,70,−,N,B,3,−,1.5,+,a,0.0,3.0,1.5
2,-M-,V_V,1,65.0,LAT,+,M,m,70,−,N,B,3,−,1.5,+,a,0.0,3.0,1.5
3,-M-,V_V,1,65.0,CAT,+,m,m,70,−,N,B,3,−,1.5,+,a,0.0,3.0,1.5
4,-M-,V_V,1,65.0,VAL,+,m,m,70,−,N,B,3,−,1.5,+,a,0.0,3.0,1.5
5,-M-,V_V,1,65.0,BAL,+,m,m,70,−,N,B,3,−,1.5,+,a,0.0,3.0,1.5
6,-M-,V_V,1,65.0,OCC,+,m,m,70,−,N,B,3,−,1.5,+,a,0.0,3.0,1.5
7,-M-,V_V,1,65.0,GAS OCC,+,m,m,70,−,N,B,3,−,1.5,+,a,0.0,3.0,1.5
8,-M-,V_V,1,65.0,EU FRA,+,m,m,70,−,N,B,3,−,1.5,+,a,0.0,3.0,1.5
9,-M-,V_V,1,65.0,QBC FRA,+,m,m,70,−,N,B,3,−,1.5,+,a,0.0,3.0,1.5
10,-M-,V_V,1,65.0,WAL,+,m,m,70,−,N,B,3,−,1.5,+,a,0.0,3.0,1.5
11,-M-,V_V,1,65.0,ARP,+,m,m,70,−,N,B,3,−,1.5,+,a,0.0,3.0,1.5
12,-M-,V_V,1,65.0,LIG,+,m,m,70,−,N,B,3,−,1.5,+,a,0.0,3.0,1.5
13,-M-,V_V,1,65.0,EU POR,+,m,m,70,−,N,B,3,−,1.5,+,a,0.0,3.0,1.5
14,-M-,V_V,1,65.0,LMO,+,m,m,70,−,N,B,3,−,1.5,+,a,0.0,3.0,1.5
15,-M-,V_V,1,65.0,RMH,+,m,m,70,−,N,B,3,−,1.5,+,a,0.0,3.0,1.5
16,-M-,V_V,1,65.0,FUR,+,m,m,70,−,N,B,3,−,1.5,+,a,0.0,3.0,1.5
17,-M-,V_V,1,65.0,LOG SRD,+,m,m,70,−,N,B,3,−,1.5,+,a,0.0,3.0,1.5
18,-M-,V_V,1,65.0,CPN SRD,+,m,m,70,−,N,B,3,−,1.5,+,a,0.0,3.0,1.5
19,-M-,V_V,1,65.0,COR,+,m,m,70,−,N,B,3,−,1.5,+,a,0.0,3.0,1.5
20,-M-,V_V,1,65.0,ITA,+,m,m,70,−,N,B,3,−,1.5,+,a,0.0,3.0,1.5
21,-M-,V_V,1,65.0,ABR,+,m,m,70,−,N,B,3,−,1.5,+,a,0.0,3.0,1.5
22,-M-,V_V,1,65.0,CAM,+,m,m,70,−,N,B,3,−,1.5,+,a,0.0,3.0,1.5
23,-M-,V_V,1,65.0,PGL,+,m,m,70,−,N,B,3,−,1.5,+,a,0.0,3.0,1.5
24,-M-,V_V,1,65.0,SCN,+,m,m,70,−,N,B,3,−,1.5,+,a,0.0,3.0,1.5
25,-M-,V_V,1,65.0,VEN,+,m,m,70,−,N,B,3,−,1.5,+,a,0.0,3.0,1.5
26,-M-,V_V,1,65.0,ARO,+,m,m,70,−,N,B,3,−,1.5,+,a,0.0,3.0,1.5
27,-M-,V_V,1,65.0,ROM,+,m,m,70,−,N,B,3,−,1.5,+,a,0.0,3.0,1.5
28,-M-,V_V,1,65.0,GAL,+,m,m,70,−,N,B,3,−,1.5,+,a,0.0,3.0,1.5
29,-M-,V_V,1,65.0,ASL,+,m,m,70,−,N,B,3,−,1.5,+,a,0.0,3.0,1.5
30,-M-,V_V,1,65.0,CAS ESP,+,m,m,70,−,N,B,3,−,1.5,+,a,0.0,3.0,1.5
31,-M-,V_V,1,65.0,AND ESP,+,m,m,70,−,N,B,3,−,1.5,+,a,0.0,3.0,1.5
32,-M-,V_V,1,65.0,ARG,+,m,m,70,−,N,B,3,−,1.5,+,a,0.0,3.0,1.5
0,-N-,V_V,1,66.0,BR POR,−,˜,◌̃,191,−,N~∅,D,0.75,−,,+,a,0.0,0.75,0.75
1,-N-,V_V,1,66.0,AMR ESP,+,n,n,73,−,N,D,0.75,−,1.5,+,a,0.0,0.75,1.5
2,-N-,V_V,1,66.0,LAT,+,N,n,73,−,N,D,0.75,−,1.5,+,a,0.0,0.75,1.5
3,-N-,V_V,1,66.0,CAT,+,n,n,73,−,N,D,0.75,−,1.5,+,a,0.0,0.75,1.5
4,-N-,V_V,1,66.0,VAL,+,n,n,73,−,N,D,0.75,−,1.5,+,a,0.0,0.75,1.5
5,-N-,V_V,1,66.0,BAL,+,n,n,73,−,N,D,0.75,−,1.5,+,a,0.0,0.75,1.5
6,-N-,V_V,1,66.0,OCC,+,n,n,73,−,N,D,0.75,−,1.5,+,a,0.0,0.75,1.5
7,-N-,V_V,1,66.0,GAS OCC,+,n,n,73,−,N,D,0.75,−,1.5,+,a,0.0,0.75,1.5
8,-N-,V_V,1,66.0,EU FRA,+,n,n̪,72,−,N,D,1.67,−,1.5,+,a,0.0,1.666666667,1.5
9,-N-,V_V,1,66.0,QBC FRA,+,n,n̪,72,−,N,D,1.67,−,1.5,+,a,0.0,1.666666667,1.5
10,-N-,V_V,1,66.0,WAL,+,n,n̪,72,−,N,D,1.67,−,1.5,+,a,0.0,1.666666667,1.5
11,-N-,V_V,1,66.0,ARP,+,n,n,73,−,N,D,0.75,−,1.5,+,a,0.0,0.75,1.5
12,-N-,V_V,1,66.0,LIG,+,n,n,73,−,N,D,0.75,−,1.5,+,a,0.0,0.75,1.5
13,-N-,V_V,1,66.0,EU POR,−,˜,◌̃,191,−,N~∅,D,0.75,−,,+,a,0.0,0.75,0.75
14,-N-,V_V,1,66.0,LMO,+,n,n,73,−,N,D,0.75,−,1.5,+,a,0.0,0.75,1.5
15,-N-,V_V,1,66.0,RMH,+,n,n,73,−,N,D,0.75,−,1.5,+,a,0.0,0.75,1.5
16,-N-,V_V,1,66.0,FUR,+,n,n,73,−,N,D,0.75,−,1.5,+,a,0.0,0.75,1.5
17,-N-,V_V,1,66.0,LOG SRD,+,n,n,73,−,N,D,0.75,−,1.5,+,a,0.0,0.75,1.5
18,-N-,V_V,1,66.0,CPN SRD,+,n,n,73,−,N,D,0.75,−,1.5,+,a,0.0,0.75,1.5
19,-N-,V_V,1,66.0,COR,+,n,n,73,−,N,D,0.75,−,1.5,+,a,0.0,0.75,1.5
20,-N-,V_V,1,66.0,ITA,+,n,n,73,−,N,D,0.75,−,1.5,+,a,0.0,0.75,1.5
21,-N-,V_V,1,66.0,ABR,+,n,n,73,−,N,D,0.75,−,1.5,+,a,0.0,0.75,1.5
22,-N-,V_V,1,66.0,CAM,+,n,n,73,−,N,D,0.75,−,1.5,+,a,0.0,0.75,1.5
23,-N-,V_V,1,66.0,PGL,+,n,n,73,−,N,D,0.75,−,1.5,+,a,0.0,0.75,1.5
24,-N-,V_V,1,66.0,SCN,+,n,n,73,−,N,D,0.75,−,1.5,+,a,0.0,0.75,1.5
25,-N-,V_V,1,66.0,VEN,+,n,n,73,−,N,D,0.75,−,1.5,+,a,0.0,0.75,1.5
26,-N-,V_V,1,66.0,ARO,+,n,n̪,72,−,N,D,1.67,−,1.5,+,a,0.0,1.666666667,1.5
27,-N-,V_V,1,66.0,ROM,+,n,n̪,72,−,N,D,1.67,−,1.5,+,a,0.0,1.666666667,1.5
29,-N-,V_V,1,66.0,ROM,+,r,ɾ̪,82,−,L,D,,−,1,+,b,0.0,1.666666667,1.0
30,-N-,V_V,1,66.0,GAL,−,∅,∅,∅,−,∅,D,0.75,−,0,+,a,0.0,0.0,0.0
31,-N-,V_V,1,66.0,ASL,+,n,n,73,−,N,D,0.75,−,1.5,+,a,0.0,0.75,1.5
32,-N-,V_V,1,66.0,CAS ESP,+,n,n,73,−,N,D,0.75,−,1.5,+,a,0.0,0.75,1.5
33,-N-,V_V,1,66.0,AND ESP,+,n,n,73,−,N,D,0.75,−,1.5,+,a,0.0,0.75,1.5
34,-N-,V_V,1,66.0,ARG,+,n,n,73,−,N,D,0.75,−,1.5,+,a,0.0,0.75,1.5
0,-F-,V_V,1,67.0,BR POR,+,v,v,43,−,F,B,2.5,−,2,+,a,0.0,2.5,2.0
1,-F-,V_V,1,67.0,AMR ESP,+/−,v/h,β̞~∅,192,−,W~∅,B,3,−,,+,a,0.0,3.0,0.25
2,-F-,V_V,1,67.0,LAT,+,F,ɸ~f,114,−,F,B,2.75,−,2,−,a,255.0,2.75,2.0
3,-F-,V_V,1,67.0,CAT,+,v,β~β̞,166,−,F~W,B,3,−,,+,a,0.0,3.0,1.25
4,-F-,V_V,1,67.0,VAL,+,v,v~β̞,167,−,F~W,B,,−,,+,a,0.0,2.75,1.25
5,-F-,V_V,1,67.0,BAL,+,v,v,43,−,F,B,2.5,−,2,+,a,0.0,2.5,2.0
13,-F-,V_V,1,67.0,EU POR,+,v,v,43,−,F,B,2.5,−,2,+,a,0.0,2.5,2.0
20,-F-,V_V,1,67.0,ITA,+,f,f,42,−,F,B,2.5,−,2,−,a,255.0,2.5,2.0
27,-F-,V_V,1,67.0,ROM,+,f,f,42,−,F,B,2.5,−,2,−,a,255.0,2.5,2.0
28,-F-,V_V,1,67.0,GAL,+,v,β̞,91,−,W,B,3,−,0.5,+,a,0.0,3.0,0.5
29,-F-,V_V,1,67.0,ASL,+,v,β̞,91,−,W,B,3,−,0.5,+,a,0.0,3.0,0.5
30,-F-,V_V,1,67.0,CAS ESP,+/−,v/h,β̞~∅,192,−,W~∅,B,3,−,,+,a,0.0,3.0,0.25
31,-F-,V_V,1,67.0,AND ESP,+/−,v/h,β̞~∅,192,−,W~∅,B,3,−,,+,a,0.0,3.0,0.25
32,-F-,V_V,1,67.0,ARG,+,v,β̞,91,−,W,B,3,−,0.5,+,a,0.0,3.0,0.5
0,-V-,V_V,1,68.0,BR POR,+,v,v,43,−,F,B,2.5,−,2,+,a,0.0,2.5,2.0
1,-V-,V_V,1,68.0,AMR ESP,+,v,β̞,91,−,W,B,3,−,0.5,+,a,0.0,3.0,0.5
2,-V-,V_V,1,68.0,LAT,+,V,w,97,−,W,BK,0,−,,+,a,0.0,0.0,0.333333333
3,-V-,V_V,1,68.0,CAT,+,v,β~β̞,166,−,F~W,B,3,−,,+,a,0.0,3.0,1.25
4,-V-,V_V,1,68.0,VAL,+,v,v~β̞,167,−,F~W,B,,−,,+,a,0.0,2.75,1.25
5,-V-,V_V,1,68.0,BAL,+,v,v,43,−,F,B,2.5,−,2,+,a,0.0,2.5,2.0
8,-V-,V_V,1,68.0,EU FRA,+,v,v,43,−,F,B,2.5,−,2,+,a,0.0,2.5,2.0
9,-V-,V_V,1,68.0,QBC FRA,+,v,v,43,−,F,B,2.5,−,2,+,a,0.0,2.5,2.0
13,-V-,V_V,1,68.0,EU POR,+,v,v (β),262,−,F,B,,−,2,+,a,0.0,2.625,2.0
20,-V-,V_V,1,68.0,ITA,+,v,v,43,−,F,B,2.5,−,2,+,a,0.0,2.5,2.0
27,-V-,V_V,1,68.0,ROM,+/−,u/∅,w~∅,134,−,W~∅,BK,0,−,,+,a,0.0,0.0,0.166666667
28,-V-,V_V,1,68.0,GAL,+,v,β̞,91,−,W,B,3,−,0.5,+,a,0.0,3.0,0.5
29,-V-,V_V,1,68.0,ASL,+,v,β̞,91,−,W,B,3,−,0.5,+,a,0.0,3.0,0.5
30,-V-,V_V,1,68.0,CAS ESP,+,v,β̞,91,−,W,B,3,−,0.5,+,a,0.0,3.0,0.5
31,-V-,V_V,1,68.0,AND ESP,+,v,β̞,91,−,W,B,3,−,0.5,+,a,0.0,3.0,0.5
32,-V-,V_V,1,68.0,ARG,+,v,β̞,91,−,W,B,3,−,0.5,+,a,0.0,3.0,0.5
0,-S-,V_E,1,69.0,BR POR,+,s,z,51,−,F,D,1,+,2,+,a,0.0,1.0,2.0
1,-S-,V_E,1,69.0,AMR ESP,+,s,s,50,−,F,D,1,+,2,−,a,255.0,1.0,2.0
2,-S-,V_E,1,69.0,LAT,+,S,s̠,52,−,F,D,0.5,+,2,−,a,255.0,0.5,2.0
3,-S-,V_E,1,69.0,CAT,+,s,z̠,53,−,F,D,0.5,+,2,+,a,0.0,0.5,2.0
4,-S-,V_E,1,69.0,VAL,+,s,z̠,53,−,F,D,0.5,+,2,+,a,0.0,0.5,2.0
5,-S-,V_E,1,69.0,BAL,+,s,z̠,53,−,F,D,0.5,+,2,+,a,0.0,0.5,2.0
6,-S-,V_E,1,69.0,OCC,+,s,z̠,53,−,F,D,0.5,+,2,+,a,0.0,0.5,2.0
7,-S-,V_E,1,69.0,GAS OCC,+,s,z̠,53,−,F,D,0.5,+,2,+,a,0.0,0.5,2.0
8,-S-,V_E,1,69.0,EU FRA,+,s,z̪,49,−,F,D,,+,2,+,a,0.0,1.333333333,2.0
9,-S-,V_E,1,69.0,QBC FRA,+,s,z̪,49,−,F,D,,+,2,+,a,0.0,1.333333333,2.0
13,-S-,V_E,1,69.0,EU POR,+,s,z (z̠),119,−,F,D,0.875,+,2,+,a,0.0,0.875,2.0
20,-S-,V_E,1,69.0,ITA,+,s,z~s,253,−,F,D,1,+,2,+/−,a,127.5,1.0,2.0
27,-S-,V_E,1,69.0,ROM,+,ș,ʃ,56,−,F,Ɉ,-0.5,+,2,−,a,255.0,-0.5,2.0
28,-S-,V_E,1,69.0,GAL,+,s,s̠,122,−,F,D,,+,2,−,a,255.0,0.5,2.0
29,-S-,V_E,1,69.0,ASL,+,s,s̠,52,−,F,D,0.5,+,2,−,a,255.0,0.5,2.0
30,-S-,V_E,1,69.0,CAS ESP,+,s,s̠,52,−,F,D,0.5,+,2,−,a,255.0,0.5,2.0
31,-S-,V_E,1,69.0,AND ESP,+,s,s̟,46,−,F,D,,+,2,−,a,255.0,1.666666667,2.0
32,-S-,V_E,1,69.0,ARG,+,s,s̠,52,−,F,D,0.5,+,2,−,a,255.0,0.5,2.0
0,-S-,"V_{a,O}",1,70.0,BR POR,+,s,z,51,−,F,D,1,+,2,+,a,0.0,1.0,2.0
1,-S-,"V_{a,O}",1,70.0,AMR ESP,+,s,s,50,−,F,D,1,+,2,−,a,255.0,1.0,2.0
2,-S-,"V_{a,O}",1,70.0,LAT,+,S,s̠,52,−,F,D,0.5,+,2,−,a,255.0,0.5,2.0
3,-S-,"V_{a,O}",1,70.0,CAT,+,s,z̠,53,−,F,D,0.5,+,2,+,a,0.0,0.5,2.0
4,-S-,"V_{a,O}",1,70.0,VAL,+,s,z̠,53,−,F,D,0.5,+,2,+,a,0.0,0.5,2.0
5,-S-,"V_{a,O}",1,70.0,BAL,+,s,z̠,53,−,F,D,0.5,+,2,+,a,0.0,0.5,2.0
6,-S-,"V_{a,O}",1,70.0,OCC,+,s,z̠,53,−,F,D,0.5,+,2,+,a,0.0,0.5,2.0
7,-S-,"V_{a,O}",1,70.0,GAS OCC,+,s,z̠,53,−,F,D,0.5,+,2,+,a,0.0,0.5,2.0
8,-S-,"V_{a,O}",1,70.0,EU FRA,+,s,z̪,49,−,F,D,,+,2,+,a,0.0,1.333333333,2.0
9,-S-,"V_{a,O}",1,70.0,QBC FRA,+,s,z̪,49,−,F,D,,+,2,+,a,0.0,1.333333333,2.0
13,-S-,"V_{a,O}",1,70.0,EU POR,+,s,z (z̠),119,−,F,D,,+,2,+,a,0.0,0.875,2.0
20,-S-,"V_{a,O}",1,70.0,ITA,+,s,z~s,253,−,F,D,1,+,2,+/−,a,127.5,1.0,2.0
27,-S-,"V_{a,O}",1,70.0,ROM,+,s,s̪,48,−,F,D,,+,2,−,a,255.0,1.333333333,2.0
28,-S-,"V_{a,O}",1,70.0,GAL,+,s,s̠,122,−,F,D,,+,2,−,a,255.0,0.5,2.0
29,-S-,"V_{a,O}",1,70.0,ASL,+,s,s̠,52,−,F,D,0.5,+,2,−,a,255.0,0.5,2.0
30,-S-,"V_{a,O}",1,70.0,CAS ESP,+,s,s̠,52,−,F,D,0.5,+,2,−,a,255.0,0.5,2.0
31,-S-,"V_{a,O}",1,70.0,AND ESP,+,s,s̟,46,−,F,D,,+,2,−,a,255.0,1.666666667,2.0
32,-S-,"V_{a,O}",1,70.0,ARG,+,s,s̠,52,−,F,D,0.5,+,2,−,a,255.0,0.5,2.0
0,-R-,V_V,1,71.0,BR POR,+,r,ɾ,83,−,L,D,0.75,−,1,+,a,0.0,0.75,1.0
1,-R-,V_V,1,71.0,AMR ESP,+,r,ɾ,83,−,L,D,0.75,−,1,+,a,0.0,0.75,1.0
2,-R-,V_V,1,71.0,LAT,+,R,r,79,−,L,D,0.75,−,1.25,+,a,0.0,0.75,1.25
3,-R-,V_V,1,71.0,CAT,+,r,ɾ,83,−,L,D,0.75,−,1,+,a,0.0,0.75,1.0
4,-R-,V_V,1,71.0,VAL,+,r,ɾ,83,−,L,D,0.75,−,1,+,a,0.0,0.75,1.0
5,-R-,V_V,1,71.0,BAL,+,r,ɾ,83,−,L,D,0.75,−,1,+,a,0.0,0.75,1.0
6,-R-,V_V,1,71.0,OCC,+,r,ɾ,83,−,L,D,0.75,−,1,+,a,0.0,0.75,1.0
7,-R-,V_V,1,71.0,GAS OCC,+,r,ɾ,83,−,L,D,0.75,−,1,+,a,0.0,0.75,1.0
8,-R-,V_V,1,71.0,EU FRA,+,r,ʁ (ʀ),128,−,F (L),Q,-4,−,1.75,+,a,0.0,-4.0,1.75
9,-R-,V_V,1,71.0,QBC FRA,+,r,ʁ (ʀ),128,−,F (L),Q,-4,−,1.75,+,a,0.0,-4.0,1.75
10,-R-,V_V,1,71.0,WAL,+,r,ʀ,81,−,L,Q,-4,−,1.25,+,a,0.0,-4.0,1.25
12,-R-,V_V,1,71.0,LIG,+/−,i/∅,j~∅,151,−,W~∅,Ɉ,-2,−,,+/−,a,127.5,-2.0,0.166666667
13,-R-,V_V,1,71.0,EU POR,+,r,ɾ,83,−,L,D,0.75,−,1,+,a,0.0,0.75,1.0
17,-R-,V_V,1,71.0,LOG SRD,+,r,ɾ,83,−,L,D,0.75,−,1,+,a,0.0,0.75,1.0
18,-R-,V_V,1,71.0,CPN SRD,+,r,ɾ,83,−,L,D,0.75,−,1,+,a,0.0,0.75,1.0
20,-R-,V_V,1,71.0,ITA,+,r,ɾ,83,−,L,D,0.75,−,1,+,a,0.0,0.75,1.0
21,-R-,V_V,1,71.0,ABR,+,r,ɾ,83,−,L,D,0.75,−,1,+,a,0.0,0.75,1.0
22,-R-,V_V,1,71.0,CAM,+,r,ɾ,83,−,L,D,0.75,−,1,+,a,0.0,0.75,1.0
23,-R-,V_V,1,71.0,PGL,+,r,ɾ,83,−,L,D,0.75,−,1,+,a,0.0,0.75,1.0
24,-R-,V_V,1,71.0,SCN,+,r,ɾ,83,−,L,D,0.75,−,1,+,a,0.0,0.75,1.0
25,-R-,V_V,1,71.0,VEN,+,r,ɾ,83,−,L,D,0.75,−,1,+,a,0.0,0.75,1.0
26,-R-,V_V,1,71.0,ARO,+,r,ɾ̪,82,−,L,D,,−,1,+,a,0.0,1.666666667,1.0
27,-R-,V_V,1,71.0,ROM,+,r,ɾ̪,82,−,L,D,,−,1,+,a,0.0,1.666666667,1.0
29,-R-,V_V,1,71.0,ROM,+,n,n,73,−,N,D,1.67,−,1.5,+,b,0.0,0.75,1.5
30,-R-,V_V,1,71.0,GAL,+,r,ɾ,83,−,L,D,0.75,−,1,+,a,0.0,0.75,1.0
31,-R-,V_V,1,71.0,ASL,+,r,ɾ,83,−,L,D,0.75,−,1,+,a,0.0,0.75,1.0
32,-R-,V_V,1,71.0,CAS ESP,+,r,ɾ,83,−,L,D,0.75,−,1,+,a,0.0,0.75,1.0
33,-R-,V_V,1,71.0,AND ESP,+,r,ɾ,83,−,L,D,0.75,−,1,+,a,0.0,0.75,1.0
34,-R-,V_V,1,71.0,ARG,+,r,ɾ,83,−,L,D,0.75,−,1,+,a,0.0,0.75,1.0
0,-L-,V_V,1,72.0,BR POR,−,∅,∅,,−,∅,D,0.75,−,0,−,a,255.0,0.0,0.0
1,-L-,V_V,1,72.0,AMR ESP,+,l,l,85,+,LW,D,0.75,−,0.75,+,a,0.0,0.75,0.75
2,-L-,V_V,1,72.0,LAT,+,L,ɫ̪,87,+,LW,DQ,,−,0.75,+,a,0.0,-1.166666667,0.75
3,-L-,V_V,1,72.0,CAT,+,l,l,85,+,LW,D,0.75,−,0.75,+,a,0.0,0.75,0.75
4,-L-,V_V,1,72.0,VAL,+,l,ɫ,89,+,LW,DQ,-1.625,−,0.75,+,a,0.0,-1.625,0.75
5,-L-,V_V,1,72.0,BAL,+,l,ʟ,140,+,LW,K,-3,−,0.75,+,a,0.0,-3.0,0.75
6,-L-,V_V,1,72.0,OCC,+,l,l,85,+,LW,D,0.75,−,0.75,+,a,0.0,0.75,0.75
7,-L-,V_V,1,72.0,GAS OCC,+,l,l,85,+,LW,D,0.75,−,0.75,+,a,0.0,0.75,0.75
8,-L-,V_V,1,72.0,EU FRA,+,l,l,85,+,LW,D,0.75,−,0.75,+,a,0.0,0.75,0.75
9,-L-,V_V,1,72.0,QBC FRA,+,l,l,85,+,LW,D,0.75,−,0.75,+,a,0.0,0.75,0.75
10,-L-,V_V,1,72.0,WAL,+,l,l,85,+,LW,D,0.75,−,0.75,+,a,0.0,0.75,0.75
11,-L-,V_V,1,72.0,ARP,+,l,l,85,+,LW,D,0.75,−,0.75,+,a,0.0,0.75,0.75
12,-L-,V_V,1,72.0,LIG,+/−,i/∅,j~∅,151,−,W~∅,Ɉ,-2,−,,+/−,a,127.5,-2.0,0.166666667
13,-L-,V_V,1,72.0,EU POR,−,∅,∅,,−,∅,D,0.75,−,0,−,a,255.0,0.0,0.0
14,-L-,V_V,1,72.0,LMO,+,l,l,85,+,LW,D,0.75,−,0.75,+,a,0.0,0.75,0.75
15,-L-,V_V,1,72.0,RMH,+,l,l,85,+,LW,D,0.75,−,0.75,+,a,0.0,0.75,0.75
16,-L-,V_V,1,72.0,FUR,+,l,l,85,+,LW,D,0.75,−,0.75,+,a,0.0,0.75,0.75
17,-L-,V_V,1,72.0,LOG SRD,+,l,l,85,+,LW,D,0.75,−,0.75,+,a,0.0,0.75,0.75
18,-L-,V_V,1,72.0,CPN SRD,+,l,l,85,+,LW,D,0.75,−,0.75,+,a,0.0,0.75,0.75
19,-L-,V_V,1,72.0,COR,+,l,l,85,+,LW,D,0.75,−,0.75,+,a,0.0,0.75,0.75
20,-L-,V_V,1,72.0,ITA,+,l,l,85,+,LW,D,0.75,−,0.75,+,a,0.0,0.75,0.75
21,-L-,V_V,1,72.0,ABR,+,l,l,85,+,LW,D,0.75,−,0.75,+,a,0.0,0.75,0.75
22,-L-,V_V,1,72.0,CAM,+,l,l,85,+,LW,D,0.75,−,0.75,+,a,0.0,0.75,0.75
23,-L-,V_V,1,72.0,PGL,+,l,l,85,+,LW,D,0.75,−,0.75,+,a,0.0,0.75,0.75
24,-L-,V_V,1,72.0,SCN,+,l,l,85,+,LW,D,0.75,−,0.75,+,a,0.0,0.75,0.75
25,-L-,V_V,1,72.0,VEN,+,ł,l~ɰ,131,+/−,LW~W,D~K,,−,,+,a,0.0,-1.125,0.541666667
26,-L-,V_V,1,72.0,ARO,+,r,ɾ̪,82,−,L,D,,−,0.875,+,a,0.0,1.666666667,1.0
27,-L-,V_V,1,72.0,ROM,+,r,ɾ̪,82,−,L,D,,−,0.875,+,a,0.0,1.666666667,1.0
29,-L-,V_V,1,72.0,LAT,+,L,l̪ʲ,139,+,LW,Ɉ,,−,0.75,+,b,0.0,-0.166666667,0.75
30,-L-,V_V,1,72.0,GAL,−,∅,∅,,−,∅,D,0.75,−,0,−,a,255.0,0.0,0.0
31,-L-,V_V,1,72.0,ASL,+,l,l,85,+,LW,D,0.75,−,0.75,+,a,0.0,0.75,0.75
32,-L-,V_V,1,72.0,CAS ESP,+,l,l,85,+,LW,D,0.75,−,0.75,+,a,0.0,0.75,0.75
33,-L-,V_V,1,72.0,AND ESP,+,l,l,85,+,LW,D,0.75,−,0.75,+,a,0.0,0.75,0.75
34,-L-,V_V,1,72.0,ARG,+,l,l,85,+,LW,D,0.75,−,0.75,+,a,0.0,0.75,0.75
0,-J-,Vˈ_V,1,73.0,BR POR,+/−,i/∅,j~∅,151,−,W~∅,Ɉ,-2,−,,+/−,a,127.5,-2.0,0.166666667
1,-J-,Vˈ_V,1,73.0,AMR ESP,−,∅,∅,,−,∅,Ɉ,-2,−,0,−,a,255.0,0.0,0.0
2,-J-,Vˈ_V,1,73.0,LAT,+,I,jj,251,−,WW,Ɉ,-2,−,,+,a,0.0,-2.0,0.416666667
6,-J-,Vˈ_V,1,73.0,OCC,+,i,j,98,−,W,Ɉ,-2,−,,+,a,0.0,-2.0,0.333333333
7,-J-,Vˈ_V,1,73.0,GAS OCC,+,i,j,98,−,W,Ɉ,-2,−,,+,a,0.0,-2.0,0.333333333
8,-J-,Vˈ_V,1,73.0,EU FRA,+/−,i/∅,j~∅,151,−,W~∅,Ɉ,-2,−,,+/−,a,127.5,-2.0,0.166666667
9,-J-,Vˈ_V,1,73.0,QBC FRA,+/−,i/∅,j~∅,151,−,W~∅,Ɉ,-2,−,,+/−,a,127.5,-2.0,0.166666667
10,-J-,Vˈ_V,1,73.0,WAL,+/−,i/∅,j~∅,151,−,W~∅,Ɉ,-2,−,,+/−,a,127.5,-2.0,0.166666667
11,-J-,Vˈ_V,1,73.0,ARP,+/−,i/∅,j~∅,151,−,W~∅,Ɉ,-2,−,,+/−,a,127.5,-2.0,0.166666667
13,-J-,Vˈ_V,1,73.0,EU POR,+/−,i/∅,j~∅,151,−,W~∅,Ɉ,-2,−,,+/−,a,127.5,-2.0,0.166666667
20,-J-,Vˈ_V,1,73.0,ITA,+,ggi,d̠d̠͡ʒ,187,−,PP͡F,Ɉ,-0.5,+,3.75,+,a,0.0,-0.5,3.75
27,-J-,Vˈ_V,1,73.0,ROM,−,∅,∅,∅,−,∅,Ɉ,-2,−,0,+,a,0.0,0.0,0.0
29,-J-,Vˈ_V,1,73.0,EU POR,+,j,ʒ,57,−,F,Ɉ,-0.5,+,2,+,b,0.0,-0.5,2.0
30,-J-,Vˈ_V,1,73.0,BR POR,+,j,ʒ,57,−,F,Ɉ,-0.5,+,2,+,b,0.0,-0.5,2.0
31,-J-,Vˈ_V,1,73.0,GAL,+,x,ʃ,56,−,F,Ɉ,-0.5,+,2,−,a,255.0,-0.5,2.0
32,-J-,Vˈ_V,1,73.0,ASL,+,y/x,ʝ~ʃ,193,−,F,Ɉ,,−/+,2,+/−,a,127.5,-1.25,2.0
33,-J-,Vˈ_V,1,73.0,CAS ESP,+,y,ʝ,61,−,F,Ɉ,-2,−,2,+,a,0.0,-2.0,2.0
34,-J-,Vˈ_V,1,73.0,GAL,+/−,i/∅,j~∅,151,−,W~∅,Ɉ,-2,−,,+/−,b,127.5,-2.0,0.166666667
35,-J-,Vˈ_V,1,73.0,AND ESP,+,y,ʝ,61,−,F,Ɉ,-2,−,2,+,a,0.0,-2.0,2.0
36,-J-,Vˈ_V,1,73.0,AMR ESP,+,y,ʝ,61,−,F,Ɉ,-2,−,2,+,b,0.0,-2.0,2.0
37,-J-,Vˈ_V,1,73.0,ARG,+,y,ʝ,61,−,F,Ɉ,-2,−,2,+,a,0.0,-2.0,2.0
38,-J-,Vˈ_V,1,73.0,CAT,+,j,ʒ,57,−,F,Ɉ,-0.5,+,2,+,b,0.0,-0.5,2.0
39,-J-,Vˈ_V,1,73.0,VAL,+,j,d̠͡ʒ,35,−,P͡F,Ɉ,-0.5,+,3,+,b,0.0,-0.5,3.0
40,-J-,Vˈ_V,1,73.0,BAL,+,j,ʒ,57,−,F,Ɉ,-0.5,+,2,+,b,0.0,-0.5,2.0
41,-J-,Vˈ_V,1,73.0,OCC,+,g/j,̠d̠͡ʒ (d͡z̠),194,−,P͡F,Ɉ (D),,+,3,+,b,0.0,-0.166666667,3.0
42,-J-,Vˈ_V,1,73.0,GAS OCC,+,g/j,ʒ,57,−,F,Ɉ,-0.5,+,2,+,b,0.0,-0.5,2.0
45,-J-,Vˈ_V,1,73.0,ASL,−,∅,∅,,−,∅,Ɉ,-2,−,0,−,b,255.0,0.0,0.0
51,-J-,Vˈ_V,1,73.0,ITA,+,gi,d̠͡ʒ,35,−,P͡F,Ɉ,-0.5,+,3,+,b,0.0,-0.5,3.0
56,-J-,Vˈ_V,1,73.0,CAS ESP,−,∅,∅,,−,∅,Ɉ,-2,−,0,−,b,255.0,0.0,0.0
59,-J-,Vˈ_V,1,73.0,ROM,+,j,ʒ,57,−,F,Ɉ,-0.5,+,2,+,b,0.0,-0.5,2.0
60,-J-,Vˈ_V,1,73.0,AND ESP,−,∅,∅,,−,∅,Ɉ,-2,−,0,−,b,255.0,0.0,0.0
61,-J-,Vˈ_V,1,73.0,ARG,+/−,i/∅,j~∅,151,−,W~∅,Ɉ,-2,−,,+/−,b,127.5,-2.0,0.166666667
0,-J-,ˈV_V,1,74.0,BR POR,+/−,i/∅,j~∅,151,−,W~∅,Ɉ,-2,−,,+/−,a,127.5,-2.0,0.166666667
1,-J-,ˈV_V,1,74.0,AMR ESP,−,∅,∅,,−,∅,Ɉ,-2,−,0,−,a,255.0,0.0,0.0
2,-J-,ˈV_V,1,74.0,LAT,+,I,jj,251,−,WW,Ɉ,-2,−,,+,a,0.0,-2.0,0.416666667
3,-J-,ˈV_V,1,74.0,CAT,+/−,i/∅,j~∅,151,−,W~∅,Ɉ,-2,−,,+/−,a,127.5,-2.0,0.166666667
4,-J-,ˈV_V,1,74.0,VAL,+/−,i/∅,j~∅,151,−,W~∅,Ɉ,-2,−,,+/−,a,127.5,-2.0,0.166666667
5,-J-,ˈV_V,1,74.0,BAL,+/−,i/∅,j~∅,151,−,W~∅,Ɉ,-2,−,,+/−,a,127.5,-2.0,0.166666667
6,-J-,ˈV_V,1,74.0,OCC,+,i,j,98,−,W,Ɉ,-2,−,,+,a,0.0,-2.0,0.333333333
7,-J-,ˈV_V,1,74.0,GAS OCC,+,i,j,98,−,W,Ɉ,-2,−,,+,a,0.0,-2.0,0.333333333
8,-J-,ˈV_V,1,74.0,EU FRA,+/−,i/∅,j~∅,151,−,W~∅,Ɉ,-2,−,,+/−,a,127.5,-2.0,0.166666667
9,-J-,ˈV_V,1,74.0,QBC FRA,+/−,i/∅,j~∅,151,−,W~∅,Ɉ,-2,−,,+/−,a,127.5,-2.0,0.166666667
10,-J-,ˈV_V,1,74.0,WAL,+/−,i/∅,j~∅,151,−,W~∅,Ɉ,-2,−,,+/−,a,127.5,-2.0,0.166666667
11,-J-,ˈV_V,1,74.0,ARP,+/−,i/∅,j~∅,151,−,W~∅,Ɉ,-2,−,,+/−,a,127.5,-2.0,0.166666667
12,-J-,ˈV_V,1,74.0,LIG,+/−,i/∅,j~∅,151,−,W~∅,Ɉ,-2,−,,+/−,a,127.5,-2.0,0.166666667
13,-J-,ˈV_V,1,74.0,EU POR,+/−,i/∅,j~∅,151,−,W~∅,Ɉ,-2,−,,+/−,a,127.5,-2.0,0.166666667
20,-J-,ˈV_V,1,74.0,ITA,+,ggi,d̠d̠͡ʒ,187,−,PP͡F,Ɉ,-0.5,+,3.75,+,a,0.0,-0.5,3.75
27,-J-,ˈV_V,1,74.0,ROM,+,i,j,98,−,W,Ɉ,-2,−,,+,a,0.0,-2.0,0.333333333
29,-J-,ˈV_V,1,74.0,EU POR,+,j,ʒ,57,−,F,Ɉ,-0.5,+,2,+,b,0.0,-0.5,2.0
30,-J-,ˈV_V,1,74.0,BR POR,+,j,ʒ,57,−,F,Ɉ,-0.5,+,2,+,b,0.0,-0.5,2.0
31,-J-,ˈV_V,1,74.0,GAL,+,x,ʃ,56,−,F,Ɉ,-0.5,+,2,−,a,255.0,-0.5,2.0
32,-J-,ˈV_V,1,74.0,ASL,+,y/x,ʝ~ʃ,193,−,F,Ɉ,,−/+,2,+/−,a,127.5,-1.25,2.0
33,-J-,ˈV_V,1,74.0,CAS ESP,+,y,ʝ,61,−,F,Ɉ,-2,−,2,+,a,0.0,-2.0,2.0
34,-J-,ˈV_V,1,74.0,GAL,+/−,i/∅,j~∅,151,−,W~∅,Ɉ,-2,−,,+/−,b,127.5,-2.0,0.166666667
35,-J-,ˈV_V,1,74.0,AND ESP,+,y,ʝ,61,−,F,Ɉ,-2,−,2,+,a,0.0,-2.0,2.0
36,-J-,ˈV_V,1,74.0,AMR ESP,+,y,ʝ,61,−,F,Ɉ,-2,−,2,+,b,0.0,-2.0,2.0
37,-J-,ˈV_V,1,74.0,ARG,+,y,ʝ,61,−,F,Ɉ,-2,−,2,+,a,0.0,-2.0,2.0
38,-J-,ˈV_V,1,74.0,CAT,+,j,ʒ,57,−,F,Ɉ,-0.5,+,2,+,b,0.0,-0.5,2.0
39,-J-,ˈV_V,1,74.0,VAL,+,j,d̠͡ʒ,35,−,P͡F,Ɉ,-0.5,+,3,+,b,0.0,-0.5,3.0
40,-J-,ˈV_V,1,74.0,BAL,+,j,ʒ,57,−,F,Ɉ,-0.5,+,2,+,b,0.0,-0.5,2.0
41,-J-,ˈV_V,1,74.0,OCC,+,g/j,̠d̠͡ʒ (d͡z̠),194,−,P͡F,Ɉ (D),,+,3,+,b,0.0,-0.166666667,3.0
42,-J-,ˈV_V,1,74.0,GAS OCC,+,g/j,ʒ,57,−,F,Ɉ,-0.5,+,2,+,b,0.0,-0.5,2.0
45,-J-,ˈV_V,1,74.0,ASL,−,∅,∅,,−,∅,Ɉ,-2,−,0,−,b,255.0,0.0,0.0
47,-J-,ˈV_V,1,74.0,CAS ESP,−,∅,∅,,−,∅,Ɉ,-2,−,0,−,b,255.0,0.0,0.0
48,-J-,ˈV_V,1,74.0,AND ESP,−,∅,∅,,−,∅,Ɉ,-2,−,0,−,b,255.0,0.0,0.0
49,-J-,ˈV_V,1,74.0,ARG,+/−,i/∅,j~∅,151,−,W~∅,Ɉ,-2,−,,+/−,b,127.5,-2.0,0.166666667
0,-PP-,V_V,1,90.0,BR POR,+,p,p,1,−,P,B,3,−,4,−,a,255.0,3.0,4.0
1,-PP-,V_V,1,90.0,AMR ESP,+,p,p,1,−,P,B,3,−,4,−,a,255.0,3.0,4.0
2,-PP-,V_V,1,90.0,LAT,+,PP,pp,195,−,PP,B,3,−,5,−,a,255.0,3.0,5.0
3,-PP-,V_V,1,90.0,CAT,+,p,p,1,−,P,B,3,−,4,−,a,255.0,3.0,4.0
4,-PP-,V_V,1,90.0,VAL,+,p,p,1,−,P,B,3,−,4,−,a,255.0,3.0,4.0
5,-PP-,V_V,1,90.0,BAL,+,p,p,1,−,P,B,3,−,4,−,a,255.0,3.0,4.0
6,-PP-,V_V,1,90.0,OCC,+,p,p,1,−,P,B,3,−,4,−,a,255.0,3.0,4.0
7,-PP-,V_V,1,90.0,GAS OCC,+,p,p,1,−,P,B,3,−,4,−,a,255.0,3.0,4.0
8,-PP-,V_V,1,90.0,EU FRA,+,p,p,1,−,P,B,3,−,4,−,a,255.0,3.0,4.0
13,-PP-,V_V,1,90.0,EU POR,+,p,p,1,−,P,B,3,−,4,−,a,255.0,3.0,4.0
20,-PP-,V_V,1,90.0,ITA,+,pp,pp,195,−,PP,B,3,−,5,−,a,255.0,3.0,5.0
21,-PP-,V_V,1,90.0,ABR,+,pp,pp,195,−,PP,B,3,−,5,−,a,255.0,3.0,5.0
22,-PP-,V_V,1,90.0,CAM,+,pp,pp,195,−,PP,B,3,−,5,−,a,255.0,3.0,5.0
23,-PP-,V_V,1,90.0,PGL,+,pp,pp,195,−,PP,B,3,−,5,−,a,255.0,3.0,5.0
24,-PP-,V_V,1,90.0,SCN,+,pp,pp,195,−,PP,B,3,−,5,−,a,255.0,3.0,5.0
27,-PP-,V_V,1,90.0,ROM,+,p,p,1,−,P,B,3,−,4,−,a,255.0,3.0,4.0
28,-PP-,V_V,1,90.0,GAL,+,p,p,1,−,P,B,3,−,4,−,a,255.0,3.0,4.0
29,-PP-,V_V,1,90.0,ASL,+,p,p,1,−,P,B,3,−,4,−,a,255.0,3.0,4.0
30,-PP-,V_V,1,90.0,CAS ESP,+,p,p,1,−,P,B,3,−,4,−,a,255.0,3.0,4.0
31,-PP-,V_V,1,90.0,AND ESP,+,p,p,1,−,P,B,3,−,4,−,a,255.0,3.0,4.0
32,-PP-,V_V,1,90.0,ARG,+,p,p,1,−,P,B,3,−,4,−,a,255.0,3.0,4.0
0,-BB-,V_V,1,91.0,BR POR,+,b,b,2,−,P,B,3,−,4,+,a,0.0,3.0,4.0
1,-BB-,V_V,1,91.0,AMR ESP,+,b,β̞,91,−,W,B,3,−,0.5,+,a,0.0,3.0,0.5
2,-BB-,V_V,1,91.0,LAT,+,BB,bb,196,−,PP,B,3,−,5,+,a,0.0,3.0,5.0
3,-BB-,V_V,1,91.0,CAT,+,b,β~β̞,166,−,F~W,B,3,−,,+,a,0.0,3.0,1.25
4,-BB-,V_V,1,91.0,VAL,+,b,b~β̞,164,−,P~W,B,3,−,,+,a,0.0,3.0,2.25
5,-BB-,V_V,1,91.0,BAL,+,b,b~β,165,−,P~F,B,3,−,,+,a,0.0,3.0,3.0
8,-BB-,V_V,1,91.0,EU FRA,+,b,b,2,−,P,B,3,−,4,+,a,0.0,3.0,4.0
9,-BB-,V_V,1,91.0,QBC FRA,+,b,b,2,−,P,B,3,−,4,+,a,0.0,3.0,4.0
13,-BB-,V_V,1,91.0,EU POR,+,b,β,41,−,F,B,3,−,2,+,a,0.0,3.0,2.0
20,-BB-,V_V,1,91.0,ITA,+,b(b),bb (b),268,−,PP (P),B,3,−,,+,a,0.0,3.0,4.666666667
27,-BB-,V_V,1,91.0,ROM,+,b,b,2,−,P,B,3,−,4,+,a,0.0,3.0,4.0
28,-BB-,V_V,1,91.0,GAL,+,b,β̞,91,−,W,B,3,−,0.5,+,a,0.0,3.0,0.5
29,-BB-,V_V,1,91.0,ASL,+,b,β̞,91,−,W,B,3,−,0.5,+,a,0.0,3.0,0.5
30,-BB-,V_V,1,91.0,CAS ESP,+,b,β̞,91,−,W,B,3,−,0.5,+,a,0.0,3.0,0.5
31,-BB-,V_V,1,91.0,AND ESP,+,b,β̞,91,−,W,B,3,−,0.5,+,a,0.0,3.0,0.5
32,-BB-,V_V,1,91.0,ARG,+,b,β̞,91,−,W,B,3,−,0.5,+,a,0.0,3.0,0.5
0,-TT-,V_V,1,92.0,BR POR,+,t,t̪,5,−,P,D,,−,4,−,a,255.0,1.666666667,4.0
1,-TT-,V_V,1,92.0,AMR ESP,+,t,t̪,5,−,P,D,,−,4,−,a,255.0,1.666666667,4.0
2,-TT-,V_V,1,92.0,LAT,+,TT,t̪t̪,197,−,PP,D,,−,5,−,a,255.0,1.666666667,5.0
3,-TT-,V_V,1,92.0,CAT,+,t,t̪,5,−,P,D,,−,4,−,a,255.0,1.666666667,4.0
4,-TT-,V_V,1,92.0,VAL,+,t,t̪,5,−,P,D,,−,4,−,a,255.0,1.666666667,4.0
5,-TT-,V_V,1,92.0,BAL,+,t,t̪,5,−,P,D,,−,4,−,a,255.0,1.666666667,4.0
6,-TT-,V_V,1,92.0,OCC,+,t,t̪,5,−,P,D,,−,4,−,a,255.0,1.666666667,4.0
7,-TT-,V_V,1,92.0,GAS OCC,+,t,t̪,5,−,P,D,,−,4,−,a,255.0,1.666666667,4.0
8,-TT-,V_V,1,92.0,EU FRA,+,t,t̪,5,−,P,D,,−,4,−,a,255.0,1.666666667,4.0
9,-TT-,V_V,1,92.0,QBC FRA,+,t,t̪,5,−,P,D,,−,4,−,a,255.0,1.666666667,4.0
13,-TT-,V_V,1,92.0,EU POR,+,t,t̪,5,−,P,D,,−,4,−,a,255.0,1.666666667,4.0
20,-TT-,V_V,1,92.0,ITA,+,tt,t̪t̪,197,−,PP,D,,−,5,−,a,255.0,1.666666667,5.0
27,-TT-,V_V,1,92.0,ROM,+,t,t̪,5,−,P,D,,−,4,−,a,255.0,1.666666667,4.0
29,-TT-,V_V,1,92.0,BR POR,+,t,t̠͡ʃ,,−,P͡F,Ɉ,-0.5,+,3,−,b,255.0,-0.5,3.0
30,-TT-,V_V,1,92.0,ROM,+,ț,t͡s,,−,P͡F,D,1,+,3,−,b,255.0,1.0,3.0
31,-TT-,V_V,1,92.0,GAL,+,t,t̪,5,−,P,D,,−,4,−,a,255.0,1.666666667,4.0
32,-TT-,V_V,1,92.0,ASL,+,t,t̪,5,−,P,D,,−,4,−,a,255.0,1.666666667,4.0
33,-TT-,V_V,1,92.0,CAS ESP,+,t,t̪,5,−,P,D,,−,4,−,a,255.0,1.666666667,4.0
34,-TT-,V_V,1,92.0,AND ESP,+,t,t̪,5,−,P,D,,−,4,−,a,255.0,1.666666667,4.0
35,-TT-,V_V,1,92.0,ARG,+,t,t̪,5,−,P,D,,−,4,−,a,255.0,1.666666667,4.0
0,-DD-,V_V,1,93.0,BR POR,+,d,d̪,6,−,P,D,,−,4,+,a,0.0,1.666666667,4.0
1,-DD-,V_V,1,93.0,AMR ESP,+,d,ð̞,92,−,W,D,,−,0.5,+,a,0.0,1.833333333,0.5
2,-DD-,V_V,1,93.0,LAT,+,DD,d̪d̪,198,−,PP,D,,−,5,+,a,0.0,1.666666667,5.0
3,-DD-,V_V,1,93.0,CAT,+,d,ð~ð̞,170,−,F~W,D,,−,,+,a,0.0,1.916666667,1.25
8,-DD-,V_V,1,93.0,EU FRA,+,d,d̪,6,−,P,D,,−,4,+,a,0.0,1.666666667,4.0
9,-DD-,V_V,1,93.0,QBC FRA,+,d,d̪,6,−,P,D,,−,4,+,a,0.0,1.666666667,4.0
13,-DD-,V_V,1,93.0,EU POR,+,d,ð,45,−,F,D,2,−,2,+,a,0.0,2.0,2.0
20,-DD-,V_V,1,93.0,ITA,+,dd,d̪d̪,198,−,PP,D,,−,5,+,a,0.0,1.666666667,5.0
27,-DD-,V_V,1,93.0,ROM,+,d,d̪,6,−,P,D,,−,4,+,a,0.0,1.666666667,4.0
28,-DD-,V_V,1,93.0,GAL,+,d,ð̞,92,−,W,D,,−,0.5,+,a,0.0,1.833333333,0.5
29,-DD-,V_V,1,93.0,ASL,+,d,ð̞,92,−,W,D,,−,0.5,+,a,0.0,1.833333333,0.5
30,-DD-,V_V,1,93.0,CAS ESP,+,d,ð̞,92,−,W,D,,−,0.5,+,a,0.0,1.833333333,0.5
31,-DD-,V_V,1,93.0,AND ESP,+,d,ð̞,92,−,W,D,,−,0.5,+,a,0.0,1.833333333,0.5
32,-DD-,V_V,1,93.0,ARG,+,d,ð~ð̞,170,−,F~W,D,,−,,+,a,0.0,1.916666667,1.25
0,-CC-,V_O,1,94.0,BR POR,+,c,k,19,−,P,K,-3,−,4,−,a,255.0,-3.0,4.0
1,-CC-,V_O,1,94.0,AMR ESP,+,c,k,19,−,P,K,-3,−,4,−,a,255.0,-3.0,4.0
2,-CC-,V_O,1,94.0,LAT,+,CC,kk,206,−,PP,K,-3,−,5,−,a,255.0,-3.0,5.0
3,-CC-,V_O,1,94.0,CAT,+,c,k,19,−,P,K,-3,−,4,−,a,255.0,-3.0,4.0
4,-CC-,V_O,1,94.0,VAL,+,c,k,19,−,P,K,-3,−,4,−,a,255.0,-3.0,4.0
5,-CC-,V_O,1,94.0,BAL,+,c,k,19,−,P,K,-3,−,4,−,a,255.0,-3.0,4.0
6,-CC-,V_O,1,94.0,OCC,+,c,k,19,−,P,K,-3,−,4,−,a,255.0,-3.0,4.0
7,-CC-,V_O,1,94.0,GAS OCC,+,c,k,19,−,P,K,-3,−,4,−,a,255.0,-3.0,4.0
8,-CC-,V_O,1,94.0,EU FRA,+,c,k,19,−,P,K,-3,−,4,−,a,255.0,-3.0,4.0
9,-CC-,V_O,1,94.0,QBC FRA,+,c,k,19,−,P,K,-3,−,4,−,a,255.0,-3.0,4.0
13,-CC-,V_O,1,94.0,EU POR,+,c,k,19,−,P,K,-3,−,4,−,a,255.0,-3.0,4.0
20,-CC-,V_O,1,94.0,ITA,+,cc,kk,206,−,PP,K,-3,−,5,−,a,255.0,-3.0,5.0
27,-CC-,V_O,1,94.0,ROM,+,c,k,19,−,P,K,-3,−,4,−,a,255.0,-3.0,4.0
28,-CC-,V_O,1,94.0,GAL,+,c,k,19,−,P,K,-3,−,4,−,a,255.0,-3.0,4.0
29,-CC-,V_O,1,94.0,ASL,+,c,k,19,−,P,K,-3,−,4,−,a,255.0,-3.0,4.0
30,-CC-,V_O,1,94.0,CAS ESP,+,c,k,19,−,P,K,-3,−,4,−,a,255.0,-3.0,4.0
31,-CC-,V_O,1,94.0,AND ESP,+,c,k,19,−,P,K,-3,−,4,−,a,255.0,-3.0,4.0
32,-CC-,V_O,1,94.0,ARG,+,c,k,19,−,P,K,-3,−,4,−,a,255.0,-3.0,4.0
0,-CC-,V_a,1,95.0,BR POR,+,c,k,19,−,P,K,-3,−,4,−,a,255.0,-3.0,4.0
1,-CC-,V_a,1,95.0,AMR ESP,+,c,k,19,−,P,K,-3,−,4,−,a,255.0,-3.0,4.0
2,-CC-,V_a,1,95.0,LAT,+,CC,kk,206,−,PP,K,-3,−,5,−,a,255.0,-3.0,5.0
3,-CC-,V_a,1,95.0,CAT,+,c,k,19,−,P,K,-3,−,4,−,a,255.0,-3.0,4.0
4,-CC-,V_a,1,95.0,VAL,+,c,k,19,−,P,K,-3,−,4,−,a,255.0,-3.0,4.0
5,-CC-,V_a,1,95.0,BAL,+,c,k~c,150,−,P,K~Ɉ,,−,4,−,a,255.0,-2.5,4.0
7,-CC-,V_a,1,95.0,GAS OCC,+,c,k,19,−,P,K,-3,−,4,−,a,255.0,-3.0,4.0
8,-CC-,V_a,1,95.0,EU FRA,+,ch,ʃ,56,−,F,Ɉ,-0.5,+,2,−,a,255.0,-0.5,2.0
9,-CC-,V_a,1,95.0,QBC FRA,+,ch,ʃ,56,−,F,Ɉ,-0.5,+,2,−,a,255.0,-0.5,2.0
13,-CC-,V_a,1,95.0,EU POR,+,c,k,19,−,P,K,-3,−,4,−,a,255.0,-3.0,4.0
20,-CC-,V_a,1,95.0,ITA,+,cc,kk,206,−,PP,K,-3,−,5,−,a,255.0,-3.0,5.0
27,-CC-,V_a,1,95.0,ROM,+,c,k,19,−,P,K,-3,−,4,−,a,255.0,-3.0,4.0
28,-CC-,V_a,1,95.0,GAL,+,c,k,19,−,P,K,-3,−,4,−,a,255.0,-3.0,4.0
29,-CC-,V_a,1,95.0,ASL,+,c,k,19,−,P,K,-3,−,4,−,a,255.0,-3.0,4.0
30,-CC-,V_a,1,95.0,CAS ESP,+,c,k,19,−,P,K,-3,−,4,−,a,255.0,-3.0,4.0
31,-CC-,V_a,1,95.0,AND ESP,+,c,k,19,−,P,K,-3,−,4,−,a,255.0,-3.0,4.0
32,-CC-,V_a,1,95.0,ARG,+,c,k,19,−,P,K,-3,−,4,−,a,255.0,-3.0,4.0
0,-CC-,V_E,1,96.0,BR POR,+,c,s,50,−,F,D,1,+,2,−,a,255.0,1.0,2.0
1,-CC-,V_E,1,96.0,AMR ESP,+,c/z,s,50,−,F,D,1,+,2,−,a,255.0,1.0,2.0
2,-CC-,V_E,1,96.0,LAT,+,CC,kk,206,−,PP,K,-3,−,5,−,a,255.0,-3.0,5.0
3,-CC-,V_E,1,96.0,CAT,+,c/ss(tz),s̠ (d͡z̠),269,−,F (P͡F),D,0.5,+,,−/+,a,127.5,0.5,2.25
4,-CC-,V_E,1,96.0,VAL,+,c/ss(tz),s̠ (d͡z̠),269,−,F (P͡F),D,0.5,+,,−/+,a,127.5,0.5,2.25
5,-CC-,V_E,1,96.0,BAL,+,c/ss(tz),s̠ (d͡z̠),269,−,F (P͡F),D,0.5,+,,−/+,a,127.5,0.5,2.25
8,-CC-,V_E,1,96.0,EU FRA,+,c/ss,s̪,48,−,F,D,,+,2,−,a,255.0,1.333333333,2.0
9,-CC-,V_E,1,96.0,QBC FRA,+,c/ss,s̪,48,−,F,D,,+,2,−,a,255.0,1.333333333,2.0
13,-CC-,V_E,1,96.0,EU POR,+,c,s (s̪),120,−,F,D,,+,2,−,a,255.0,1.083333333,2.0
20,-CC-,V_E,1,96.0,ITA,+,cc,t̠t̠͡ʃ,186,−,PP͡F,Ɉ,-0.5,+,3.75,−,a,255.0,-0.5,3.75
26,-CC-,V_E,1,96.0,ARO,+,ts,t͡s̪,26,−,P͡F,D,,+,3,−,a,255.0,1.333333333,3.0
27,-CC-,V_E,1,96.0,ROM,+,c,t̠͡ʃ,35,−,P͡F,Ɉ,-0.5,+,3,−,a,255.0,-0.5,3.0
28,-CC-,V_E,1,96.0,GAL,+,,θ (s),102,−,F,D,,+/−,2,−,a,255.0,1.666666667,2.0
29,-CC-,V_E,1,96.0,ASL,+,,θ,44,−,F,D,2,−,2,−,a,255.0,2.0,2.0
30,-CC-,V_E,1,96.0,CAS ESP,+,c/z,θ,44,−,F,D,2,−,2,−,a,255.0,2.0,2.0
31,-CC-,V_E,1,96.0,AND ESP,+,c/z,s̟,46,−,F,D,,+,2,−,a,255.0,1.666666667,2.0
32,-CC-,V_E,1,96.0,ARG,+,,θ,44,−,F,D,2,−,2,−,a,255.0,2.0,2.0
0,-GG-,V_V,1,97.0,BR POR,+,g,ʒ,57,−,F,Ɉ,-0.5,+,2,+,a,0.0,-0.5,2.0
1,-GG-,V_V,1,97.0,AMR ESP,+,g,h,68,−,F,H,-6,−,2,+,a,0.0,-6.0,2.0
3,-GG-,V_V,1,97.0,CAT,+,g,ʒ,57,−,F,Ɉ,-0.5,+,2,+,a,0.0,-0.5,2.0
4,-GG-,V_V,1,97.0,VAL,+,g,d̠͡ʒ,35,−,P͡F,Ɉ,-0.5,+,3,+,a,0.0,-0.5,3.0
5,-GG-,V_V,1,97.0,BAL,+,g,ʒ,57,−,F,Ɉ,-0.5,+,2,+,a,0.0,-0.5,2.0
8,-GG-,V_V,1,97.0,EU FRA,+,g,ʒ,57,−,F,Ɉ,-0.5,+,2,+,a,0.0,-0.5,2.0
9,-GG-,V_V,1,97.0,QBC FRA,+,g,ʒ,57,−,F,Ɉ,-0.5,+,2,+,a,0.0,-0.5,2.0
13,-GG-,V_V,1,97.0,EU POR,+,g,ʒ,57,−,F,Ɉ,-0.5,+,2,+,a,0.0,-0.5,2.0
20,-GG-,V_V,1,97.0,ITA,+,g(g),d̠d̠͡ʒ,187,−,PP͡F,Ɉ,-0.5,+,3.75,+,a,0.0,-0.5,3.75
27,-GG-,V_V,1,97.0,ROM,+,g,d̠͡ʒ,35,−,P͡F,Ɉ,-0.5,+,3,+,a,0.0,-0.5,3.0
30,-GG-,V_V,1,97.0,CAS ESP,+,g,x,63,−,F,K,-3,−,2,−,a,255.0,-3.0,2.0
31,-GG-,V_V,1,97.0,AND ESP,+,g,h,68,−,F,H,-6,−,2,+,a,0.0,-6.0,2.0
0,-MM-,V_V,1,98.0,BR POR,+,m,m,70,−,N,B,3,−,1.5,+,a,0.0,3.0,1.5
1,-MM-,V_V,1,98.0,AMR ESP,+,m,m,70,−,N,B,3,−,1.5,+,a,0.0,3.0,1.5
2,-MM-,V_V,1,98.0,LAT,+,MM,mm,229,−,NN,B,3,−,1.875,+,a,0.0,3.0,1.875
3,-MM-,V_V,1,98.0,CAT,+,m,m,70,−,N,B,3,−,1.5,+,a,0.0,3.0,1.5
4,-MM-,V_V,1,98.0,VAL,+,m,m,70,−,N,B,3,−,1.5,+,a,0.0,3.0,1.5
5,-MM-,V_V,1,98.0,BAL,+,m,m,70,−,N,B,3,−,1.5,+,a,0.0,3.0,1.5
6,-MM-,V_V,1,98.0,OCC,+,m,m,70,−,N,B,3,−,1.5,+,a,0.0,3.0,1.5
7,-MM-,V_V,1,98.0,GAS OCC,+,m,m,70,−,N,B,3,−,1.5,+,a,0.0,3.0,1.5
8,-MM-,V_V,1,98.0,EU FRA,+,mm,m,70,−,N,B,3,−,1.5,+,a,0.0,3.0,1.5
9,-MM-,V_V,1,98.0,QBC FRA,+,mm,m,70,−,N,B,3,−,1.5,+,a,0.0,3.0,1.5
13,-MM-,V_V,1,98.0,EU POR,+,m,m,70,−,N,B,3,−,1.5,+,a,0.0,3.0,1.5
20,-MM-,V_V,1,98.0,ITA,+,mm,mm,229,−,NN,B,3,−,1.875,+,a,0.0,3.0,1.875
26,-MM-,V_V,1,98.0,ARO,+,m,m,70,−,N,B,3,−,1.5,+,a,0.0,3.0,1.5
27,-MM-,V_V,1,98.0,ROM,+,m,m,70,−,N,B,3,−,1.5,+,a,0.0,3.0,1.5
28,-MM-,V_V,1,98.0,GAL,+,m,m,70,−,N,B,3,−,1.5,+,a,0.0,3.0,1.5
29,-MM-,V_V,1,98.0,ASL,+,m,m,70,−,N,B,3,−,1.5,+,a,0.0,3.0,1.5
30,-MM-,V_V,1,98.0,CAS ESP,+,m,m,70,−,N,B,3,−,1.5,+,a,0.0,3.0,1.5
31,-MM-,V_V,1,98.0,AND ESP,+,m,m,70,−,N,B,3,−,1.5,+,a,0.0,3.0,1.5
32,-MM-,V_V,1,98.0,ARG,+,m,m,70,−,N,B,3,−,1.5,+,a,0.0,3.0,1.5
0,-NN-,V_V,1,99.0,BR POR,+,n,n,73,−,N,D,0.75,−,1.5,+,a,0.0,0.75,1.5
1,-NN-,V_V,1,99.0,AMR ESP,+,ñ,n̪ʲ~ȵ,266,−,N,DɈ~Ɉ,,−,1.5,+,a,0.0,0.75,1.5
2,-NN-,V_V,1,99.0,LAT,+,NN,nn,232,−,NN,D,0.75,−,1.875,+,a,0.0,0.75,1.875
3,-NN-,V_V,1,99.0,CAT,+,ny,ȵ~ɲ,265,−,N,Ɉ,-1,−,1.5,+,a,0.0,-1.0,1.5
4,-NN-,V_V,1,99.0,VAL,+,ny,ȵ~ɲ,265,−,N,Ɉ,-1,−,1.5,+,a,0.0,-1.0,1.5
5,-NN-,V_V,1,99.0,BAL,+,ny,ȵ~ɲ,265,−,N,Ɉ,-1,−,1.5,+,a,0.0,-1.0,1.5
6,-NN-,V_V,1,99.0,OCC,+,n,n,73,−,N,D,0.75,−,1.5,+,a,0.0,0.75,1.5
7,-NN-,V_V,1,99.0,GAS OCC,+,n,n,73,−,N,D,0.75,−,1.5,+,a,0.0,0.75,1.5
8,-NN-,V_V,1,99.0,EU FRA,+,nn,n,73,−,N,D,0.75,−,1.5,+,a,0.0,0.75,1.5
9,-NN-,V_V,1,99.0,QBC FRA,+,nn,n,73,−,N,D,0.75,−,1.5,+,a,0.0,0.75,1.5
13,-NN-,V_V,1,99.0,EU POR,+,n,n,73,−,N,D,0.75,−,1.5,+,a,0.0,0.75,1.5
20,-NN-,V_V,1,99.0,ITA,+,nn,nn,232,−,NN,D,0.75,−,1.875,+,a,0.0,0.75,1.875
22,-NN-,V_V,1,99.0,CAM,+,nn,nn,232,−,NN,D,0.75,−,1.875,+,a,0.0,0.75,1.875
24,-NN-,V_V,1,99.0,SCN,+,nn,nn,232,−,NN,D,0.75,−,1.875,+,a,0.0,0.75,1.875
26,-NN-,V_V,1,99.0,ARO,+,n,n,73,−,N,D,0.75,−,1.5,+,a,0.0,0.75,1.5
27,-NN-,V_V,1,99.0,ROM,+,n,n,73,−,N,D,0.75,−,1.5,+,a,0.0,0.75,1.5
28,-NN-,V_V,1,99.0,GAL,+,n,n,73,−,N,D,0.75,−,1.5,+,a,0.0,0.75,1.5
29,-NN-,V_V,1,99.0,ASL,+,ñ,n̪ʲ~ȵ,266,−,N,DɈ~Ɉ,,−,1.5,+,a,0.0,0.75,1.5
30,-NN-,V_V,1,99.0,CAS ESP,+,ñ,n̪ʲ~ȵ,266,−,N,DɈ~Ɉ,,−,1.5,+,a,0.0,0.75,1.5
31,-NN-,V_V,1,99.0,AND ESP,+,ñ,n̪ʲ~ȵ,266,−,N,DɈ~Ɉ,,−,1.5,+,a,0.0,0.75,1.5
32,-NN-,V_V,1,99.0,ARG,+,,n̪ʲ~ȵ,266,−,N,DɈ~Ɉ,,−,1.5,+,a,0.0,0.75,1.5
0,-FF-,V_V,1,100.0,BR POR,+,f,f,42,−,F,B,2.5,−,2,−,a,255.0,2.5,2.0
1,-FF-,V_V,1,100.0,AMR ESP,+,f,f,42,−,F,B,2.5,−,2,−,a,255.0,2.5,2.0
2,-FF-,V_V,1,100.0,LAT,+,FF,ff,208,−,FF,B,2.5,−,2.5,−,a,255.0,2.5,2.5
3,-FF-,V_V,1,100.0,CAT,+,f,f,42,−,F,B,2.5,−,2,−,a,255.0,2.5,2.0
4,-FF-,V_V,1,100.0,VAL,+,f,f,42,−,F,B,2.5,−,2,−,a,255.0,2.5,2.0
5,-FF-,V_V,1,100.0,BAL,+,f,f,42,−,F,B,2.5,−,2,−,a,255.0,2.5,2.0
8,-FF-,V_V,1,100.0,EU FRA,+,ff,f,42,−,F,B,2.5,−,2,−,a,255.0,2.5,2.0
13,-FF-,V_V,1,100.0,EU POR,+,f,f,42,−,F,B,2.5,−,2,−,a,255.0,2.5,2.0
20,-FF-,V_V,1,100.0,ITA,+,ff,ff,208,−,FF,B,2.5,−,2.5,−,a,255.0,2.5,2.5
21,-FF-,V_V,1,100.0,ABR,+,ff,ff,208,−,FF,B,2.5,−,2.5,−,a,255.0,2.5,2.5
22,-FF-,V_V,1,100.0,CAM,+,ff,ff,208,−,FF,B,2.5,−,2.5,−,a,255.0,2.5,2.5
23,-FF-,V_V,1,100.0,PGL,+,ff,ff,208,−,FF,B,2.5,−,2.5,−,a,255.0,2.5,2.5
24,-FF-,V_V,1,100.0,SCN,+,ff,ff,208,−,FF,B,2.5,−,2.5,−,a,255.0,2.5,2.5
27,-FF-,V_V,1,100.0,ROM,+,f,f,42,−,F,B,2.5,−,2,−,a,255.0,2.5,2.0
28,-FF-,V_V,1,100.0,GAL,+,f,f,42,−,F,B,2.5,−,2,−,a,255.0,2.5,2.0
29,-FF-,V_V,1,100.0,ASL,+,f,f,42,−,F,B,2.5,−,2,−,a,255.0,2.5,2.0
30,-FF-,V_V,1,100.0,CAS ESP,+,f,f,42,−,F,B,2.5,−,2,−,a,255.0,2.5,2.0
31,-FF-,V_V,1,100.0,AND ESP,+,f,f,42,−,F,B,2.5,−,2,−,a,255.0,2.5,2.0
32,-FF-,V_V,1,100.0,ARG,+,f,f,42,−,F,B,2.5,−,2,−,a,255.0,2.5,2.0
0,-SS-,V_E,1,101.0,BR POR,+,x,ʃ,56,−,F,Ɉ,-0.5,+,2,−,a,255.0,-0.5,2.0
1,-SS-,V_E,1,101.0,AMR ESP,+,j,h,68,−,F,H,-6,−,2,+,a,0.0,-6.0,2.0
2,-SS-,V_E,1,101.0,LAT,+,SS,s̠s̠,218,−,FF,D,0.5,+,2.5,−,a,255.0,0.5,2.5
3,-SS-,V_E,1,101.0,CAT,+,(i)x,ɕ~ʃ,271,−,F,Ɉ,-0.25,+,2,−,a,255.0,-0.25,2.0
4,-SS-,V_E,1,101.0,VAL,+,(i)x,ɕ~ʃ,271,−,F,Ɉ,-0.25,+,2,−,a,255.0,-0.25,2.0
5,-SS-,V_E,1,101.0,BAL,+,(i)x,ɕ~ʃ,271,−,F,Ɉ,-0.25,+,2,−,a,255.0,-0.25,2.0
6,-SS-,V_E,1,101.0,OCC,+,ss,s̠,52,−,F,D,0.5,+,2,−,a,255.0,0.5,2.0
8,-SS-,V_E,1,101.0,EU FRA,+,ss,s̪,48,−,F,D,,+,2,−,a,255.0,1.333333333,2.0
13,-SS-,V_E,1,101.0,EU POR,+,x,ʃ,56,−,F,Ɉ,-0.5,+,2,−,a,255.0,-0.5,2.0
20,-SS-,V_E,1,101.0,ITA,+,sc(i),ʃʃ,222,−,FF,Ɉ,-0.5,+,2.5,−,a,255.0,-0.5,2.5
26,-SS-,V_E,1,101.0,ARO,+,sh,ʃ,56,−,F,Ɉ,-0.5,+,2,−,a,255.0,-0.5,2.0
27,-SS-,V_E,1,101.0,ROM,+,ș,ʃ,56,−,F,Ɉ,-0.5,+,2,−,a,255.0,-0.5,2.0
29,-SS-,V_E,1,101.0,EU POR,+,ss,s (s̠),118,−,F,D,,+,2,−,b,255.0,0.875,2.0
30,-SS-,V_E,1,101.0,BR POR,+,ss,s,50,−,F,D,1,+,2,−,b,255.0,1.0,2.0
31,-SS-,V_E,1,101.0,GAL,+,s,s̠ (s),122,−,F,D,,+,2,−,a,255.0,0.625,2.0
32,-SS-,V_E,1,101.0,ASL,+,s,s̠,52,−,F,D,0.5,+,2,−,a,255.0,0.5,2.0
33,-SS-,V_E,1,101.0,CAS ESP,+,s,s̠,52,−,F,D,0.5,+,2,−,a,255.0,0.5,2.0
34,-SS-,V_E,1,101.0,GAL,+,x,ʃ,56,−,F,Ɉ,-0.5,+,2,−,b,255.0,-0.5,2.0
35,-SS-,V_E,1,101.0,AND ESP,+,s,s̟,46,−,F,D,,+,2,−,a,255.0,1.666666667,2.0
36,-SS-,V_E,1,101.0,AMR ESP,+,s,s,50,−,F,D,1,+,2,−,b,255.0,1.0,2.0
37,-SS-,V_E,1,101.0,ARG,+,s̠,s̠,52,−,F,D,0.5,+,2,−,a,255.0,0.5,2.0
38,-SS-,V_E,1,101.0,CAT,+,ss,s̠,52,−,F,D,0.5,+,2,−,b,255.0,0.5,2.0
39,-SS-,V_E,1,101.0,VAL,+,ss,s̠,52,−,F,D,0.5,+,2,−,b,255.0,0.5,2.0
40,-SS-,V_E,1,101.0,BAL,+,ss,s̠,52,−,F,D,0.5,+,2,−,b,255.0,0.5,2.0
41,-SS-,V_E,1,101.0,GAS OCC,+,ss,s̠,52,−,F,D,0.5,+,2,−,b,255.0,0.5,2.0
42,-SS-,V_E,1,101.0,EU FRA,+,ss,s̪,48,−,F,D,,+,2,−,b,255.0,1.333333333,2.0
43,-SS-,V_E,1,101.0,QBC FRA,+,ss,s̪,48,−,F,D,,+,2,−,b,255.0,1.333333333,2.0
44,-SS-,V_E,1,101.0,ITA,+,ss,ss,216,−,FF,D,1,+,2.5,−,b,255.0,1.0,2.5
45,-SS-,V_E,1,101.0,ASL,+,x,ʃ,56,−,F,Ɉ,-0.5,+,2,−,b,255.0,-0.5,2.0
46,-SS-,V_E,1,101.0,ARO,+,sh~s,ʃ~s̪,270,−,F,Ɉ~D,,+,2,−,b,255.0,0.416666667,2.0
47,-SS-,V_E,1,101.0,ROM,+,ș~s,ʃ~s̪,270,−,F,Ɉ~D,,+,2,−,b,255.0,0.416666667,2.0
48,-SS-,V_E,1,101.0,CAS ESP,+,j,x,63,−,F,K,-3,−,2,−,b,255.0,-3.0,2.0
49,-SS-,V_E,1,101.0,AND ESP,+,j,h,68,−,F,H,-6,−,2,+,b,0.0,-6.0,2.0
50,-SS-,V_E,1,101.0,ARG,+,x,ʃ,56,−,F,Ɉ,-0.5,+,2,−,b,255.0,-0.5,2.0
0,-SS-,"V_{a,O}",1,102.0,BR POR,+,ss,s,50,−,F,D,1,+,2,−,a,255.0,1.0,2.0
1,-SS-,"V_{a,O}",1,102.0,AMR ESP,+,s,s,50,−,F,D,1,+,2,−,a,255.0,1.0,2.0
2,-SS-,"V_{a,O}",1,102.0,LAT,+,SS,s̠s̠,218,−,FF,D,0.5,+,2.5,−,a,255.0,0.5,2.5
3,-SS-,"V_{a,O}",1,102.0,CAT,+,ss,s̠,52,−,F,D,0.5,+,2,−,a,255.0,0.5,2.0
4,-SS-,"V_{a,O}",1,102.0,VAL,+,ss,s̠,52,−,F,D,0.5,+,2,−,a,255.0,0.5,2.0
5,-SS-,"V_{a,O}",1,102.0,BAL,+,ss,s̠,52,−,F,D,0.5,+,2,−,a,255.0,0.5,2.0
6,-SS-,"V_{a,O}",1,102.0,OCC,+,ss,s̠,52,−,F,D,0.5,+,2,−,a,255.0,0.5,2.0
7,-SS-,"V_{a,O}",1,102.0,GAS OCC,+,ss,s̠,52,−,F,D,0.5,+,2,−,a,255.0,0.5,2.0
8,-SS-,"V_{a,O}",1,102.0,EU FRA,+,ss,s̪,48,−,F,D,,+,2,−,a,255.0,1.333333333,2.0
9,-SS-,"V_{a,O}",1,102.0,QBC FRA,+,ss,s̪,48,−,F,D,,+,2,−,a,255.0,1.333333333,2.0
13,-SS-,"V_{a,O}",1,102.0,EU POR,+,ss,s (s̠),118,−,F,D,0.875,+,2,−,a,255.0,0.875,2.0
20,-SS-,"V_{a,O}",1,102.0,ITA,+,ss,ss,216,−,FF,D,1,+,2.5,−,a,255.0,1.0,2.5
26,-SS-,"V_{a,O}",1,102.0,ARO,+,s,s̪,48,−,F,D,,+,2,−,a,255.0,1.333333333,2.0
27,-SS-,"V_{a,O}",1,102.0,ROM,+,s,s̪,48,−,F,D,,+,2,−,a,255.0,1.333333333,2.0
28,-SS-,"V_{a,O}",1,102.0,GAL,+,s,s̠,122,−,F,D,,+,2,−,a,255.0,0.5,2.0
29,-SS-,"V_{a,O}",1,102.0,ASL,+,s,s̠,52,−,F,D,0.5,+,2,−,a,255.0,0.5,2.0
30,-SS-,"V_{a,O}",1,102.0,CAS ESP,+,s,s̠,52,−,F,D,0.5,+,2,−,a,255.0,0.5,2.0
31,-SS-,"V_{a,O}",1,102.0,AND ESP,+,s,s̟,46,−,F,D,,+,2,−,a,255.0,1.666666667,2.0
32,-SS-,"V_{a,O}",1,102.0,ARG,+,s,s̠,52,−,F,D,0.5,+,2,−,a,255.0,0.5,2.0
0,-RR-,V_V,1,103.0,BR POR,+,rr,x~h,124,−,F,K~H,4.5,−,2,+,a,0.0,-4.5,2.0
1,-RR-,V_V,1,103.0,AMR ESP,+,rr,rː,125,−,LL,D,0.75,−,,+,a,0.0,0.75,1.5625
2,-RR-,V_V,1,103.0,LAT,+,RR,rː,125,−,LL,D,0.75,−,,+,a,0.0,0.75,1.5625
3,-RR-,V_V,1,103.0,CAT,+,rr,r̠ː,126,−,LL,Ɉ,-0.5,−,,+,a,0.0,-0.5,1.5625
4,-RR-,V_V,1,103.0,VAL,+,rr,r̠ː,126,−,LL,Ɉ,-0.5,−,,+,a,0.0,-0.5,1.5625
5,-RR-,V_V,1,103.0,BAL,+,rr,r̠ː,126,−,LL,Ɉ,-0.5,−,,+,a,0.0,-0.5,1.5625
7,-RR-,V_V,1,103.0,GAS OCC,+,rr,rː,125,−,LL,D,0.75,−,,+,a,0.0,0.75,1.5625
8,-RR-,V_V,1,103.0,EU FRA,+,rr,ʁ (ʀ),128,−,F (L),Q,-4,−,1.75,+,a,0.0,-4.0,1.75
9,-RR-,V_V,1,103.0,QBC FRA,+,rr,ʁ (ʀ),128,−,F (L),Q,-4,−,1.75,+,a,0.0,-4.0,1.75
10,-RR-,V_V,1,103.0,WAL,+,r,ʀ,81,−,L,Q,-4,−,1.25,+,a,0.0,-4.0,1.25
13,-RR-,V_V,1,103.0,EU POR,+,rr,ʁ (r),123,−,F (L),Q (D),,−,,+,a,0.0,2.416666667,1.75
17,-RR-,V_V,1,103.0,LOG SRD,+,rr,rː,125,−,LL,D,0.75,−,,+,a,0.0,0.75,1.5625
18,-RR-,V_V,1,103.0,CPN SRD,+,rr,rː,125,−,LL,D,0.75,−,,+,a,0.0,0.75,1.5625
20,-RR-,V_V,1,103.0,ITA,+,rr,rː,125,−,LL,D,0.75,−,,+,a,0.0,0.75,1.5625
22,-RR-,V_V,1,103.0,CAM,+,rr,rː,125,−,LL,D,0.75,−,,+,a,0.0,0.75,1.5625
24,-RR-,V_V,1,103.0,SCN,+,rr,ʐː~rː,128,−,FF~LL,Ɉ~D,,+/−,,+,a,0.0,-0.25,2.03125
26,-RR-,V_V,1,103.0,ARO,+,r,ɾ̪,82,−,L,D,,−,1,+,a,0.0,1.666666667,1.0
27,-RR-,V_V,1,103.0,ROM,+,r,ɾ̪,82,−,L,D,,−,1,+,a,0.0,1.666666667,1.0
28,-RR-,V_V,1,103.0,GAL,+,rr,rː,125,−,LL,D,0.75,−,,+,a,0.0,0.75,1.5625
29,-RR-,V_V,1,103.0,ASL,+,rr,rː,125,−,LL,D,0.75,−,,+,a,0.0,0.75,1.5625
30,-RR-,V_V,1,103.0,CAS ESP,+,rr,rː,125,−,LL,D,0.75,−,,+,a,0.0,0.75,1.5625
31,-RR-,V_V,1,103.0,AND ESP,+,rr,rː,125,−,LL,D,0.75,−,,+,a,0.0,0.75,1.5625
32,-RR-,V_V,1,103.0,ARG,+,rr,rː,125,−,LL,D,0.75,−,,+,a,0.0,0.75,1.5625
0,-LL-,V_V,1,104.0,BR POR,+,l,l,85,+,LW,D,0.75,−,0.75,+,a,0.0,0.75,0.75
1,-LL-,V_V,1,104.0,AMR ESP,+,ll,ʝ,61,−,F,Ɉ,-2,−,2,+,a,0.0,-2.0,2.0
2,-LL-,V_V,1,104.0,LAT,+,LL,ll~ɭɭ,249,+,LLWW,D~Ɉ,,−,0.9375,+,a,0.0,-0.25,0.9375
3,-LL-,V_V,1,104.0,CAT,+,ll,ȴ [ʎ̟],86,+,LW,Ɉ,0,−,0.75,+,a,0.0,0.0,0.75
4,-LL-,V_V,1,104.0,VAL,+,ll,ȴ [ʎ̟],86,+,LW,Ɉ,0,−,0.75,+,a,0.0,0.0,0.75
5,-LL-,V_V,1,104.0,BAL,+,ll,ȴ [ʎ̟],86,+,LW,Ɉ,0,−,0.75,+,a,0.0,0.0,0.75
8,-LL-,V_V,1,104.0,EU FRA,+,l(l),l,85,+,LW,D,0.75,−,0.75,+,a,0.0,0.75,0.75
9,-LL-,V_V,1,104.0,QBC FRA,+,l(l),l,85,+,LW,D,0.75,−,0.75,+,a,0.0,0.75,0.75
10,-LL-,V_V,1,104.0,WAL,+,l,l,85,+,LW,D,0.75,−,0.75,+,a,0.0,0.75,0.75
13,-LL-,V_V,1,104.0,EU POR,+,l,ɫ̪,87,+,LW,DQ,,−,0.75,+,a,0.0,-1.166666667,0.75
17,-LL-,V_V,1,104.0,LOG SRD,+,dd,ɖɖ,201,−,PP,Ɉ,-1.25,−,5,+,a,0.0,-1.25,5.0
18,-LL-,V_V,1,104.0,CPN SRD,+,dd,ɖɖ,201,−,PP,Ɉ,-1.25,−,5,+,a,0.0,-1.25,5.0
20,-LL-,V_V,1,104.0,ITA,+,ll,ll,243,+,LLWW,D,0.75,−,,+,a,0.0,0.75,0.9375
21,-LL-,V_V,1,104.0,ABR,+,ll (gli),ll (ȴȴ),241,+,LLWW,D (Ɉ),,−,,+,a,0.0,0.5,0.9375
23,-LL-,V_V,1,104.0,PGL,+,dd,ɖɖ,201,−,PP,Ɉ,-1.25,−,5,+,a,0.0,-1.25,5.0
24,-LL-,V_V,1,104.0,SCN,+,ḍḍ,ɖɖ,201,−,PP,Ɉ,-1.25,−,5,+,a,0.0,-1.25,5.0
27,-LL-,V_V,1,104.0,ROM,+,l,l,85,+,LW,D,0.75,−,0.75,+,a,0.0,0.75,0.75
30,-LL-,V_V,1,104.0,ROM,+,i,j,98,−,W,Ɉ,-2,−,,+,b,0.0,-2.0,0.333333333
33,-LL-,V_V,1,104.0,CAS ESP,+,ll,ʎ~ʝ,252,+/−,LW~F,Ɉ,-2,−,,+,a,0.0,-2.0,1.375
34,-LL-,V_V,1,104.0,AND ESP,+,ll,ʝ,61,−,F,Ɉ,-2,−,2,+,a,0.0,-2.0,2.0
1,W-,#_E,1,31a,AMR ESP,+,gu,ɡ,20,−,P,K,-3,−,4,+,a,0.0,-3.0,4.0
31,W-,#_E,1,31a,AND ESP,+,gu,ɡ,20,−,P,K,-3,−,4,+,a,0.0,-3.0,4.0
32,W-,#_E,1,31a,ARG,+,gu,ɡ,20,−,P,K,-3,−,4,+,a,0.0,-3.0,4.0
11,W-,#_E,1,31a,ARP,+,gu,ɡ,20,−,P,K,-3,−,4,+,a,0.0,-3.0,4.0
29,W-,#_E,1,31a,ASL,+,gu,ɡ,20,−,P,K,-3,−,4,+,a,0.0,-3.0,4.0
5,W-,#_E,1,31a,BAL,+,gu,ɡ,20,−,P,K,-3,−,4,+,a,0.0,-3.0,4.0
0,W-,#_E,1,31a,BR POR,+,gu,ɡ,20,−,P,K,-3,−,4,+,a,0.0,-3.0,4.0
22,W-,#_E,2,31a,CAM,+,u/v,w~v,137,−,W~F,BK~B,,−,,+,a,0.0,1.25,1.5
22,W-,#_E,1,31a,CAM,+/−,g/∅,ɡ~∅,136,−,P~∅,K,-3,−,,+/−,a,127.5,-3.0,2.0
30,W-,#_E,1,31a,CAS ESP,+,gu,ɡ,20,−,P,K,-3,−,4,+,a,0.0,-3.0,4.0
3,W-,#_E,1,31a,CAT,+,gu,ɡ,20,−,P,K,-3,−,4,+,a,0.0,-3.0,4.0
18,W-,#_E,2,31a,CPN SRD,+,u,w,97,−,W,BK,0,−,,+,a,0.0,0.0,0.333333333
18,W-,#_E,1,31a,CPN SRD,+,g,ɡ,20,−,P,K,-3,−,4,+,a,0.0,-3.0,4.0
8,W-,#_E,1,31a,EU FRA,+,gu,ɡ,20,−,P,K,-3,−,4,+,a,0.0,-3.0,4.0
13,W-,#_E,1,31a,EU POR,+,gu,ɡ,20,−,P,K,-3,−,4,+,a,0.0,-3.0,4.0
16,W-,#_E,2,31a,FUR,+,u,w,97,−,W,BK,0,−,,+,a,0.0,0.0,0.333333333
16,W-,#_E,1,31a,FUR,+/−,v,v~∅,138,−,F~∅,B,2.5,−,,+/−,a,127.5,2.5,1.0
28,W-,#_E,1,31a,GAL,+,gu,ɡ,20,−,P,K,-3,−,4,+,a,0.0,-3.0,4.0
7,W-,#_E,1,31a,GAS OCC,+,gu,ɡ,20,−,P,K,-3,−,4,+,a,0.0,-3.0,4.0
20,W-,#_E,1,31a,ITA,+,g,ɡ,20,−,P,K,-3,−,4,+,a,0.0,-3.0,4.0
20,W-,#_E,2,31a,ITA,+,u,w,97,−,W,BK,0,−,,+,a,0.0,0.0,0.333333333
2,W-,#_E,2,31a,LAT,+,UU,w,97,−,W,BK,0,−,,+,a,0.0,0.0,0.333333333
12,W-,#_E,1,31a,LIG,+,g,ɡ,20,−,P,K,-3,−,4,+,a,0.0,-3.0,4.0
12,W-,#_E,2,31a,LIG,+,o,w,97,−,W,BK,0,−,,+,a,0.0,0.0,0.333333333
14,W-,#_E,2,31a,LMO,+,u,w,97,−,W,BK,0,−,,+,a,0.0,0.0,0.333333333
14,W-,#_E,1,31a,LMO,+,g,ɡ,20,−,P,K,-3,−,4,+,a,0.0,-3.0,4.0
17,W-,#_E,2,31a,LOG SRD,+/−,u/∅,w~∅,134,−,W~∅,BK,0,−,,+/−,a,127.5,0.0,0.166666667
17,W-,#_E,1,31a,LOG SRD,+,g,ɡ,20,−,P,K,-3,−,4,+,a,0.0,-3.0,4.0
6,W-,#_E,1,31a,OCC,+,gu,ɡ,20,−,P,K,-3,−,4,+,a,0.0,-3.0,4.0
9,W-,#_E,1,31a,QBC FRA,+,gu,ɡ,20,−,P,K,-3,−,4,+,a,0.0,-3.0,4.0
15,W-,#_E,2,31a,RMH,+/−,u/∅,w~∅,134,−,W~∅,BK,0,−,,+/−,a,127.5,0.0,0.166666667
15,W-,#_E,1,31a,RMH,+,g,ɡ,20,−,P,K,-3,−,4,+,a,0.0,-3.0,4.0
4,W-,#_E,1,31a,VAL,+,gu,ɡ,20,−,P,K,-3,−,4,+,a,0.0,-3.0,4.0
25,W-,#_E,1,31a,VEN,+/−,g/∅,ɡ~∅,136,−,P~∅,K,-3,−,,+/−,a,127.5,-3.0,2.0
25,W-,#_E,2,31a,VEN,+,u/v,w~v,137,−,W~F,BK~B,,−,,+,a,0.0,1.25,1.5
10,W-,#_E,2,31a,WAL,+,w,w,97,−,W,BK,0,−,,+,a,0.0,0.0,0.333333333
1,W-,#_a,1,31b,AMR ESP,+,g,ɡ,20,−,P,K,-3,−,4,+,a,0.0,-3.0,4.0
1,W-,#_a,2,31b,AMR ESP,+,u,w,97,−,W,BK,0,−,,+,a,0.0,0.0,0.333333333
31,W-,#_a,2,31b,AND ESP,+,u,w,97,−,W,BK,0,−,,+,a,0.0,0.0,0.333333333
31,W-,#_a,1,31b,AND ESP,+,g,ɡ,20,−,P,K,-3,−,4,+,a,0.0,-3.0,4.0
11,W-,#_a,2,31b,ARP,+,o,ɡ~w,135,−,P~W,K~BK,,−,,+,a,0.0,-1.5,2.25
29,W-,#_a,2,31b,ASL,+,u,w,97,−,W,BK,0,−,,+,a,0.0,0.0,0.333333333
29,W-,#_a,1,31b,ASL,+,g,ɡ,20,−,P,K,-3,−,4,+,a,0.0,-3.0,4.0
5,W-,#_a,2,31b,BAL,+,u,w,97,−,W,BK,0,−,,+,a,0.0,0.0,0.333333333
5,W-,#_a,1,31b,BAL,+,g,ɡ,20,−,P,K,-3,−,4,+,a,0.0,-3.0,4.0
0,W-,#_a,1,31b,BR POR,+,g,ɡ,20,−,P,K,-3,−,4,+,a,0.0,-3.0,4.0
0,W-,#_a,2,31b,BR POR,+,u,w,97,−,W,BK,0,−,,+,a,0.0,0.0,0.333333333
22,W-,#_a,2,31b,CAM,+,u/v,w~v,137,−,W~F,BK~B,,−,,+,a,0.0,1.25,1.5
22,W-,#_a,1,31b,CAM,+/−,g/∅,ɡ~∅,136,−,P~∅,K,-3,−,,+/−,a,127.5,-3.0,2.0
30,W-,#_a,2,31b,CAS ESP,+,u,w,97,−,W,BK,0,−,,+,a,0.0,0.0,0.333333333
30,W-,#_a,1,31b,CAS ESP,+,g,ɡ,20,−,P,K,-3,−,4,+,a,0.0,-3.0,4.0
3,W-,#_a,1,31b,CAT,+,g,ɡ,20,−,P,K,-3,−,4,+,a,0.0,-3.0,4.0
3,W-,#_a,2,31b,CAT,+,u,w,97,−,W,BK,0,−,,+,a,0.0,0.0,0.333333333
18,W-,#_a,2,31b,CPN SRD,+,u,w,97,−,W,BK,0,−,,+,a,0.0,0.0,0.333333333
18,W-,#_a,1,31b,CPN SRD,+,g,ɡ,20,−,P,K,-3,−,4,+,a,0.0,-3.0,4.0
8,W-,#_a,1,31b,EU FRA,+,g,ɡ,20,−,P,K,-3,−,4,+,a,0.0,-3.0,4.0
13,W-,#_a,1,31b,EU POR,+,g,ɡ,20,−,P,K,-3,−,4,+,a,0.0,-3.0,4.0
13,W-,#_a,2,31b,EU POR,+,u,w,97,−,W,BK,0,−,,+,a,0.0,0.0,0.333333333
16,W-,#_a,2,31b,FUR,+,u,w,97,−,W,BK,0,−,,+,a,0.0,0.0,0.333333333
16,W-,#_a,1,31b,FUR,+/−,v,v~∅,138,−,F~∅,B,2.5,−,,+/−,a,127.5,2.5,1.0
28,W-,#_a,1,31b,GAL,+,g,ɡ,20,−,P,K,-3,−,4,+,a,0.0,-3.0,4.0
28,W-,#_a,2,31b,GAL,+/−,u/∅,w~∅,134,−,W~∅,BK,0,−,,+/−,a,127.5,0.0,0.166666667
7,W-,#_a,1,31b,GAS OCC,+/−,g,ɡ~∅,136,−,P~∅,K,-3,−,,+/−,a,127.5,-3.0,2.0
7,W-,#_a,2,31b,GAS OCC,+/−,u/∅,w~∅,134,−,W~∅,BK,0,−,,+/−,a,127.5,0.0,0.166666667
20,W-,#_a,1,31b,ITA,+,g,ɡ,20,−,P,K,-3,−,4,+,a,0.0,-3.0,4.0
20,W-,#_a,2,31b,ITA,+,u,w,97,−,W,BK,0,−,,+,a,0.0,0.0,0.333333333
2,W-,#_a,2,31b,LAT,+,UU,w,97,−,W,BK,0,−,,+,a,0.0,0.0,0.333333333
12,W-,#_a,1,31b,LIG,+,g,ɡ,20,−,P,K,-3,−,4,+,a,0.0,-3.0,4.0
12,W-,#_a,2,31b,LIG,+,o,w,97,−,W,BK,0,−,,+,a,0.0,0.0,0.333333333
14,W-,#_a,2,31b,LMO,+,u,w,97,−,W,BK,0,−,,+,a,0.0,0.0,0.333333333
14,W-,#_a,1,31b,LMO,+,g,ɡ,20,−,P,K,-3,−,4,+,a,0.0,-3.0,4.0
17,W-,#_a,2,31b,LOG SRD,+/−,u/∅,w~∅,134,−,W~∅,BK,0,−,,+/−,a,127.5,0.0,0.166666667
17,W-,#_a,1,31b,LOG SRD,+,g,ɡ,20,−,P,K,-3,−,4,+,a,0.0,-3.0,4.0
6,W-,#_a,1,31b,OCC,+,g,ɡ,20,−,P,K,-3,−,4,+,a,0.0,-3.0,4.0
9,W-,#_a,1,31b,QBC FRA,+,g,ɡ,20,−,P,K,-3,−,4,+,a,0.0,-3.0,4.0
15,W-,#_a,2,31b,RMH,+/−,u/∅,w~∅,134,−,W~∅,BK,0,−,,+/−,a,127.5,0.0,0.166666667
15,W-,#_a,1,31b,RMH,+,g,ɡ,20,−,P,K,-3,−,4,+,a,0.0,-3.0,4.0
4,W-,#_a,1,31b,VAL,+,g,ɡ,20,−,P,K,-3,−,4,+,a,0.0,-3.0,4.0
4,W-,#_a,2,31b,VAL,+,u,w,97,−,W,BK,0,−,,+,a,0.0,0.0,0.333333333
25,W-,#_a,1,31b,VEN,+/−,g/∅,ɡ~∅,136,−,P~∅,K,-3,−,,+/−,a,127.5,-3.0,2.0
25,W-,#_a,2,31b,VEN,+,u/v,w~v,137,−,W~F,BK~B,,−,,+,a,0.0,1.25,1.5
10,W-,#_a,2,31b,WAL,+,w,w,97,−,W,BK,0,−,,+,a,0.0,0.0,0.333333333
21,PL-,#_,2,32,ABR,+,i,j,98,−,W,Ɉ,-2,−,,+,a,0.0,-2.0,0.333333333
21,PL-,#_,1,32,ABR,+,p,p,1,−,P,B,3,−,4,−,a,255.0,3.0,4.0
1,PL-,#_,2,32,AMR ESP,+,ll,ɟ͡ʝ,39,−,P͡F,Ɉ,-2,−,3,+,a,0.0,-2.0,3.0
33,PL-,#_,2,32,AND ESP,+,ll,ɟ͡ʝ,39,−,P͡F,Ɉ,-2,−,3,+,a,0.0,-2.0,3.0
34,PL-,#_,1,32,ARG,+,p,p,1,−,P,B,3,−,4,−,a,255.0,3.0,4.0
26,PL-,#_,2,32,ARO,+,l,l,85,+,LW,D,0.75,−,0.75,+,a,0.0,0.75,0.75
26,PL-,#_,1,32,ARO,+,p,p,1,−,P,B,3,−,4,−,a,255.0,3.0,4.0
11,PL-,#_,1,32,ARP,+,p,p,1,−,P,B,3,−,4,−,a,255.0,3.0,4.0
11,PL-,#_,2,32,ARP,+,l (ll),l (ȴ~j),133,+ (−),LW(W),D (Ɉ),,−,,+,a,0.0,0.166666667,0.666666667
31,PL-,#_,2,32,ASL,+,ll (ḷḷ),ȴ[ʎ̟] (ʈ͡ʂ),129,+ (−),LW (P͡F),Ɉ,,− (+),,+ (−),a,85.0,-0.416666667,1.5
5,PL-,#_,2,32,BAL,+,l,ʟ,140,+,LW,K,-3,−,0.75,+,a,0.0,-3.0,0.75
5,PL-,#_,1,32,BAL,+,p,p,1,−,P,B,3,−,4,−,a,255.0,3.0,4.0
0,PL-,#_,1,32,BR POR,+,ch,ʃ,56,−,F,Ɉ,-0.5,+,2,−,a,255.0,-0.5,2.0
22,PL-,#_,1,32,CAM,+,chi,c,17,−,P,Ɉ,-2,−,4,−,a,255.0,-2.0,4.0
32,PL-,#_,2,32,CAS ESP,+,ll,ʎ,90,+,L,Ɉ,-2,−,0.75,+,a,0.0,-2.0,0.75
3,PL-,#_,1,32,CAT,+,p,p,1,−,P,B,3,−,4,−,a,255.0,3.0,4.0
3,PL-,#_,2,32,CAT,+,l,l,85,+,LW,D,0.75,−,0.75,+,a,0.0,0.75,0.75
19,PL-,#_,2,32,COR,+,i,j,98,−,W,Ɉ,-2,−,,+,a,0.0,-2.0,0.333333333
19,PL-,#_,1,32,COR,+,p,p,1,−,P,B,3,−,4,−,a,255.0,3.0,4.0
18,PL-,#_,2,32,CPN SRD,+,r,ɾ,83,−,L,D,0.75,−,1,+,a,0.0,0.75,1.0
18,PL-,#_,1,32,CPN SRD,+,p,p,1,−,P,B,3,−,4,−,a,255.0,3.0,4.0
8,PL-,#_,1,32,EU FRA,+,p,p,1,−,P,B,3,−,4,−,a,255.0,3.0,4.0
8,PL-,#_,2,32,EU FRA,+,l,l,85,+,LW,D,0.75,−,0.75,+,a,0.0,0.75,0.75
13,PL-,#_,1,32,EU POR,+,ch,ʃ,56,−,F,Ɉ,-0.5,+,2,−,a,255.0,-0.5,2.0
16,PL-,#_,2,32,FUR,+,l,l,85,+,LW,D,0.75,−,0.75,+,a,0.0,0.75,0.75
16,PL-,#_,1,32,FUR,+,p,p,1,−,P,B,3,−,4,−,a,255.0,3.0,4.0
30,PL-,#_,1,32,GAL,+,ch,t̠͡ʃ,34,−,P͡F,Ɉ,-0.5,+,3,−,a,255.0,-0.5,3.0
7,PL-,#_,1,32,GAS OCC,+,p,p,1,−,P,B,3,−,4,−,a,255.0,3.0,4.0
7,PL-,#_,2,32,GAS OCC,+,l,l,85,+,LW,D,0.75,−,0.75,+,a,0.0,0.75,0.75
20,PL-,#_,2,32,ITA,+,i,j,98,−,W,Ɉ,-2,−,,+,a,0.0,-2.0,0.333333333
20,PL-,#_,1,32,ITA,+,p,p,1,−,P,B,3,−,4,−,a,255.0,3.0,4.0
2,PL-,#_,1,32,LAT,+,P,p,1,−,P,B,3,−,4,−,a,255.0,3.0,4.0
2,PL-,#_,2,32,LAT,+,L,ɫ̪,87,+,LW,DQ,,−,0.75,+,a,0.0,-1.166666667,0.75
29,PL-,#_,1,32,LAT,+,P,p,1,−,P,B,3,−,4,−,b,255.0,3.0,4.0
29,PL-,#_,2,32,LAT,+,L,l̪ʲ,139,+,LW,Ɉ,,−,0.75,+,b,0.0,-0.166666667,0.75
12,PL-,#_,1,32,LIG,+,ci,t̠͡ʃ,34,−,P͡F,Ɉ,-0.5,+,3,−,a,255.0,-0.5,3.0
14,PL-,#_,2,32,LMO,+,i,j,98,−,W,Ɉ,-2,−,,+,a,0.0,-2.0,0.333333333
14,PL-,#_,1,32,LMO,+,p,p,1,−,P,B,3,−,4,−,a,255.0,3.0,4.0
17,PL-,#_,2,32,LOG SRD,+,r,ɾ,83,−,L,D,0.75,−,1,+,a,0.0,0.75,1.0
17,PL-,#_,1,32,LOG SRD,+,p,p,1,−,P,B,3,−,4,−,a,255.0,3.0,4.0
6,PL-,#_,2,32,OCC,+,l,l,85,+,LW,D,0.75,−,0.75,+,a,0.0,0.75,0.75
6,PL-,#_,1,32,OCC,+,p,p,1,−,P,B,3,−,4,−,a,255.0,3.0,4.0
23,PL-,#_,1,32,PGL,+,chi,c,17,−,P,Ɉ,-2,−,4,−,a,255.0,-2.0,4.0
9,PL-,#_,2,32,QBC FRA,+,l,l,85,+,LW,D,0.75,−,0.75,+,a,0.0,0.75,0.75
9,PL-,#_,1,32,QBC FRA,+,p,p,1,−,P,B,3,−,4,−,a,255.0,3.0,4.0
15,PL-,#_,2,32,RMH,+,l,l,85,+,LW,D,0.75,−,0.75,+,a,0.0,0.75,0.75
15,PL-,#_,1,32,RMH,+,p,p,1,−,P,B,3,−,4,−,a,255.0,3.0,4.0
27,PL-,#_,2,32,ROM,+,l,l,85,+,LW,D,0.75,−,0.75,+,a,0.0,0.75,0.75
27,PL-,#_,1,32,ROM,+,p,p,1,−,P,B,3,−,4,−,a,255.0,3.0,4.0
24,PL-,#_,1,32,SCN,+,chi,c,17,−,P,Ɉ,-2,−,4,−,a,255.0,-2.0,4.0
4,PL-,#_,1,32,VAL,+,p,p,1,−,P,B,3,−,4,−,a,255.0,3.0,4.0
4,PL-,#_,2,32,VAL,+,l,ɫ,89,+,LW,DQ,-1.625,−,0.75,+,a,0.0,-1.625,0.75
25,PL-,#_,1,32,VEN,+,p,p,1,−,P,B,3,−,4,−,a,255.0,3.0,4.0
25,PL-,#_,2,32,VEN,+,i,j,98,−,W,Ɉ,-2,−,,+,a,0.0,-2.0,0.333333333
10,PL-,#_,1,32,WAL,+,p,p,1,−,P,B,3,−,4,−,a,255.0,3.0,4.0
10,PL-,#_,2,32,WAL,+,l,l,85,+,LW,D,0.75,−,0.75,+,a,0.0,0.75,0.75
21,BR-,#_,2,33,ABR,+,r,ɾ,83,−,L,D,0.75,−,1,+,a,0.0,0.75,1.0
21,BR-,#_,1,33,ABR,+,v,v,43,−,F,B,2.5,−,2,+,a,0.0,2.5,2.0
1,BR-,#_,1,33,AMR ESP,+,b,b,2,−,P,B,3,−,4,+,a,0.0,3.0,4.0
1,BR-,#_,2,33,AMR ESP,+,r,ɾ,83,−,L,D,0.75,−,1,+,a,0.0,0.75,1.0
31,BR-,#_,2,33,AND ESP,+,r,ɾ,83,−,L,D,0.75,−,1,+,a,0.0,0.75,1.0
31,BR-,#_,1,33,AND ESP,+,b,b,2,−,P,B,3,−,4,+,a,0.0,3.0,4.0
32,BR-,#_,1,33,ARG,+,b,b,2,−,P,B,3,−,4,+,a,0.0,3.0,4.0
32,BR-,#_,2,33,ARG,+,r,ɾ,83,−,L,D,0.75,−,1,+,a,0.0,0.75,1.0
26,BR-,#_,2,33,ARO,+,r,ɾ̪,82,−,L,D,,−,1,+,a,0.0,1.666666667,1.0
26,BR-,#_,1,33,ARO,+,b,b,2,−,P,B,3,−,4,+,a,0.0,3.0,4.0
11,BR-,#_,1,33,ARP,+,b,b,2,−,P,B,3,−,4,+,a,0.0,3.0,4.0
11,BR-,#_,2,33,ARP,+,r,ɾ (ʀ),143,−,L,D (Q),,−,,+,a,0.0,-0.833333333,1.333333333
29,BR-,#_,2,33,ASL,+,r,ɾ,83,−,L,D,0.75,−,1,+,a,0.0,0.75,1.0
29,BR-,#_,1,33,ASL,+,b,b,2,−,P,B,3,−,4,+,a,0.0,3.0,4.0
5,BR-,#_,2,33,BAL,+,r,ɾ,83,−,L,D,0.75,−,1,+,a,0.0,0.75,1.0
5,BR-,#_,1,33,BAL,+,b,b,2,−,P,B,3,−,4,+,a,0.0,3.0,4.0
0,BR-,#_,1,33,BR POR,+,b,b,2,−,P,B,3,−,4,+,a,0.0,3.0,4.0
0,BR-,#_,2,33,BR POR,+,r,ɾ,83,−,L,D,0.75,−,1,+,a,0.0,0.75,1.0
22,BR-,#_,2,33,CAM,+,r,ɾ,83,−,L,D,0.75,−,1,+,a,0.0,0.75,1.0
22,BR-,#_,1,33,CAM,+,v,v,43,−,F,B,2.5,−,2,+,a,0.0,2.5,2.0
30,BR-,#_,2,33,CAS ESP,+,r,ɾ,83,−,L,D,0.75,−,1,+,a,0.0,0.75,1.0
30,BR-,#_,1,33,CAS ESP,+,b,b,2,−,P,B,3,−,4,+,a,0.0,3.0,4.0
3,BR-,#_,1,33,CAT,+,b,b,2,−,P,B,3,−,4,+,a,0.0,3.0,4.0
3,BR-,#_,2,33,CAT,+,r,ɾ,83,−,L,D,0.75,−,1,+,a,0.0,0.75,1.0
19,BR-,#_,2,33,COR,+,r,ɾ,83,−,L,D,0.75,−,1,+,a,0.0,0.75,1.0
19,BR-,#_,1,33,COR,+,b,b,2,−,P,B,3,−,4,+,a,0.0,3.0,4.0
18,BR-,#_,2,33,CPN SRD,+,r,ɾ,83,−,L,D,0.75,−,1,+,a,0.0,0.75,1.0
18,BR-,#_,1,33,CPN SRD,+,b,b,2,−,P,B,3,−,4,+,a,0.0,3.0,4.0
8,BR-,#_,1,33,EU FRA,+,b,b,2,−,P,B,3,−,4,+,a,0.0,3.0,4.0
8,BR-,#_,2,33,EU FRA,+,r,ʁ (ʀ),142,−,F (L),Q,-4,−,,+,a,0.0,-4.0,1.75
13,BR-,#_,1,33,EU POR,+,b,b,2,−,P,B,3,−,4,+,a,0.0,3.0,4.0
13,BR-,#_,2,33,EU POR,+,r,ɾ,83,−,L,D,0.75,−,1,+,a,0.0,0.75,1.0
16,BR-,#_,2,33,FUR,+,r,ɾ,83,−,L,D,0.75,−,1,+,a,0.0,0.75,1.0
16,BR-,#_,1,33,FUR,+,b,b,2,−,P,B,3,−,4,+,a,0.0,3.0,4.0
28,BR-,#_,1,33,GAL,+,b,b,2,−,P,B,3,−,4,+,a,0.0,3.0,4.0
28,BR-,#_,2,33,GAL,+,r,ɾ,83,−,L,D,0.75,−,1,+,a,0.0,0.75,1.0
7,BR-,#_,1,33,GAS OCC,+,b,b,2,−,P,B,3,−,4,+,a,0.0,3.0,4.0
7,BR-,#_,2,33,GAS OCC,+,r,ɾ,83,−,L,D,0.75,−,1,+,a,0.0,0.75,1.0
20,BR-,#_,1,33,ITA,+,b,b,2,−,P,B,3,−,4,+,a,0.0,3.0,4.0
20,BR-,#_,2,33,ITA,+,r,ɾ,83,−,L,D,0.75,−,1,+,a,0.0,0.75,1.0
2,BR-,#_,1,33,LAT,+,B,b,2,−,P,B,3,−,4,+,a,0.0,3.0,4.0
2,BR-,#_,2,33,LAT,+,R,ɾ,83,−,L,D,0.75,−,1,+,a,0.0,0.75,1.0
12,BR-,#_,1,33,LIG,+,b,b,2,−,P,B,3,−,4,+,a,0.0,3.0,4.0
12,BR-,#_,2,33,LIG,+,r,ɾ,83,−,L,D,0.75,−,1,+,a,0.0,0.75,1.0
14,BR-,#_,2,33,LMO,+,r,ɾ,83,−,L,D,0.75,−,1,+,a,0.0,0.75,1.0
14,BR-,#_,1,33,LMO,+,b,b,2,−,P,B,3,−,4,+,a,0.0,3.0,4.0
17,BR-,#_,2,33,LOG SRD,+,r,ɾ,83,−,L,D,0.75,−,1,+,a,0.0,0.75,1.0
17,BR-,#_,1,33,LOG SRD,+,b,b,2,−,P,B,3,−,4,+,a,0.0,3.0,4.0
6,BR-,#_,2,33,OCC,+,r,ɾ (ʀ),143,−,L,D (Q),,−,,+,a,0.0,-0.833333333,1.333333333
6,BR-,#_,1,33,OCC,+,b,b,2,−,P,B,3,−,4,+,a,0.0,3.0,4.0
23,BR-,#_,1,33,PGL,+,v,v,43,−,F,B,2.5,−,2,+,a,0.0,2.5,2.0
23,BR-,#_,2,33,PGL,+,r,ɾ,83,−,L,D,0.75,−,1,+,a,0.0,0.75,1.0
9,BR-,#_,2,33,QBC FRA,+,r,ʁ (ʀ),142,−,F (L),Q,-4,−,,+,a,0.0,-4.0,1.75
9,BR-,#_,1,33,QBC FRA,+,b,b,2,−,P,B,3,−,4,+,a,0.0,3.0,4.0
15,BR-,#_,2,33,RMH,+,r,ɾ,83,−,L,D,0.75,−,1,+,a,0.0,0.75,1.0
15,BR-,#_,1,33,RMH,+,b,b,2,−,P,B,3,−,4,+,a,0.0,3.0,4.0
27,BR-,#_,1,33,ROM,+,b,b,2,−,P,B,3,−,4,+,a,0.0,3.0,4.0
27,BR-,#_,2,33,ROM,+,r,ɾ̪,82,−,L,D,,−,1,+,a,0.0,1.666666667,1.0
24,BR-,#_,1,33,SCN,+,v,v,43,−,F,B,2.5,−,2,+,a,0.0,2.5,2.0
24,BR-,#_,2,33,SCN,+,r,ɾ,83,−,L,D,0.75,−,1,+,a,0.0,0.75,1.0
4,BR-,#_,1,33,VAL,+,b,b,2,−,P,B,3,−,4,+,a,0.0,3.0,4.0
4,BR-,#_,2,33,VAL,+,r,ɾ,83,−,L,D,0.75,−,1,+,a,0.0,0.75,1.0
25,BR-,#_,1,33,VEN,+,b,b,2,−,P,B,3,−,4,+,a,0.0,3.0,4.0
25,BR-,#_,2,33,VEN,+,r,ɾ,83,−,L,D,0.75,−,1,+,a,0.0,0.75,1.0
10,BR-,#_,1,33,WAL,+,b,b,2,−,P,B,3,−,4,+,a,0.0,3.0,4.0
10,BR-,#_,2,33,WAL,+,r,ʀ,81,−,L,Q,-4,−,1.25,+,a,0.0,-4.0,1.25
21,BL-,#_,2,34,ABR,+,i,j,98,−,W,Ɉ,-2,−,,+,a,0.0,-2.0,0.333333333
21,BL-,#_,1,34,ABR,+,b,b,2,−,P,B,3,−,4,+,a,0.0,3.0,4.0
1,BL-,#_,1,34,AMR ESP,+,b,b,2,−,P,B,3,−,4,+,a,0.0,3.0,4.0
38,BL-,#_,2,34,AMR ESP,+,l,l,85,+,LW,D,0.75,−,0.75,+,b,0.0,0.75,0.75
1,BL-,#_,2,34,AMR ESP,+,l,l,85,+,LW,D,0.75,−,0.75,+,a,0.0,0.75,0.75
38,BL-,#_,1,34,AMR ESP,−,∅,∅,,−,∅,B,3,−,0,−,b,255.0,0.0,0.0
37,BL-,#_,2,34,AND ESP,+,l,l,85,+,LW,D,0.75,−,0.75,+,a,0.0,0.75,0.75
41,BL-,#_,2,34,AND ESP,+,l,l,85,+,LW,D,0.75,−,0.75,+,b,0.0,0.75,0.75
41,BL-,#_,1,34,AND ESP,+,b,b,2,−,P,B,3,−,4,+,b,0.0,3.0,4.0
37,BL-,#_,1,34,AND ESP,−,∅,∅,,−,∅,B,3,−,0,−,a,255.0,0.0,0.0
42,BL-,#_,1,34,ARG,+,b,b,2,−,P,B,3,−,4,+,a,0.0,3.0,4.0
26,BL-,#_,2,34,ARO,+,l,l,85,+,LW,D,0.75,−,0.75,+,a,0.0,0.75,0.75
26,BL-,#_,1,34,ARO,+,b,b,2,−,P,B,3,−,4,+,a,0.0,3.0,4.0
11,BL-,#_,2,34,ARP,+,l (ll),l (ȴ~j),133,+ (−),LW(W),D (Ɉ),,−,,+,a,0.0,0.166666667,0.666666667
11,BL-,#_,1,34,ARP,+,b,b,2,−,P,B,3,−,4,+,a,0.0,3.0,4.0
39,BL-,#_,2,34,ASL,+,l,l,85,+,LW,D,0.75,−,0.75,+,b,0.0,0.75,0.75
35,BL-,#_,2,34,ASL,+,l,l,85,+,LW,D,0.75,−,0.75,+,a,0.0,0.75,0.75
39,BL-,#_,1,34,ASL,+,b,b,2,−,P,B,3,−,4,+,b,0.0,3.0,4.0
35,BL-,#_,1,34,ASL,−,∅,∅,,−,∅,B,3,−,0,−,a,255.0,0.0,0.0
5,BL-,#_,2,34,BAL,+,l,ʟ,140,+,LW,K,-3,−,0.75,+,a,0.0,-3.0,0.75
5,BL-,#_,1,34,BAL,+,b,b,2,−,P,B,3,−,4,+,a,0.0,3.0,4.0
32,BL-,#_,2,34,BR POR,+,l,l,85,+,LW,D,0.75,−,0.75,+,b,0.0,0.75,0.75
0,BL-,#_,2,34,BR POR,+,r,ɾ,83,−,L,D,0.75,−,1,+,a,0.0,0.75,1.0
32,BL-,#_,1,34,BR POR,−,∅,∅,,−,∅,B,3,−,0,−,b,255.0,0.0,0.0
0,BL-,#_,1,34,BR POR,+,b,b,2,−,P,B,3,−,4,+,a,0.0,3.0,4.0
22,BL-,#_,2,34,CAM,+,j,j,98,−,W,Ɉ,-2,−,,+,a,0.0,-2.0,0.333333333
22,BL-,#_,1,34,CAM,−,∅,∅,,−,∅,B,3,−,0,−,a,255.0,0.0,0.0
40,BL-,#_,2,34,CAS ESP,+,l,l,85,+,LW,D,0.75,−,0.75,+,b,0.0,0.75,0.75
36,BL-,#_,2,34,CAS ESP,+,l,l,85,+,LW,D,0.75,−,0.75,+,a,0.0,0.75,0.75
36,BL-,#_,1,34,CAS ESP,−,∅,∅,,−,∅,B,3,−,0,−,a,255.0,0.0,0.0
40,BL-,#_,1,34,CAS ESP,+,b,b,2,−,P,B,3,−,4,+,b,0.0,3.0,4.0
3,BL-,#_,2,34,CAT,+,l,l,85,+,LW,D,0.75,−,0.75,+,a,0.0,0.75,0.75
3,BL-,#_,1,34,CAT,+,b,b,2,−,P,B,3,−,4,+,a,0.0,3.0,4.0
19,BL-,#_,1,34,COR,+,b,b,2,−,P,B,3,−,4,+,a,0.0,3.0,4.0
19,BL-,#_,2,34,COR,+,i,j,98,−,W,Ɉ,-2,−,,+,a,0.0,-2.0,0.333333333
18,BL-,#_,1,34,CPN SRD,+,b,b,2,−,P,B,3,−,4,+,a,0.0,3.0,4.0
18,BL-,#_,2,34,CPN SRD,+,r,ɾ,83,−,L,D,0.75,−,1,+,a,0.0,0.75,1.0
8,BL-,#_,2,34,EU FRA,+,l,l,85,+,LW,D,0.75,−,0.75,+,a,0.0,0.75,0.75
8,BL-,#_,1,34,EU FRA,+,b,b,2,−,P,B,3,−,4,+,a,0.0,3.0,4.0
13,BL-,#_,1,34,EU POR,+,b,b,2,−,P,B,3,−,4,+,a,0.0,3.0,4.0
31,BL-,#_,2,34,EU POR,+,l,ɫ̪,87,+,LW,DQ,,−,0.75,+,b,0.0,-1.166666667,0.75
31,BL-,#_,1,34,EU POR,−,∅,∅,,−,∅,B,3,−,0,−,b,255.0,0.0,0.0
13,BL-,#_,2,34,EU POR,+,r,ɾ,83,−,L,D,0.75,−,1,+,a,0.0,0.75,1.0
16,BL-,#_,2,34,FUR,+,l,l,85,+,LW,D,0.75,−,0.75,+,a,0.0,0.75,0.75
16,BL-,#_,1,34,FUR,+,b,b,2,−,P,B,3,−,4,+,a,0.0,3.0,4.0
33,BL-,#_,1,34,GAL,−,∅,∅,,−,∅,B,3,−,0,−,a,255.0,0.0,0.0
34,BL-,#_,2,34,GAL,+,r,ɾ,83,−,L,D,0.75,−,1,+,b,0.0,0.75,1.0
33,BL-,#_,2,34,GAL,+,l,l,85,+,LW,D,0.75,−,0.75,+,a,0.0,0.75,0.75
34,BL-,#_,1,34,GAL,+,b,b,2,−,P,B,3,−,4,+,b,0.0,3.0,4.0
7,BL-,#_,1,34,GAS OCC,+,b,b,2,−,P,B,3,−,4,+,a,0.0,3.0,4.0
7,BL-,#_,2,34,GAS OCC,+,l,l,85,+,LW,D,0.75,−,0.75,+,a,0.0,0.75,0.75
20,BL-,#_,1,34,ITA,+,b,b,2,−,P,B,3,−,4,+,a,0.0,3.0,4.0
20,BL-,#_,2,34,ITA,+,i,j,98,−,W,Ɉ,-2,−,,+,a,0.0,-2.0,0.333333333
29,BL-,#_,1,34,LAT,+,B,b,2,−,P,B,3,−,4,+,b,0.0,3.0,4.0
2,BL-,#_,1,34,LAT,+,B,b,2,−,P,B,3,−,4,+,a,0.0,3.0,4.0
2,BL-,#_,2,34,LAT,+,L,ɫ̪,87,+,LW,DQ,,−,0.75,+,a,0.0,-1.166666667,0.75
29,BL-,#_,2,34,LAT,+,L,l̪ʲ,139,+,LW,Ɉ,,−,0.75,+,b,0.0,-0.166666667,0.75
12,BL-,#_,2,34,LIG,+,gi,d̠͡ʒ,35,−,P͡F,Ɉ,-0.5,+,3,+,a,0.0,-0.5,3.0
12,BL-,#_,1,34,LIG,−,∅,∅,,−,∅,B,3,−,0,−,a,255.0,0.0,0.0
14,BL-,#_,2,34,LMO,+,i,j,98,−,W,Ɉ,-2,−,0.5,+,a,0.0,-2.0,0.333333333
14,BL-,#_,1,34,LMO,+,b,b,2,−,P,B,3,−,4,+,a,0.0,3.0,4.0
17,BL-,#_,1,34,LOG SRD,+,b,b,2,−,P,B,3,−,4,+,a,0.0,3.0,4.0
17,BL-,#_,2,34,LOG SRD,+,r,ɾ,83,−,L,D,0.75,−,1,+,a,0.0,0.75,1.0
6,BL-,#_,1,34,OCC,+,b,b,2,−,P,B,3,−,4,+,a,0.0,3.0,4.0
6,BL-,#_,2,34,OCC,+,l,l,85,+,LW,D,0.75,−,0.75,+,a,0.0,0.75,0.75
23,BL-,#_,1,34,PGL,−,∅,∅,,−,∅,B,3,−,0,−,a,255.0,0.0,0.0
23,BL-,#_,2,34,PGL,+,j,j,98,−,W,Ɉ,-2,−,,+,a,0.0,-2.0,0.333333333
9,BL-,#_,2,34,QBC FRA,+,l,l,85,+,LW,D,0.75,−,0.75,+,a,0.0,0.75,0.75
9,BL-,#_,1,34,QBC FRA,+,b,b,2,−,P,B,3,−,4,+,a,0.0,3.0,4.0
15,BL-,#_,1,34,RMH,+,b,b,2,−,P,B,3,−,4,+,a,0.0,3.0,4.0
15,BL-,#_,2,34,RMH,+,l,l,85,+,LW,D,0.75,−,0.75,+,a,0.0,0.75,0.75
27,BL-,#_,2,34,ROM,+,l,l,85,+,LW,D,0.75,−,0.75,+,a,0.0,0.75,0.75
27,BL-,#_,1,34,ROM,+,b,b,2,−,P,B,3,−,4,+,a,0.0,3.0,4.0
24,BL-,#_,2,34,SCN,+,j,j,98,−,W,Ɉ,-2,−,,+,a,0.0,-2.0,0.333333333
24,BL-,#_,1,34,SCN,−,∅,∅,,−,∅,B,3,−,0,−,a,255.0,0.0,0.0
4,BL-,#_,2,34,VAL,+,l,ɫ,89,+,LW,DQ,-1.625,−,0.75,+,a,0.0,-1.625,0.75
4,BL-,#_,1,34,VAL,+,b,b,2,−,P,B,3,−,4,+,a,0.0,3.0,4.0
25,BL-,#_,2,34,VEN,+,i,j,98,−,W,Ɉ,-2,−,,+,a,0.0,-2.0,0.333333333
25,BL-,#_,1,34,VEN,+,b,b,2,−,P,B,3,−,4,+,a,0.0,3.0,4.0
10,BL-,#_,1,34,WAL,+,b,b,2,−,P,B,3,−,4,+,a,0.0,3.0,4.0
10,BL-,#_,2,34,WAL,+,l,l,85,+,LW,D,0.75,−,0.75,+,a,0.0,0.75,0.75
21,TR-,#_,2,35,ABR,+,r,ɾ,83,−,L,D,0.75,−,1,+,a,0.0,0.75,1.0
21,TR-,#_,1,35,ABR,+,t,t̪,5,−,P,D,,−,4,−,a,255.0,1.666666667,4.0
1,TR-,#_,1,35,AMR ESP,+,t,t̪,5,−,P,D,,−,4,−,a,255.0,1.666666667,4.0
1,TR-,#_,2,35,AMR ESP,+,r,ɾ,83,−,L,D,0.75,−,1,+,a,0.0,0.75,1.0
31,TR-,#_,2,35,AND ESP,+,r,ɾ,83,−,L,D,0.75,−,1,+,a,0.0,0.75,1.0
31,TR-,#_,1,35,AND ESP,+,t,t̪,5,−,P,D,,−,4,−,a,255.0,1.666666667,4.0
32,TR-,#_,1,35,ARG,+,t,t̪,5,−,P,D,,−,4,−,a,255.0,1.666666667,4.0
32,TR-,#_,2,35,ARG,+,r,ɾ,83,−,L,D,0.75,−,1,+,a,0.0,0.75,1.0
26,TR-,#_,2,35,ARO,+,r,ɾ̪,82,−,L,D,,−,1,+,a,0.0,1.666666667,1.0
26,TR-,#_,1,35,ARO,+,t,t̪,5,−,P,D,,−,4,−,a,255.0,1.666666667,4.0
11,TR-,#_,1,35,ARP,+,t,t̪,5,−,P,D,,−,4,−,a,255.0,1.666666667,4.0
11,TR-,#_,2,35,ARP,+,r,ɾ (ʀ),143,−,L,D (Q),,−,,+,a,0.0,-0.833333333,1.333333333
29,TR-,#_,2,35,ASL,+,r,ɾ,83,−,L,D,0.75,−,1,+,a,0.0,0.75,1.0
29,TR-,#_,1,35,ASL,+,t,t̪,5,−,P,D,,−,4,−,a,255.0,1.666666667,4.0
5,TR-,#_,2,35,BAL,+,r,ɾ,83,−,L,D,0.75,−,1,+,a,0.0,0.75,1.0
5,TR-,#_,1,35,BAL,+,t,t̪,5,−,P,D,,−,4,−,a,255.0,1.666666667,4.0
0,TR-,#_,1,35,BR POR,+,t,t̪,5,−,P,D,,−,4,−,a,255.0,1.666666667,4.0
0,TR-,#_,2,35,BR POR,+,r,ɾ,83,−,L,D,0.75,−,1,+,a,0.0,0.75,1.0
22,TR-,#_,2,35,CAM,+,r,ɾ,83,−,L,D,0.75,−,1,+,a,0.0,0.75,1.0
22,TR-,#_,1,35,CAM,+,t,t̪,5,−,P,D,,−,4,−,a,255.0,1.666666667,4.0
30,TR-,#_,2,35,CAS ESP,+,r,ɾ,83,−,L,D,0.75,−,1,+,a,0.0,0.75,1.0
30,TR-,#_,1,35,CAS ESP,+,t,t̪,5,−,P,D,,−,4,−,a,255.0,1.666666667,4.0
3,TR-,#_,1,35,CAT,+,t,t̪,5,−,P,D,,−,4,−,a,255.0,1.666666667,4.0
3,TR-,#_,2,35,CAT,+,r,ɾ,83,−,L,D,0.75,−,1,+,a,0.0,0.75,1.0
19,TR-,#_,2,35,COR,+,r,ɾ~ɽ,146,−,L,D~Ɉ,,−,1,+,a,0.0,-0.25,1.0
19,TR-,#_,1,35,COR,+,t,t̪~ʈ,145,−,P,D~Ɉ,,−,4,−,a,255.0,0.541666667,4.0
18,TR-,#_,2,35,CPN SRD,+,r,ɾ,83,−,L,D,0.75,−,1,+,a,0.0,0.75,1.0
18,TR-,#_,1,35,CPN SRD,+,t,t̪,5,−,P,D,,−,4,−,a,255.0,1.666666667,4.0
8,TR-,#_,1,35,EU FRA,+,t,t̪,5,−,P,D,,−,4,−,a,255.0,1.666666667,4.0
8,TR-,#_,2,35,EU FRA,+,r,ʁ (ʀ),142,−,F (L),Q,-4,−,,+,a,0.0,-4.0,1.75
13,TR-,#_,1,35,EU POR,+,t,t̪,5,−,P,D,,−,4,−,a,255.0,1.666666667,4.0
13,TR-,#_,2,35,EU POR,+,r,ɾ,83,−,L,D,0.75,−,1,+,a,0.0,0.75,1.0
16,TR-,#_,2,35,FUR,+,r,ɾ,83,−,L,D,0.75,−,1,+,a,0.0,0.75,1.0
16,TR-,#_,1,35,FUR,+,t,t̪,5,−,P,D,,−,4,−,a,255.0,1.666666667,4.0
28,TR-,#_,1,35,GAL,+,t,t̪,5,−,P,D,,−,4,−,a,255.0,1.666666667,4.0
28,TR-,#_,2,35,GAL,+,r,ɾ,83,−,L,D,0.75,−,1,+,a,0.0,0.75,1.0
7,TR-,#_,1,35,GAS OCC,+,t,t̪,5,−,P,D,,−,4,−,a,255.0,1.666666667,4.0
7,TR-,#_,2,35,GAS OCC,+,r,ɾ,83,−,L,D,0.75,−,1,+,a,0.0,0.75,1.0
20,TR-,#_,1,35,ITA,+,t,t̪,5,−,P,D,,−,4,−,a,255.0,1.666666667,4.0
20,TR-,#_,2,35,ITA,+,r,ɾ,83,−,L,D,0.75,−,1,+,a,0.0,0.75,1.0
2,TR-,#_,1,35,LAT,+,T,t̪,5,−,P,D,,−,4,−,a,255.0,1.666666667,4.0
2,TR-,#_,2,35,LAT,+,R,ɾ,83,−,L,D,0.75,−,1,+,a,0.0,0.75,1.0
12,TR-,#_,1,35,LIG,+,t,t̪,5,−,P,D,,−,4,−,a,255.0,1.666666667,4.0
12,TR-,#_,2,35,LIG,+,r,ɾ,83,−,L,D,0.75,−,1,+,a,0.0,0.75,1.0
14,TR-,#_,2,35,LMO,+,r,ɾ,83,−,L,D,0.75,−,1,+,a,0.0,0.75,1.0
14,TR-,#_,1,35,LMO,+,t,t̪,5,−,P,D,,−,4,−,a,255.0,1.666666667,4.0
17,TR-,#_,2,35,LOG SRD,+,r,ɾ,83,−,L,D,0.75,−,1,+,a,0.0,0.75,1.0
17,TR-,#_,1,35,LOG SRD,+,t,t̪,5,−,P,D,,−,4,−,a,255.0,1.666666667,4.0
6,TR-,#_,2,35,OCC,+,r,ɾ (ʀ),143,−,L,D (Q),,−,,+,a,0.0,-0.833333333,1.333333333
6,TR-,#_,1,35,OCC,+,t,t̪,5,−,P,D,,−,4,−,a,255.0,1.666666667,4.0
23,TR-,#_,1,35,PGL,+,t,t̪,5,−,P,D,,−,4,−,a,255.0,1.666666667,4.0
23,TR-,#_,2,35,PGL,+,r,ɾ,83,−,L,D,0.75,−,1,+,a,0.0,0.75,1.0
9,TR-,#_,2,35,QBC FRA,+,r,ʁ (ʀ),142,−,F (L),Q,-4,−,,+,a,0.0,-4.0,1.75
9,TR-,#_,1,35,QBC FRA,+,t,t̪,5,−,P,D,,−,4,−,a,255.0,1.666666667,4.0
15,TR-,#_,2,35,RMH,+,r,ɾ,83,−,L,D,0.75,−,1,+,a,0.0,0.75,1.0
15,TR-,#_,1,35,RMH,+,t,t̪,5,−,P,D,,−,4,−,a,255.0,1.666666667,4.0
27,TR-,#_,1,35,ROM,+,t,t̪,5,−,P,D,,−,4,−,a,255.0,1.666666667,4.0
27,TR-,#_,2,35,ROM,+,r,ɾ̪,82,−,L,D,,−,1,+,a,0.0,1.666666667,1.0
24,TR-,#_,1,35,SCN,+,t,ʈ,13,−,P,Ɉ,-1.25,−,4,−,a,255.0,-1.25,4.0
24,TR-,#_,2,35,SCN,+,r,ɽ,80,−,L,Ɉ,-1.25,−,1,+,a,0.0,-1.25,1.0
4,TR-,#_,1,35,VAL,+,t,t̪,5,−,P,D,,−,4,−,a,255.0,1.666666667,4.0
4,TR-,#_,2,35,VAL,+,r,ɾ,83,−,L,D,0.75,−,1,+,a,0.0,0.75,1.0
25,TR-,#_,1,35,VEN,+,t,t̪,5,−,P,D,,−,4,−,a,255.0,1.666666667,4.0
25,TR-,#_,2,35,VEN,+,r,ɾ,83,−,L,D,0.75,−,1,+,a,0.0,0.75,1.0
10,TR-,#_,1,35,WAL,+,t,t̪,5,−,P,D,,−,4,−,a,255.0,1.666666667,4.0
10,TR-,#_,2,35,WAL,+,r,ʀ,81,−,L,Q,-4,−,1.25,+,a,0.0,-4.0,1.25
21,DR-,#_,2,36,ABR,+,r,ɾ,83,−,L,D,0.75,−,1,+,a,0.0,0.75,1.0
21,DR-,#_,1,36,ABR,+,d,d̪,6,−,P,D,,−,4,+,a,0.0,1.666666667,4.0
1,DR-,#_,1,36,AMR ESP,+,d,d̪,6,−,P,D,,−,4,+,a,0.0,1.666666667,4.0
1,DR-,#_,2,36,AMR ESP,+,r,ɾ,83,−,L,D,0.75,−,1,+,a,0.0,0.75,1.0
31,DR-,#_,2,36,AND ESP,+,r,ɾ,83,−,L,D,0.75,−,1,+,a,0.0,0.75,1.0
31,DR-,#_,1,36,AND ESP,+,d,d̪,6,−,P,D,,−,4,+,a,0.0,1.666666667,4.0
32,DR-,#_,1,36,ARG,+,d,d̪,6,−,P,D,,−,4,+,a,0.0,1.666666667,4.0
32,DR-,#_,2,36,ARG,+,r,ɾ,83,−,L,D,0.75,−,1,+,a,0.0,0.75,1.0
26,DR-,#_,2,36,ARO,+,r,ɾ̪,82,−,L,D,,−,1,+,a,0.0,1.666666667,1.0
26,DR-,#_,1,36,ARO,+,d,d̪,6,−,P,D,,−,4,+,a,0.0,1.666666667,4.0
11,DR-,#_,1,36,ARP,+,d,d̪,6,−,P,D,,−,4,+,a,0.0,1.666666667,4.0
11,DR-,#_,2,36,ARP,+,r,ɾ (ʀ),143,−,L,D (Q),,−,,+,a,0.0,-0.833333333,1.333333333
29,DR-,#_,2,36,ASL,+,r,ɾ,83,−,L,D,0.75,−,1,+,a,0.0,0.75,1.0
29,DR-,#_,1,36,ASL,+,d,d̪,6,−,P,D,,−,4,+,a,0.0,1.666666667,4.0
5,DR-,#_,2,36,BAL,+,r,ɾ,83,−,L,D,0.75,−,1,+,a,0.0,0.75,1.0
5,DR-,#_,1,36,BAL,+,d,d̪,6,−,P,D,,−,4,+,a,0.0,1.666666667,4.0
0,DR-,#_,1,36,BR POR,+,d,d̪,6,−,P,D,,−,4,+,a,0.0,1.666666667,4.0
0,DR-,#_,2,36,BR POR,+,r,ɾ,83,−,L,D,0.75,−,1,+,a,0.0,0.75,1.0
22,DR-,#_,2,36,CAM,+,r,ɾ,83,−,L,D,0.75,−,1,+,a,0.0,0.75,1.0
22,DR-,#_,1,36,CAM,+,d,d̪,6,−,P,D,,−,4,+,a,0.0,1.666666667,4.0
30,DR-,#_,2,36,CAS ESP,+,r,ɾ,83,−,L,D,0.75,−,1,+,a,0.0,0.75,1.0
30,DR-,#_,1,36,CAS ESP,+,d,d̪,6,−,P,D,,−,4,+,a,0.0,1.666666667,4.0
3,DR-,#_,1,36,CAT,+,d,d̪,6,−,P,D,,−,4,+,a,0.0,1.666666667,4.0
3,DR-,#_,2,36,CAT,+,r,ɾ,83,−,L,D,0.75,−,1,+,a,0.0,0.75,1.0
19,DR-,#_,2,36,COR,+,r,ɾ~ɽ,146,−,L,D~Ɉ,,−,1,+,a,0.0,-0.25,1.0
19,DR-,#_,1,36,COR,+,d,d̪~ɖ,147,−,P,D~Ɉ,,−,4,+,a,0.0,0.541666667,4.0
18,DR-,#_,2,36,CPN SRD,+,r,ɾ,83,−,L,D,0.75,−,1,+,a,0.0,0.75,1.0
18,DR-,#_,1,36,CPN SRD,+,d,d̪,6,−,P,D,,−,4,+,a,0.0,1.666666667,4.0
8,DR-,#_,1,36,EU FRA,+,d,d̪,6,−,P,D,,−,4,+,a,0.0,1.666666667,4.0
8,DR-,#_,2,36,EU FRA,+,r,ʁ (ʀ),142,−,F (L),Q,-4,−,,+,a,0.0,-4.0,1.75
13,DR-,#_,1,36,EU POR,+,d,d̪,6,−,P,D,,−,4,+,a,0.0,1.666666667,4.0
13,DR-,#_,2,36,EU POR,+,r,ɾ,83,−,L,D,0.75,−,1,+,a,0.0,0.75,1.0
16,DR-,#_,2,36,FUR,+,r,ɾ,83,−,L,D,0.75,−,1,+,a,0.0,0.75,1.0
16,DR-,#_,1,36,FUR,+,d,d̪,6,−,P,D,,−,4,+,a,0.0,1.666666667,4.0
28,DR-,#_,1,36,GAL,+,d,d̪,6,−,P,D,,−,4,+,a,0.0,1.666666667,4.0
28,DR-,#_,2,36,GAL,+,r,ɾ,83,−,L,D,0.75,−,1,+,a,0.0,0.75,1.0
7,DR-,#_,1,36,GAS OCC,+,d,d̪,6,−,P,D,,−,4,+,a,0.0,1.666666667,4.0
7,DR-,#_,2,36,GAS OCC,+,r,ɾ,83,−,L,D,0.75,−,1,+,a,0.0,0.75,1.0
20,DR-,#_,1,36,ITA,+,d,d̪,6,−,P,D,,−,4,+,a,0.0,1.666666667,4.0
20,DR-,#_,2,36,ITA,+,r,ɾ,83,−,L,D,0.75,−,1,+,a,0.0,0.75,1.0
2,DR-,#_,1,36,LAT,+,D,d̪,6,−,P,D,,−,4,+,a,0.0,1.666666667,4.0
2,DR-,#_,2,36,LAT,+,R,ɾ,83,−,L,D,0.75,−,1,+,a,0.0,0.75,1.0
12,DR-,#_,1,36,LIG,+,d,d̪,6,−,P,D,,−,4,+,a,0.0,1.666666667,4.0
12,DR-,#_,2,36,LIG,+,r,ɾ,83,−,L,D,0.75,−,1,+,a,0.0,0.75,1.0
14,DR-,#_,2,36,LMO,+,r,ɾ,83,−,L,D,0.75,−,1,+,a,0.0,0.75,1.0
14,DR-,#_,1,36,LMO,+,d,d̪,6,−,P,D,,−,4,+,a,0.0,1.666666667,4.0
17,DR-,#_,2,36,LOG SRD,+,r,ɾ,83,−,L,D,0.75,−,1,+,a,0.0,0.75,1.0
17,DR-,#_,1,36,LOG SRD,+,d,d̪,6,−,P,D,,−,4,+,a,0.0,1.666666667,4.0
6,DR-,#_,2,36,OCC,+,r,ɾ (ʀ),143,−,L,D (Q),,−,,+,a,0.0,-0.833333333,1.333333333
6,DR-,#_,1,36,OCC,+,d,d̪,6,−,P,D,,−,4,+,a,0.0,1.666666667,4.0
23,DR-,#_,1,36,PGL,+,d,d̪,6,−,P,D,,−,4,+,a,0.0,1.666666667,4.0
23,DR-,#_,2,36,PGL,+,r,ɾ,83,−,L,D,0.75,−,1,+,a,0.0,0.75,1.0
9,DR-,#_,2,36,QBC FRA,+,r,ʁ (ʀ),142,−,F (L),Q,-4,−,,+,a,0.0,-4.0,1.75
9,DR-,#_,1,36,QBC FRA,+,d,d̪,6,−,P,D,,−,4,+,a,0.0,1.666666667,4.0
15,DR-,#_,2,36,RMH,+,r,ɾ,83,−,L,D,0.75,−,1,+,a,0.0,0.75,1.0
15,DR-,#_,1,36,RMH,+,d,d̪,6,−,P,D,,−,4,+,a,0.0,1.666666667,4.0
27,DR-,#_,1,36,ROM,+,d,d̪,6,−,P,D,,−,4,+,a,0.0,1.666666667,4.0
27,DR-,#_,2,36,ROM,+,r,ɾ̪,82,−,L,D,,−,1,+,a,0.0,1.666666667,1.0
24,DR-,#_,1,36,SCN,+,d,ɖ,14,−,P,Ɉ,-1.25,−,4,+,a,0.0,-1.25,4.0
24,DR-,#_,2,36,SCN,+,r,ɽ,80,−,L,Ɉ,-1.25,−,1,+,a,0.0,-1.25,1.0
4,DR-,#_,1,36,VAL,+,d,d̪,6,−,P,D,,−,4,+,a,0.0,1.666666667,4.0
4,DR-,#_,2,36,VAL,+,r,ɾ,83,−,L,D,0.75,−,1,+,a,0.0,0.75,1.0
25,DR-,#_,1,36,VEN,+,d,d̪,6,−,P,D,,−,4,+,a,0.0,1.666666667,4.0
25,DR-,#_,2,36,VEN,+,r,ɾ,83,−,L,D,0.75,−,1,+,a,0.0,0.75,1.0
10,DR-,#_,1,36,WAL,+,d,d̪,6,−,P,D,,−,4,+,a,0.0,1.666666667,4.0
10,DR-,#_,2,36,WAL,+,r,ʀ,81,−,L,Q,-4,−,1.25,+,a,0.0,-4.0,1.25
21,CR-,#_,2,37,ABR,+,r,ɾ,83,−,L,D,0.75,−,1,+,a,0.0,0.75,1.0
21,CR-,#_,1,37,ABR,+,c,k,19,−,P,K,-3,−,4,−,a,255.0,-3.0,4.0
1,CR-,#_,1,37,AMR ESP,+,c,k,19,−,P,K,-3,−,4,−,a,255.0,-3.0,4.0
1,CR-,#_,2,37,AMR ESP,+,r,ɾ,83,−,L,D,0.75,−,1,+,a,0.0,0.75,1.0
31,CR-,#_,2,37,AND ESP,+,r,ɾ,83,−,L,D,0.75,−,1,+,a,0.0,0.75,1.0
31,CR-,#_,1,37,AND ESP,+,c,k,19,−,P,K,-3,−,4,−,a,255.0,-3.0,4.0
32,CR-,#_,1,37,ARG,+,c,k,19,−,P,K,-3,−,4,−,a,255.0,-3.0,4.0
32,CR-,#_,2,37,ARG,+,r,ɾ,83,−,L,D,0.75,−,1,+,a,0.0,0.75,1.0
26,CR-,#_,2,37,ARO,+,r,ɾ̪,82,−,L,D,,−,1,+,a,0.0,1.666666667,1.0
26,CR-,#_,1,37,ARO,+,c,k,19,−,P,K,-3,−,4,−,a,255.0,-3.0,4.0
11,CR-,#_,1,37,ARP,+,c,k,19,−,P,K,-3,−,4,−,a,255.0,-3.0,4.0
11,CR-,#_,2,37,ARP,+,r,ɾ (ʀ),143,−,L,D (Q),,−,,+,a,0.0,-0.833333333,1.333333333
29,CR-,#_,2,37,ASL,+,r,ɾ,83,−,L,D,0.75,−,1,+,a,0.0,0.75,1.0
29,CR-,#_,1,37,ASL,+,c,k,19,−,P,K,-3,−,4,−,a,255.0,-3.0,4.0
5,CR-,#_,2,37,BAL,+,r,ɾ,83,−,L,D,0.75,−,1,+,a,0.0,0.75,1.0
5,CR-,#_,1,37,BAL,+,c,k,19,−,P,K,-3,−,4,−,a,255.0,-3.0,4.0
0,CR-,#_,1,37,BR POR,+,c,k,19,−,P,K,-3,−,4,−,a,255.0,-3.0,4.0
0,CR-,#_,2,37,BR POR,+,r,ɾ,83,−,L,D,0.75,−,1,+,a,0.0,0.75,1.0
22,CR-,#_,2,37,CAM,+,r,ɾ,83,−,L,D,0.75,−,1,+,a,0.0,0.75,1.0
22,CR-,#_,1,37,CAM,+,c,k,19,−,P,K,-3,−,4,−,a,255.0,-3.0,4.0
30,CR-,#_,2,37,CAS ESP,+,r,ɾ,83,−,L,D,0.75,−,1,+,a,0.0,0.75,1.0
30,CR-,#_,1,37,CAS ESP,+,c,k,19,−,P,K,-3,−,4,−,a,255.0,-3.0,4.0
3,CR-,#_,1,37,CAT,+,c,k,19,−,P,K,-3,−,4,−,a,255.0,-3.0,4.0
3,CR-,#_,2,37,CAT,+,r,ɾ,83,−,L,D,0.75,−,1,+,a,0.0,0.75,1.0
19,CR-,#_,2,37,COR,+,r,ɾ,83,−,L,D,0.75,−,1,+,a,0.0,0.75,1.0
19,CR-,#_,1,37,COR,+,c,k,19,−,P,K,-3,−,4,−,a,255.0,-3.0,4.0
18,CR-,#_,2,37,CPN SRD,+,r,ɾ,83,−,L,D,0.75,−,1,+,a,0.0,0.75,1.0
18,CR-,#_,1,37,CPN SRD,+,c,k,19,−,P,K,-3,−,4,−,a,255.0,-3.0,4.0
8,CR-,#_,1,37,EU FRA,+,c,k,19,−,P,K,-3,−,4,−,a,255.0,-3.0,4.0
8,CR-,#_,2,37,EU FRA,+,r,ʁ (ʀ),142,−,F (L),Q,-4,−,,+,a,0.0,-4.0,1.75
13,CR-,#_,1,37,EU POR,+,c,k,19,−,P,K,-3,−,4,−,a,255.0,-3.0,4.0
13,CR-,#_,2,37,EU POR,+,r,ɾ,83,−,L,D,0.75,−,1,+,a,0.0,0.75,1.0
16,CR-,#_,2,37,FUR,+,r,ɾ,83,−,L,D,0.75,−,1,+,a,0.0,0.75,1.0
16,CR-,#_,1,37,FUR,+,c,k,19,−,P,K,-3,−,4,−,a,255.0,-3.0,4.0
28,CR-,#_,1,37,GAL,+,c,k,19,−,P,K,-3,−,4,−,a,255.0,-3.0,4.0
28,CR-,#_,2,37,GAL,+,r,ɾ,83,−,L,D,0.75,−,1,+,a,0.0,0.75,1.0
7,CR-,#_,1,37,GAS OCC,+,c,k,19,−,P,K,-3,−,4,−,a,255.0,-3.0,4.0
7,CR-,#_,2,37,GAS OCC,+,r,ɾ,83,−,L,D,0.75,−,1,+,a,0.0,0.75,1.0
20,CR-,#_,1,37,ITA,+,c,k,19,−,P,K,-3,−,4,−,a,255.0,-3.0,4.0
20,CR-,#_,2,37,ITA,+,r,ɾ,83,−,L,D,0.75,−,1,+,a,0.0,0.75,1.0
2,CR-,#_,1,37,LAT,+,C,k,19,−,P,K,-3,−,4,−,a,255.0,-3.0,4.0
2,CR-,#_,2,37,LAT,+,R,ɾ,83,−,L,D,0.75,−,1,+,a,0.0,0.75,1.0
12,CR-,#_,1,37,LIG,+,c,k,19,−,P,K,-3,−,4,−,a,255.0,-3.0,4.0
12,CR-,#_,2,37,LIG,+,r,ɾ,83,−,L,D,0.75,−,1,+,a,0.0,0.75,1.0
14,CR-,#_,2,37,LMO,+,r,ɾ,83,−,L,D,0.75,−,1,+,a,0.0,0.75,1.0
14,CR-,#_,1,37,LMO,+,c,k,19,−,P,K,-3,−,4,−,a,255.0,-3.0,4.0
17,CR-,#_,2,37,LOG SRD,+,r,ɾ,83,−,L,D,0.75,−,1,+,a,0.0,0.75,1.0
17,CR-,#_,1,37,LOG SRD,+,c,k,19,−,P,K,-3,−,4,−,a,255.0,-3.0,4.0
6,CR-,#_,2,37,OCC,+,r,ɾ (ʀ),143,−,L,D (Q),,−,,+,a,0.0,-0.833333333,1.333333333
6,CR-,#_,1,37,OCC,+,c,k,19,−,P,K,-3,−,4,−,a,255.0,-3.0,4.0
23,CR-,#_,1,37,PGL,+,c,k,19,−,P,K,-3,−,4,−,a,255.0,-3.0,4.0
23,CR-,#_,2,37,PGL,+,r,ɾ,83,−,L,D,0.75,−,1,+,a,0.0,0.75,1.0
9,CR-,#_,2,37,QBC FRA,+,r,ʁ (ʀ),142,−,F (L),Q,-4,−,,+,a,0.0,-4.0,1.75
9,CR-,#_,1,37,QBC FRA,+,c,k,19,−,P,K,-3,−,4,−,a,255.0,-3.0,4.0
15,CR-,#_,2,37,RMH,+,r,ɾ,83,−,L,D,0.75,−,1,+,a,0.0,0.75,1.0
15,CR-,#_,1,37,RMH,+,c,k,19,−,P,K,-3,−,4,−,a,255.0,-3.0,4.0
27,CR-,#_,1,37,ROM,+,c,k,19,−,P,K,-3,−,4,−,a,255.0,-3.0,4.0
27,CR-,#_,2,37,ROM,+,r,ɾ̪,82,−,L,D,,−,1,+,a,0.0,1.666666667,1.0
24,CR-,#_,1,37,SCN,+,c,k,19,−,P,K,-3,−,4,−,a,255.0,-3.0,4.0
24,CR-,#_,2,37,SCN,+,r,ɾ,83,−,L,D,0.75,−,1,+,a,0.0,0.75,1.0
4,CR-,#_,1,37,VAL,+,c,k,19,−,P,K,-3,−,4,−,a,255.0,-3.0,4.0
4,CR-,#_,2,37,VAL,+,r,ɾ,83,−,L,D,0.75,−,1,+,a,0.0,0.75,1.0
25,CR-,#_,1,37,VEN,+,c,k,19,−,P,K,-3,−,4,−,a,255.0,-3.0,4.0
25,CR-,#_,2,37,VEN,+,r,ɾ,83,−,L,D,0.75,−,1,+,a,0.0,0.75,1.0
10,CR-,#_,1,37,WAL,+,c,k,19,−,P,K,-3,−,4,−,a,255.0,-3.0,4.0
10,CR-,#_,2,37,WAL,+,r,ʀ,81,−,L,Q,-4,−,1.25,+,a,0.0,-4.0,1.25
21,CL-,#_,2,38,ABR,−,∅,∅,,−,∅,Ɉ,-2,−,0,−,a,255.0,0.0,0.0
21,CL-,#_,1,38,ABR,+,chi,c,17,−,P,Ɉ,-2,−,4,−,a,255.0,-2.0,4.0
1,CL-,#_,1,38,AMR ESP,−,∅,∅,,−,∅,K,-3,−,0,−,a,255.0,0.0,0.0
1,CL-,#_,2,38,AMR ESP,+,ll,ɟ͡ʝ,39,−,P͡F,Ɉ,-2,−,3,+,a,0.0,-2.0,3.0
34,CL-,#_,2,38,AND ESP,+,ll,ɟ͡ʝ,39,−,P͡F,Ɉ,-2,−,3,+,a,0.0,-2.0,3.0
34,CL-,#_,1,38,AND ESP,−,∅,∅,,−,∅,K,-3,−,0,−,a,255.0,0.0,0.0
35,CL-,#_,1,38,ARG,+,c,k,19,−,P,K,-3,−,4,−,a,255.0,-3.0,4.0
26,CL-,#_,2,38,ARO,+,lj,ʎ,90,+,L,Ɉ,-2,−,0.75,+,a,0.0,-2.0,0.75
26,CL-,#_,1,38,ARO,+,c,k,19,−,P,K,-3,−,4,−,a,255.0,-3.0,4.0
11,CL-,#_,1,38,ARP,+,c,k~ȶ,148,−,P,K~Ɉ,,−,4,−,a,255.0,-1.5,4.0
11,CL-,#_,2,38,ARP,+,ll,l~j,149,+/−,LW~W,D~Ɉ,,−,,+,a,0.0,-0.625,0.541666667
32,CL-,#_,2,38,ASL,+,ll (ḷḷ),ȴ[ʎ̟] (ʈ͡ʂ),129,+ (−),LW (P͡F),Ɉ,,− (+),,+ (−),a,85.0,-0.416666667,1.5
32,CL-,#_,1,38,ASL,−,∅,∅,,−,∅,K,-3,−,0,−,a,255.0,0.0,0.0
5,CL-,#_,2,38,BAL,+,l,ʟ,140,+,LW,K,-3,−,0.75,+,a,0.0,-3.0,0.75
5,CL-,#_,1,38,BAL,+,c,k,19,−,P,K,-3,−,4,−,a,255.0,-3.0,4.0
0,CL-,#_,1,38,BR POR,+,ch,ʃ,56,−,F,Ɉ,-0.5,+,2,−,a,255.0,-0.5,2.0
0,CL-,#_,2,38,BR POR,−,∅,∅,,−,∅,Ɉ,-2,−,0,−,a,255.0,0.0,0.0
22,CL-,#_,2,38,CAM,−,∅,∅,,−,∅,Ɉ,-2,−,0,−,a,255.0,0.0,0.0
22,CL-,#_,1,38,CAM,+,chi,c,17,−,P,Ɉ,-2,−,4,−,a,255.0,-2.0,4.0
33,CL-,#_,2,38,CAS ESP,+,ll,ʎ,90,+,L,Ɉ,-2,−,0.75,+,a,0.0,-2.0,0.75
33,CL-,#_,1,38,CAS ESP,−,∅,∅,,−,∅,K,-3,−,0,−,a,255.0,0.0,0.0
3,CL-,#_,1,38,CAT,+,c,k,19,−,P,K,-3,−,4,−,a,255.0,-3.0,4.0
3,CL-,#_,2,38,CAT,+,l,l,85,+,LW,D,0.75,−,0.75,+,a,0.0,0.75,0.75
19,CL-,#_,2,38,COR,−,∅,∅,,−,∅,Ɉ,-2,−,0,−,a,255.0,0.0,0.0
19,CL-,#_,1,38,COR,+,chj,c,17,−,P,Ɉ,-2,−,4,−,a,255.0,-2.0,4.0
18,CL-,#_,2,38,CPN SRD,+,r,ɾ,83,−,L,D,0.75,−,1,+,a,0.0,0.75,1.0
18,CL-,#_,1,38,CPN SRD,+,c,k,19,−,P,K,-3,−,4,−,a,255.0,-3.0,4.0
8,CL-,#_,1,38,EU FRA,+,c,k,19,−,P,K,-3,−,4,−,a,255.0,-3.0,4.0
8,CL-,#_,2,38,EU FRA,+,l,l,85,+,LW,D,0.75,−,0.75,+,a,0.0,0.75,0.75
29,CL-,#_,2,38,EU FRA,+,l,l,85,+,LW,D,0.75,−,0.75,+,b,0.0,0.75,0.75
29,CL-,#_,1,38,EU FRA,+,g,ɡ,20,−,P,K,-3,−,4,+,b,0.0,-3.0,4.0
13,CL-,#_,1,38,EU POR,+,ch,ʃ,56,−,F,Ɉ,-0.5,+,2,−,a,255.0,-0.5,2.0
13,CL-,#_,2,38,EU POR,−,∅,∅,,−,∅,Ɉ,-2,−,0,−,a,255.0,0.0,0.0
16,CL-,#_,2,38,FUR,+,l,l,85,+,LW,D,0.75,−,0.75,+,a,0.0,0.75,0.75
16,CL-,#_,1,38,FUR,+,c,k,19,−,P,K,-3,−,4,−,a,255.0,-3.0,4.0
31,CL-,#_,1,38,GAL,+,ch,t̠͡ʃ,34,−,P͡F,Ɉ,-0.5,+,3,−,a,255.0,-0.5,3.0
31,CL-,#_,2,38,GAL,−,∅,∅,,−,∅,Ɉ,-2,−,0,−,a,255.0,0.0,0.0
7,CL-,#_,1,38,GAS OCC,+,c,k,19,−,P,K,-3,−,4,−,a,255.0,-3.0,4.0
7,CL-,#_,2,38,GAS OCC,+,l,l,85,+,LW,D,0.75,−,0.75,+,a,0.0,0.75,0.75
20,CL-,#_,2,38,ITA,+,i,j,98,−,W,Ɉ,-2,−,,+,a,0.0,-2.0,0.333333333
20,CL-,#_,1,38,ITA,+,ch,k,19,−,P,K,-3,−,4,−,a,255.0,-3.0,4.0
2,CL-,#_,2,38,LAT,+,L,ɫ̪,87,+,LW,DQ,,−,0.75,+,a,0.0,-1.166666667,0.75
2,CL-,#_,1,38,LAT,+,C,k,19,−,P,K,-3,−,4,−,a,255.0,-3.0,4.0
30,CL-,#_,1,38,LAT,+,C,k,19,−,P,K,-3,−,4,−,b,255.0,-3.0,4.0
30,CL-,#_,2,38,LAT,+,L,l̪ʲ,139,+,LW,Ɉ,,−,0.75,+,b,0.0,-0.166666667,0.75
12,CL-,#_,1,38,LIG,+,ci,t̠͡ʃ,34,−,P͡F,Ɉ,-0.5,+,3,−,a,255.0,-0.5,3.0
12,CL-,#_,2,38,LIG,−,∅,∅,,−,∅,Ɉ,-2,−,0,−,a,255.0,0.0,0.0
14,CL-,#_,2,38,LMO,−,∅,∅,,−,∅,Ɉ,-2,−,0,−,a,255.0,0.0,0.0
14,CL-,#_,1,38,LMO,+,ci,t̠͡ʃ,34,−,P͡F,Ɉ,-0.5,+,3,−,a,255.0,-0.5,3.0
17,CL-,#_,2,38,LOG SRD,+,r,ɾ,83,−,L,D,0.75,−,1,+,a,0.0,0.75,1.0
17,CL-,#_,1,38,LOG SRD,+,c,k,19,−,P,K,-3,−,4,−,a,255.0,-3.0,4.0
6,CL-,#_,2,38,OCC,+,l,l,85,+,LW,D,0.75,−,0.75,+,a,0.0,0.75,0.75
6,CL-,#_,1,38,OCC,+,c,k,19,−,P,K,-3,−,4,−,a,255.0,-3.0,4.0
23,CL-,#_,2,38,PGL,−,∅,∅,,−,∅,Ɉ,-2,−,0,−,a,255.0,0.0,0.0
23,CL-,#_,1,38,PGL,+,chi,c,17,−,P,Ɉ,-2,−,4,−,a,255.0,-2.0,4.0
9,CL-,#_,1,38,QBC FRA,+,c,k,19,−,P,K,-3,−,4,−,a,255.0,-3.0,4.0
9,CL-,#_,2,38,QBC FRA,+,l,l,85,+,LW,D,0.75,−,0.75,+,a,0.0,0.75,0.75
15,CL-,#_,2,38,RMH,+,l,l,85,+,LW,D,0.75,−,0.75,+,a,0.0,0.75,0.75
15,CL-,#_,1,38,RMH,+,c,k,19,−,P,K,-3,−,4,−,a,255.0,-3.0,4.0
27,CL-,#_,1,38,ROM,+,ch,k~c,150,−,P,K~Ɉ,-2.5,−,4,−,a,255.0,-2.5,4.0
27,CL-,#_,2,38,ROM,+,i,j~∅,151,−,W~∅,Ɉ,-2,−,,+/−,a,127.5,-2.0,0.166666667
24,CL-,#_,2,38,SCN,−,∅,∅,,−,∅,Ɉ,-2,−,0,−,a,255.0,0.0,0.0
24,CL-,#_,1,38,SCN,+,chi,c,17,−,P,Ɉ,-2,−,4,−,a,255.0,-2.0,4.0
4,CL-,#_,1,38,VAL,+,c,k,19,−,P,K,-3,−,4,−,a,255.0,-3.0,4.0
25,CL-,#_,2,38,VEN,−,∅,∅,,−,∅,Ɉ,-2,−,0,−,a,255.0,0.0,0.0
25,CL-,#_,1,38,VEN,+,ci,t̠͡ʃ,34,−,P͡F,Ɉ,-0.5,+,3,−,a,255.0,-0.5,3.0
10,CL-,#_,1,38,WAL,+,c,k,19,−,P,K,-3,−,4,−,a,255.0,-3.0,4.0
10,CL-,#_,2,38,WAL,+,l,l,85,+,LW,D,0.75,−,0.75,+,a,0.0,0.75,0.75
21,QU-,ˈ#_a,2,39,ABR,+,u,w,97,−,W,BK,0,−,,+,a,0.0,0.0,0.333333333
21,QU-,ˈ#_a,1,39,ABR,+,q,k,19,−,P,K,-3,−,4,−,a,255.0,-3.0,4.0
1,QU-,ˈ#_a,1,39,AMR ESP,+,c,k,19,−,P,K,-3,−,4,−,a,255.0,-3.0,4.0
1,QU-,ˈ#_a,2,39,AMR ESP,+,u,w,97,−,W,BK,0,−,,+,a,0.0,0.0,0.333333333
36,QU-,ˈ#_a,2,39,AND ESP,+,u,w,97,−,W,BK,0,−,,+,a,0.0,0.0,0.333333333
36,QU-,ˈ#_a,1,39,AND ESP,+,c,k,19,−,P,K,-3,−,4,−,a,255.0,-3.0,4.0
37,QU-,ˈ#_a,1,39,ARG,+,q,k,19,−,P,K,-3,−,4,−,a,255.0,-3.0,4.0
37,QU-,ˈ#_a,2,39,ARG,+,u,w,97,−,W,BK,0,−,,+,a,0.0,0.0,0.333333333
26,QU-,ˈ#_a,1,39,ARO,+,p,p,1,−,P,B,3,−,4,−,a,255.0,3.0,4.0
31,QU-,ˈ#_a,2,39,ARO,−,∅,∅,,−,∅,BK,0,−,0,−,b,255.0,0.0,0.0
26,QU-,ˈ#_a,2,39,ARO,−,∅,∅,,−,∅,BK,0,−,0,−,a,255.0,0.0,0.0
31,QU-,ˈ#_a,1,39,ARO,+,c,k,19,−,P,K,-3,−,4,−,b,255.0,-3.0,4.0
11,QU-,ˈ#_a,1,39,ARP,+,qu,k,19,−,P,K,-3,−,4,−,a,255.0,-3.0,4.0
11,QU-,ˈ#_a,2,39,ARP,−,∅,∅,,−,∅,BK,0,−,0,−,a,255.0,0.0,0.0
34,QU-,ˈ#_a,1,39,ASL,+,c,k,19,−,P,K,-3,−,4,−,a,255.0,-3.0,4.0
34,QU-,ˈ#_a,2,39,ASL,+,u,w,97,−,W,BK,0,−,,+,a,0.0,0.0,0.333333333
5,QU-,ˈ#_a,1,39,BAL,+,q,k,19,−,P,K,-3,−,4,−,a,255.0,-3.0,4.0
5,QU-,ˈ#_a,2,39,BAL,+,u,w,97,−,W,BK,0,−,,+,a,0.0,0.0,0.333333333
0,QU-,ˈ#_a,2,39,BR POR,+,u,w,97,−,W,BK,0,−,,+,a,0.0,0.0,0.333333333
0,QU-,ˈ#_a,1,39,BR POR,+,q,k,19,−,P,K,-3,−,4,−,a,255.0,-3.0,4.0
22,QU-,ˈ#_a,2,39,CAM,+,u,w,97,−,W,BK,0,−,,+,a,0.0,0.0,0.333333333
22,QU-,ˈ#_a,1,39,CAM,+,q,k,19,−,P,K,-3,−,4,−,a,255.0,-3.0,4.0
35,QU-,ˈ#_a,1,39,CAS ESP,+,c,k,19,−,P,K,-3,−,4,−,a,255.0,-3.0,4.0
35,QU-,ˈ#_a,2,39,CAS ESP,+,u,w,97,−,W,BK,0,−,,+,a,0.0,0.0,0.333333333
3,QU-,ˈ#_a,1,39,CAT,+,q,k,19,−,P,K,-3,−,4,−,a,255.0,-3.0,4.0
3,QU-,ˈ#_a,2,39,CAT,+,u,w,97,−,W,BK,0,−,,+,a,0.0,0.0,0.333333333
19,QU-,ˈ#_a,2,39,COR,−,∅,∅,,−,∅,BK,0,−,0,−,a,255.0,0.0,0.0
19,QU-,ˈ#_a,1,39,COR,+,qu,kʷ,15,−,P,BK,-1,−,4,−,a,255.0,-1.5,4.0
18,QU-,ˈ#_a,2,39,CPN SRD,+,u,w,97,−,W,BK,0,−,,+,a,0.0,0.0,0.333333333
30,QU-,ˈ#_a,1,39,CPN SRD,+,c,k,19,−,P,K,-3,−,4,−,b,255.0,-3.0,4.0
30,QU-,ˈ#_a,2,39,CPN SRD,−,∅,∅,,−,∅,BK,0,−,0,−,b,255.0,0.0,0.0
18,QU-,ˈ#_a,1,39,CPN SRD,+,c,k,19,−,P,K,-3,−,4,−,a,255.0,-3.0,4.0
8,QU-,ˈ#_a,1,39,EU FRA,+,qu,k,19,−,P,K,-3,−,4,−,a,255.0,-3.0,4.0
8,QU-,ˈ#_a,2,39,EU FRA,−,∅,∅,,−,∅,BK,0,−,0,−,a,255.0,0.0,0.0
13,QU-,ˈ#_a,2,39,EU POR,+,u,w,97,−,W,BK,0,−,,+,a,0.0,0.0,0.333333333
13,QU-,ˈ#_a,1,39,EU POR,+,q,k,19,−,P,K,-3,−,4,−,a,255.0,-3.0,4.0
16,QU-,ˈ#_a,1,39,FUR,+,c,k,19,−,P,K,-3,−,4,−,a,255.0,-3.0,4.0
16,QU-,ˈ#_a,2,39,FUR,+,u,w,97,−,W,BK,0,−,,+,a,0.0,0.0,0.333333333
33,QU-,ˈ#_a,1,39,GAL,+,c,k,19,−,P,K,-3,−,4,−,a,255.0,-3.0,4.0
33,QU-,ˈ#_a,2,39,GAL,+/−,u/∅,w~∅,134,−,W~∅,BK,0,−,,+/−,a,127.5,0.0,0.166666667
7,QU-,ˈ#_a,1,39,GAS OCC,+,q,k,19,−,P,K,-3,−,4,−,a,255.0,-3.0,4.0
7,QU-,ˈ#_a,2,39,GAS OCC,+,u,w,97,−,W,BK,0,−,,+,a,0.0,0.0,0.333333333
20,QU-,ˈ#_a,1,39,ITA,+,q,k,19,−,P,K,-3,−,4,−,a,255.0,-3.0,4.0
20,QU-,ˈ#_a,2,39,ITA,+,u,w,97,−,W,BK,0,−,,+,a,0.0,0.0,0.333333333
2,QU-,ˈ#_a,1,39,LAT,+,QV,kʷ,15,−,P,BK,-1,−,4,−,a,255.0,-1.5,4.0
12,QU-,ˈ#_a,1,39,LIG,+,q,k,19,−,P,K,-3,−,4,−,a,255.0,-3.0,4.0
12,QU-,ˈ#_a,2,39,LIG,+,u,w,97,−,W,BK,0,−,,+,a,0.0,0.0,0.333333333
14,QU-,ˈ#_a,2,39,LMO,+,u,w,97,−,W,BK,0,−,,+,a,0.0,0.0,0.333333333
14,QU-,ˈ#_a,1,39,LMO,+,q,k,19,−,P,K,-3,−,4,−,a,255.0,-3.0,4.0
29,QU-,ˈ#_a,1,39,LOG SRD,+,c,k,19,−,P,K,-3,−,4,−,b,255.0,-3.0,4.0
17,QU-,ˈ#_a,2,39,LOG SRD,−,∅,∅,,−,∅,BK,0,−,0,−,a,255.0,0.0,0.0
17,QU-,ˈ#_a,1,39,LOG SRD,+,b,b,2,−,P,B,3,−,4,+,a,0.0,3.0,4.0
29,QU-,ˈ#_a,2,39,LOG SRD,−,∅,∅,,−,∅,BK,0,−,0,−,b,255.0,0.0,0.0
6,QU-,ˈ#_a,2,39,OCC,−,∅,∅,,−,∅,BK,0,−,0,−,a,255.0,0.0,0.0
6,QU-,ˈ#_a,1,39,OCC,+,qu,k,19,−,P,K,-3,−,4,−,a,255.0,-3.0,4.0
23,QU-,ˈ#_a,2,39,PGL,+,u,w,97,−,W,BK,0,−,,+,a,0.0,0.0,0.333333333
23,QU-,ˈ#_a,1,39,PGL,+,q,k,19,−,P,K,-3,−,4,−,a,255.0,-3.0,4.0
9,QU-,ˈ#_a,1,39,QBC FRA,+,qu,k,19,−,P,K,-3,−,4,−,a,255.0,-3.0,4.0
9,QU-,ˈ#_a,2,39,QBC FRA,−,∅,∅,,−,∅,BK,0,−,0,−,a,255.0,0.0,0.0
15,QU-,ˈ#_a,1,39,RMH,+,q,k,19,−,P,K,-3,−,4,−,a,255.0,-3.0,4.0
15,QU-,ˈ#_a,2,39,RMH,+,u,w,97,−,W,BK,0,−,,+,a,0.0,0.0,0.333333333
32,QU-,ˈ#_a,1,39,ROM,+,c,k,19,−,P,K,-3,−,4,−,b,255.0,-3.0,4.0
27,QU-,ˈ#_a,2,39,ROM,−,∅,∅,,−,∅,BK,0,−,0,−,a,255.0,0.0,0.0
32,QU-,ˈ#_a,2,39,ROM,−,∅,∅,,−,∅,BK,0,−,0,−,b,255.0,0.0,0.0
27,QU-,ˈ#_a,1,39,ROM,+,p,p,1,−,P,B,3,−,4,−,a,255.0,3.0,4.0
24,QU-,ˈ#_a,2,39,SCN,+,u,w,97,−,W,BK,0,−,,+,a,0.0,0.0,0.333333333
24,QU-,ˈ#_a,1,39,SCN,+,q,k,19,−,P,K,-3,−,4,−,a,255.0,-3.0,4.0
4,QU-,ˈ#_a,1,39,VAL,+,q,k,19,−,P,K,-3,−,4,−,a,255.0,-3.0,4.0
4,QU-,ˈ#_a,2,39,VAL,+,u,w,97,−,W,BK,0,−,,+,a,0.0,0.0,0.333333333
25,QU-,ˈ#_a,2,39,VEN,+,u,w,97,−,W,BK,0,−,,+,a,0.0,0.0,0.333333333
25,QU-,ˈ#_a,1,39,VEN,+,c,k,19,−,P,K,-3,−,4,−,a,255.0,-3.0,4.0
10,QU-,ˈ#_a,1,39,WAL,+,c,k,19,−,P,K,-3,−,4,−,a,255.0,-3.0,4.0
10,QU-,ˈ#_a,2,39,WAL,+/−,w,w~∅,134,−,W~∅,BK,0,−,,+/−,a,127.5,0.0,0.166666667
21,QU-,#_aˈ,2,40,ABR,+,u,w,97,−,W,BK,0,−,,+,a,0.0,0.0,0.333333333
21,QU-,#_aˈ,1,40,ABR,+,q,k,19,−,P,K,-3,−,4,−,a,255.0,-3.0,4.0
1,QU-,#_aˈ,1,40,AMR ESP,+,c,k,19,−,P,K,-3,−,4,−,a,255.0,-3.0,4.0
1,QU-,#_aˈ,2,40,AMR ESP,−,∅,∅,,−,∅,BK,0,−,0,−,a,255.0,0.0,0.0
37,QU-,#_aˈ,2,40,AND ESP,−,∅,∅,,−,∅,BK,0,−,0,−,a,255.0,0.0,0.0
37,QU-,#_aˈ,1,40,AND ESP,+,c,k,19,−,P,K,-3,−,4,−,a,255.0,-3.0,4.0
38,QU-,#_aˈ,1,40,ARG,+,c,k,19,−,P,K,-3,−,4,−,a,255.0,-3.0,4.0
38,QU-,#_aˈ,2,40,ARG,−,∅,∅,,−,∅,BK,0,−,0,−,a,255.0,0.0,0.0
26,QU-,#_aˈ,1,40,ARO,+,p,p,1,−,P,B,3,−,4,−,a,255.0,3.0,4.0
26,QU-,#_aˈ,2,40,ARO,−,∅,∅,,−,∅,BK,0,−,0,−,a,255.0,0.0,0.0
11,QU-,#_aˈ,1,40,ARP,+,qu,k,19,−,P,K,-3,−,4,−,a,255.0,-3.0,4.0
11,QU-,#_aˈ,2,40,ARP,−,∅,∅,,−,∅,BK,0,−,0,−,a,255.0,0.0,0.0
35,QU-,#_aˈ,2,40,ASL,−,∅,∅,,−,∅,BK,0,−,0,−,a,255.0,0.0,0.0
35,QU-,#_aˈ,1,40,ASL,+,c,k,19,−,P,K,-3,−,4,−,a,255.0,-3.0,4.0
31,QU-,#_aˈ,1,40,BAL,+,q,k,19,−,P,K,-3,−,4,−,b,255.0,-3.0,4.0
5,QU-,#_aˈ,1,40,BAL,+,c,k,19,−,P,K,-3,−,4,−,a,255.0,-3.0,4.0
5,QU-,#_aˈ,2,40,BAL,−,∅,∅,,−,∅,BK,0,−,0,−,a,255.0,0.0,0.0
31,QU-,#_aˈ,2,40,BAL,+,u,w,97,−,W,BK,0,−,,+,b,0.0,0.0,0.333333333
0,QU-,#_aˈ,2,40,BR POR,−,∅,∅,,−,∅,BK,0,−,0,−,a,255.0,0.0,0.0
0,QU-,#_aˈ,1,40,BR POR,+,c,k,19,−,P,K,-3,−,4,−,a,255.0,-3.0,4.0
22,QU-,#_aˈ,1,40,CAM,+,q,k,19,−,P,K,-3,−,4,−,a,255.0,-3.0,4.0
22,QU-,#_aˈ,2,40,CAM,+,u,w,97,−,W,BK,0,−,,+,a,0.0,0.0,0.333333333
36,QU-,#_aˈ,1,40,CAS ESP,+,c,k,19,−,P,K,-3,−,4,−,a,255.0,-3.0,4.0
36,QU-,#_aˈ,2,40,CAS ESP,−,∅,∅,,−,∅,BK,0,−,0,−,a,255.0,0.0,0.0
29,QU-,#_aˈ,1,40,CAT,+,q,k,19,−,P,K,-3,−,4,−,b,255.0,-3.0,4.0
3,QU-,#_aˈ,1,40,CAT,+,c,k,19,−,P,K,-3,−,4,−,a,255.0,-3.0,4.0
29,QU-,#_aˈ,2,40,CAT,+,u,w,97,−,W,BK,0,−,,+,b,0.0,0.0,0.333333333
3,QU-,#_aˈ,2,40,CAT,−,∅,∅,,−,∅,BK,0,−,0,−,a,255.0,0.0,0.0
19,QU-,#_aˈ,2,40,COR,−,∅,∅,,−,∅,BK,0,−,0,−,a,255.0,0.0,0.0
19,QU-,#_aˈ,1,40,COR,+,qu,kʷ,15,−,P,BK,-1,−,4,−,a,255.0,-1.5,4.0
18,QU-,#_aˈ,2,40,CPN SRD,−,∅,∅,,−,∅,BK,0,−,0,−,a,255.0,0.0,0.0
18,QU-,#_aˈ,1,40,CPN SRD,+,c,k,19,−,P,K,-3,−,4,−,a,255.0,-3.0,4.0
8,QU-,#_aˈ,1,40,EU FRA,+,qu,k,19,−,P,K,-3,−,4,−,a,255.0,-3.0,4.0
8,QU-,#_aˈ,2,40,EU FRA,−,∅,∅,,−,∅,BK,0,−,0,−,a,255.0,0.0,0.0
13,QU-,#_aˈ,1,40,EU POR,+,c,k,19,−,P,K,-3,−,4,−,a,255.0,-3.0,4.0
13,QU-,#_aˈ,2,40,EU POR,−,∅,∅,,−,∅,BK,0,−,0,−,a,255.0,0.0,0.0
33,QU-,#_aˈ,2,40,FUR,+/−,u,w~∅,134,−,W~∅,BK,0,−,,+/−,b,127.5,0.0,0.166666667
33,QU-,#_aˈ,1,40,FUR,+,c,k,19,−,P,K,-3,−,4,−,b,255.0,-3.0,4.0
16,QU-,#_aˈ,2,40,FUR,−,∅,∅,,−,∅,BK,0,−,0,−,a,255.0,0.0,0.0
16,QU-,#_aˈ,1,40,FUR,+,c,k,19,−,P,K,-3,−,4,−,a,255.0,-3.0,4.0
34,QU-,#_aˈ,2,40,GAL,−,∅,∅,,−,∅,BK,0,−,0,−,a,255.0,0.0,0.0
34,QU-,#_aˈ,1,40,GAL,+,c,k,19,−,P,K,-3,−,4,−,a,255.0,-3.0,4.0
7,QU-,#_aˈ,1,40,GAS OCC,+,c,k,19,−,P,K,-3,−,4,−,a,255.0,-3.0,4.0
7,QU-,#_aˈ,2,40,GAS OCC,−,∅,∅,,−,∅,BK,0,−,0,−,a,255.0,0.0,0.0
20,QU-,#_aˈ,1,40,ITA,+,q,k,19,−,P,K,-3,−,4,−,a,255.0,-3.0,4.0
20,QU-,#_aˈ,2,40,ITA,+,u,w,97,−,W,BK,0,−,,+,a,0.0,0.0,0.333333333
2,QU-,#_aˈ,1,40,LAT,+,QV,kʷ,15,−,P,BK,-1,−,4,−,a,255.0,-1.5,4.0
12,QU-,#_aˈ,1,40,LIG,+,q,k,19,−,P,K,-3,−,4,−,a,255.0,-3.0,4.0
12,QU-,#_aˈ,2,40,LIG,+,u,w,97,−,W,BK,0,−,,+,a,0.0,0.0,0.333333333
14,QU-,#_aˈ,1,40,LMO,+,q,k,19,−,P,K,-3,−,4,−,a,255.0,-3.0,4.0
14,QU-,#_aˈ,2,40,LMO,+,u,w,97,−,W,BK,0,−,,+,a,0.0,0.0,0.333333333
17,QU-,#_aˈ,2,40,LOG SRD,−,∅,∅,,−,∅,BK,0,−,0,−,a,255.0,0.0,0.0
17,QU-,#_aˈ,1,40,LOG SRD,+,b,b,2,−,P,B,3,−,4,+,a,0.0,3.0,4.0
6,QU-,#_aˈ,1,40,OCC,+,c,k,19,−,P,K,-3,−,4,−,a,255.0,-3.0,4.0
6,QU-,#_aˈ,2,40,OCC,−,∅,∅,,−,∅,BK,0,−,0,−,a,255.0,0.0,0.0
23,QU-,#_aˈ,1,40,PGL,+,q,k,19,−,P,K,-3,−,4,−,a,255.0,-3.0,4.0
23,QU-,#_aˈ,2,40,PGL,+,u,w,97,−,W,BK,0,−,,+,a,0.0,0.0,0.333333333
9,QU-,#_aˈ,1,40,QBC FRA,+,qu,k,19,−,P,K,-3,−,4,−,a,255.0,-3.0,4.0
9,QU-,#_aˈ,2,40,QBC FRA,−,∅,∅,,−,∅,BK,0,−,0,−,a,255.0,0.0,0.0
15,QU-,#_aˈ,2,40,RMH,+/−,u,w~∅,134,−,W~∅,BK,0,−,,+/−,a,127.5,0.0,0.166666667
15,QU-,#_aˈ,1,40,RMH,+,q,k,19,−,P,K,-3,−,4,−,a,255.0,-3.0,4.0
27,QU-,#_aˈ,1,40,ROM,+,p,p,1,−,P,B,3,−,4,−,a,255.0,3.0,4.0
27,QU-,#_aˈ,2,40,ROM,−,∅,∅,,−,∅,BK,0,−,0,−,a,255.0,0.0,0.0
24,QU-,#_aˈ,1,40,SCN,+,q,k,19,−,P,K,-3,−,4,−,a,255.0,-3.0,4.0
24,QU-,#_aˈ,2,40,SCN,+,u,w,97,−,W,BK,0,−,,+,a,0.0,0.0,0.333333333
30,QU-,#_aˈ,1,40,VAL,+,q,k,19,−,P,K,-3,−,4,−,b,255.0,-3.0,4.0
30,QU-,#_aˈ,2,40,VAL,+,u,w,97,−,W,BK,0,−,,+,b,0.0,0.0,0.333333333
4,QU-,#_aˈ,2,40,VAL,−,∅,∅,,−,∅,BK,0,−,0,−,a,255.0,0.0,0.0
4,QU-,#_aˈ,1,40,VAL,+,c,k,19,−,P,K,-3,−,4,−,a,255.0,-3.0,4.0
25,QU-,#_aˈ,2,40,VEN,+,u,w,97,−,W,BK,0,−,,+,a,0.0,0.0,0.333333333
25,QU-,#_aˈ,1,40,VEN,+,c,k,19,−,P,K,-3,−,4,−,a,255.0,-3.0,4.0
32,QU-,#_aˈ,2,40,WAL,+/−,w/∅,w~∅,134,−,W~∅,BK,0,−,,+/−,b,127.5,0.0,0.166666667
32,QU-,#_aˈ,1,40,WAL,+,c,k,19,−,P,K,-3,−,4,−,b,255.0,-3.0,4.0
10,QU-,#_aˈ,1,40,WAL,+,c,k,19,−,P,K,-3,−,4,−,a,255.0,-3.0,4.0
10,QU-,#_aˈ,2,40,WAL,−,∅,∅,,−,∅,BK,0,−,0,−,a,255.0,0.0,0.0
21,QU-,#_O,2,41,ABR,−,∅,∅,,−,∅,BK,0,−,0,−,a,255.0,0.0,0.0
21,QU-,#_O,1,41,ABR,+,c,k,19,−,P,K,-3,−,4,−,a,255.0,-3.0,4.0
1,QU-,#_O,1,41,AMR ESP,+,c,k,19,−,P,K,-3,−,4,−,a,255.0,-3.0,4.0
1,QU-,#_O,2,41,AMR ESP,−,∅,∅,,−,∅,BK,0,−,0,−,a,255.0,0.0,0.0
31,QU-,#_O,2,41,AND ESP,−,∅,∅,,−,∅,BK,0,−,0,−,a,255.0,0.0,0.0
31,QU-,#_O,1,41,AND ESP,+,c,k,19,−,P,K,-3,−,4,−,a,255.0,-3.0,4.0
32,QU-,#_O,1,41,ARG,+,c,k,19,−,P,K,-3,−,4,−,a,255.0,-3.0,4.0
32,QU-,#_O,2,41,ARG,−,∅,∅,,−,∅,BK,0,−,0,−,a,255.0,0.0,0.0
26,QU-,#_O,2,41,ARO,−,∅,∅,,−,∅,BK,0,−,0,−,a,255.0,0.0,0.0
26,QU-,#_O,1,41,ARO,+,c,k,19,−,P,K,-3,−,4,−,a,255.0,-3.0,4.0
11,QU-,#_O,1,41,ARP,+,c,k,19,−,P,K,-3,−,4,−,a,255.0,-3.0,4.0
11,QU-,#_O,2,41,ARP,−,∅,∅,,−,∅,BK,0,−,0,−,a,255.0,0.0,0.0
29,QU-,#_O,2,41,ASL,−,∅,∅,,−,∅,BK,0,−,0,−,a,255.0,0.0,0.0
29,QU-,#_O,1,41,ASL,+,c,k,19,−,P,K,-3,−,4,−,a,255.0,-3.0,4.0
5,QU-,#_O,2,41,BAL,−,∅,∅,,−,∅,BK,0,−,0,−,a,255.0,0.0,0.0
5,QU-,#_O,1,41,BAL,+,c,k,19,−,P,K,-3,−,4,−,a,255.0,-3.0,4.0
0,QU-,#_O,1,41,BR POR,+,c,k,19,−,P,K,-3,−,4,−,a,255.0,-3.0,4.0
0,QU-,#_O,2,41,BR POR,−,∅,∅,,−,∅,BK,0,−,0,−,a,255.0,0.0,0.0
22,QU-,#_O,2,41,CAM,−,∅,∅,,−,∅,BK,0,−,0,−,a,255.0,0.0,0.0
22,QU-,#_O,1,41,CAM,+,c,k,19,−,P,K,-3,−,4,−,a,255.0,-3.0,4.0
30,QU-,#_O,2,41,CAS ESP,−,∅,∅,,−,∅,BK,0,−,0,−,a,255.0,0.0,0.0
30,QU-,#_O,1,41,CAS ESP,+,c,k,19,−,P,K,-3,−,4,−,a,255.0,-3.0,4.0
3,QU-,#_O,1,41,CAT,+,c,k,19,−,P,K,-3,−,4,−,a,255.0,-3.0,4.0
3,QU-,#_O,2,41,CAT,−,∅,∅,,−,∅,BK,0,−,0,−,a,255.0,0.0,0.0
19,QU-,#_O,2,41,COR,−,∅,∅,,−,∅,BK,0,−,0,−,a,255.0,0.0,0.0
19,QU-,#_O,1,41,COR,+,c,k,19,−,P,K,-3,−,4,−,a,255.0,-3.0,4.0
18,QU-,#_O,2,41,CPN SRD,−,∅,∅,,−,∅,BK,0,−,0,−,a,255.0,0.0,0.0
18,QU-,#_O,1,41,CPN SRD,+,c,k,19,−,P,K,-3,−,4,−,a,255.0,-3.0,4.0
8,QU-,#_O,1,41,EU FRA,+,c,k,19,−,P,K,-3,−,4,−,a,255.0,-3.0,4.0
8,QU-,#_O,2,41,EU FRA,−,∅,∅,,−,∅,BK,0,−,0,−,a,255.0,0.0,0.0
13,QU-,#_O,1,41,EU POR,+,c,k,19,−,P,K,-3,−,4,−,a,255.0,-3.0,4.0
13,QU-,#_O,2,41,EU POR,−,∅,∅,,−,∅,BK,0,−,0,−,a,255.0,0.0,0.0
16,QU-,#_O,2,41,FUR,−,∅,∅,,−,∅,BK,0,−,0,−,a,255.0,0.0,0.0
16,QU-,#_O,1,41,FUR,+,c,k,19,−,P,K,-3,−,4,−,a,255.0,-3.0,4.0
28,QU-,#_O,1,41,GAL,+,c,k,19,−,P,K,-3,−,4,−,a,255.0,-3.0,4.0
28,QU-,#_O,2,41,GAL,−,∅,∅,,−,∅,BK,0,−,0,−,a,255.0,0.0,0.0
7,QU-,#_O,1,41,GAS OCC,+,c,k,19,−,P,K,-3,−,4,−,a,255.0,-3.0,4.0
7,QU-,#_O,2,41,GAS OCC,−,∅,∅,,−,∅,BK,0,−,0,−,a,255.0,0.0,0.0
20,QU-,#_O,1,41,ITA,+,c,k,19,−,P,K,-3,−,4,−,a,255.0,-3.0,4.0
20,QU-,#_O,2,41,ITA,−,∅,∅,,−,∅,BK,0,−,0,−,a,255.0,0.0,0.0
2,QU-,#_O,1,41,LAT,+,QV,kʷ,15,−,P,BK,-1,−,4,−,a,255.0,-1.5,4.0
12,QU-,#_O,1,41,LIG,+,c,k,19,−,P,K,-3,−,4,−,a,255.0,-3.0,4.0
12,QU-,#_O,2,41,LIG,−,∅,∅,,−,∅,BK,0,−,0,−,a,255.0,0.0,0.0
14,QU-,#_O,2,41,LMO,−,∅,∅,,−,∅,BK,0,−,0,−,a,255.0,0.0,0.0
14,QU-,#_O,1,41,LMO,+,c,k,19,−,P,K,-3,−,4,−,a,255.0,-3.0,4.0
17,QU-,#_O,2,41,LOG SRD,−,∅,∅,,−,∅,BK,0,−,0,−,a,255.0,0.0,0.0
17,QU-,#_O,1,41,LOG SRD,+,c,k,19,−,P,K,-3,−,4,−,a,255.0,-3.0,4.0
6,QU-,#_O,2,41,OCC,−,∅,∅,,−,∅,BK,0,−,0,−,a,255.0,0.0,0.0
6,QU-,#_O,1,41,OCC,+,c,k,19,−,P,K,-3,−,4,−,a,255.0,-3.0,4.0
23,QU-,#_O,1,41,PGL,+,c,k,19,−,P,K,-3,−,4,−,a,255.0,-3.0,4.0
23,QU-,#_O,2,41,PGL,−,∅,∅,,−,∅,BK,0,−,0,−,a,255.0,0.0,0.0
9,QU-,#_O,2,41,QBC FRA,−,∅,∅,,−,∅,BK,0,−,0,−,a,255.0,0.0,0.0
9,QU-,#_O,1,41,QBC FRA,+,c,k,19,−,P,K,-3,−,4,−,a,255.0,-3.0,4.0
15,QU-,#_O,2,41,RMH,−,∅,∅,,−,∅,BK,0,−,0,−,a,255.0,0.0,0.0
15,QU-,#_O,1,41,RMH,+,c,k,19,−,P,K,-3,−,4,−,a,255.0,-3.0,4.0
27,QU-,#_O,1,41,ROM,+,c,k,19,−,P,K,-3,−,4,−,a,255.0,-3.0,4.0
27,QU-,#_O,2,41,ROM,−,∅,∅,,−,∅,BK,0,−,0,−,a,255.0,0.0,0.0
24,QU-,#_O,1,41,SCN,+,c,k,19,−,P,K,-3,−,4,−,a,255.0,-3.0,4.0
24,QU-,#_O,2,41,SCN,−,∅,∅,,−,∅,BK,0,−,0,−,a,255.0,0.0,0.0
4,QU-,#_O,1,41,VAL,+,c,k,19,−,P,K,-3,−,4,−,a,255.0,-3.0,4.0
4,QU-,#_O,2,41,VAL,−,∅,∅,,−,∅,BK,0,−,0,−,a,255.0,0.0,0.0
25,QU-,#_O,1,41,VEN,+,c,k,19,−,P,K,-3,−,4,−,a,255.0,-3.0,4.0
25,QU-,#_O,2,41,VEN,−,∅,∅,,−,∅,BK,0,−,0,−,a,255.0,0.0,0.0
10,QU-,#_O,1,41,WAL,+,c,k,19,−,P,K,-3,−,4,−,a,255.0,-3.0,4.0
10,QU-,#_O,2,41,WAL,−,∅,∅,,−,∅,BK,0,−,0,−,a,255.0,0.0,0.0
37,QU-,#_E,2,42,ABR,+,u,w,97,−,W,BK,0,−,,+,b,0.0,0.0,0.333333333
37,QU-,#_E,1,42,ABR,+,q,k,19,−,P,K,-3,−,4,−,b,255.0,-3.0,4.0
1,QU-,#_E,1,42,AMR ESP,+,qu,k,19,−,P,K,-3,−,4,−,a,255.0,-3.0,4.0
1,QU-,#_E,2,42,AMR ESP,−,∅,∅,,−,∅,BK,0,−,0,−,a,255.0,0.0,0.0
44,QU-,#_E,2,42,AND ESP,−,∅,∅,,−,∅,BK,0,−,0,−,a,255.0,0.0,0.0
44,QU-,#_E,1,42,AND ESP,+,qu,k,19,−,P,K,-3,−,4,−,a,255.0,-3.0,4.0
45,QU-,#_E,1,42,ARG,+,qu,k,19,−,P,K,-3,−,4,−,a,255.0,-3.0,4.0
45,QU-,#_E,2,42,ARG,−,∅,∅,,−,∅,BK,0,−,0,−,a,255.0,0.0,0.0
26,QU-,#_E,2,42,ARO,−,∅,∅,,−,∅,BK,0,−,0,−,a,255.0,0.0,0.0
26,QU-,#_E,1,42,ARO,+,ts,t͡s̪,26,−,P͡F,D,,+,3,−,a,255.0,1.333333333,3.0
11,QU-,#_E,1,42,ARP,+,qu,k,19,−,P,K,-3,−,4,−,a,255.0,-3.0,4.0
11,QU-,#_E,2,42,ARP,−,∅,∅,,−,∅,BK,0,−,0,−,a,255.0,0.0,0.0
42,QU-,#_E,1,42,ASL,+,qu,k,19,−,P,K,-3,−,4,−,a,255.0,-3.0,4.0
42,QU-,#_E,2,42,ASL,−,∅,∅,,−,∅,BK,0,−,0,−,a,255.0,0.0,0.0
5,QU-,#_E,2,42,BAL,−,∅,∅,,−,∅,BK,0,−,0,−,a,255.0,0.0,0.0
5,QU-,#_E,1,42,BAL,+,qu,k~c,150,−,P,K~Ɉ,,−,4,−,a,255.0,-2.5,4.0
0,QU-,#_E,1,42,BR POR,+,qu,k,19,−,P,K,-3,−,4,−,a,255.0,-3.0,4.0
0,QU-,#_E,2,42,BR POR,−,∅,∅,,−,∅,BK,0,−,0,−,a,255.0,0.0,0.0
22,QU-,#_E,1,42,CAM,+,c,k,19,−,P,K,-3,−,4,−,a,255.0,-3.0,4.0
38,QU-,#_E,1,42,CAM,+,q,k,19,−,P,K,-3,−,4,−,b,255.0,-3.0,4.0
38,QU-,#_E,2,42,CAM,+,u,w,97,−,W,BK,0,−,,+,b,0.0,0.0,0.333333333
22,QU-,#_E,2,42,CAM,−,∅,∅,,−,∅,BK,0,−,0,−,a,255.0,0.0,0.0
43,QU-,#_E,1,42,CAS ESP,+,qu,k,19,−,P,K,-3,−,4,−,a,255.0,-3.0,4.0
43,QU-,#_E,2,42,CAS ESP,−,∅,∅,,−,∅,BK,0,−,0,−,a,255.0,0.0,0.0
3,QU-,#_E,2,42,CAT,−,∅,∅,,−,∅,BK,0,−,0,−,a,255.0,0.0,0.0
3,QU-,#_E,1,42,CAT,+,qu,k,19,−,P,K,-3,−,4,−,a,255.0,-3.0,4.0
35,QU-,#_E,1,42,COR,+,q,k,19,−,P,K,-3,−,4,−,b,255.0,-3.0,4.0
19,QU-,#_E,2,42,COR,−,∅,∅,,−,∅,BK,0,−,0,−,a,255.0,0.0,0.0
19,QU-,#_E,1,42,COR,+,ch,k,19,−,P,K,-3,−,4,−,a,255.0,-3.0,4.0
35,QU-,#_E,2,42,COR,+,u,w,97,−,W,BK,0,−,,+,b,0.0,0.0,0.333333333
33,QU-,#_E,1,42,CPN SRD,+,c,k,19,−,P,K,-3,−,4,−,b,255.0,-3.0,4.0
18,QU-,#_E,1,42,CPN SRD,+,ch,k,19,−,P,K,-3,−,4,−,a,255.0,-3.0,4.0
18,QU-,#_E,2,42,CPN SRD,−,∅,∅,,−,∅,BK,0,−,0,−,a,255.0,0.0,0.0
33,QU-,#_E,2,42,CPN SRD,+,u,w,97,−,W,BK,0,−,,+,b,0.0,0.0,0.333333333
8,QU-,#_E,1,42,EU FRA,+,qu/c,k,19,−,P,K,-3,−,4,−,a,255.0,-3.0,4.0
8,QU-,#_E,2,42,EU FRA,−,∅,∅,,−,∅,BK,0,−,0,−,a,255.0,0.0,0.0
13,QU-,#_E,2,42,EU POR,−,∅,∅,,−,∅,BK,0,−,0,−,a,255.0,0.0,0.0
13,QU-,#_E,1,42,EU POR,+,qu,k,19,−,P,K,-3,−,4,−,a,255.0,-3.0,4.0
16,QU-,#_E,2,42,FUR,+,u,w,97,−,W,BK,0,−,,+,a,0.0,0.0,0.333333333
16,QU-,#_E,1,42,FUR,+,c,k,19,−,P,K,-3,−,4,−,a,255.0,-3.0,4.0
34,QU-,#_E,1,42,GAL,+,qu,k,19,−,P,K,-3,−,4,−,a,255.0,-3.0,4.0
34,QU-,#_E,2,42,GAL,−,∅,∅,,−,∅,BK,0,−,0,−,a,255.0,0.0,0.0
7,QU-,#_E,2,42,GAS OCC,−,∅,∅,,−,∅,BK,0,−,0,−,a,255.0,0.0,0.0
7,QU-,#_E,1,42,GAS OCC,+,qu,k,19,−,P,K,-3,−,4,−,a,255.0,-3.0,4.0
20,QU-,#_E,2,42,ITA,−,∅,∅,,−,∅,BK,0,−,0,−,a,255.0,0.0,0.0
36,QU-,#_E,1,42,ITA,+,q,k,19,−,P,K,-3,−,4,−,b,255.0,-3.0,4.0
36,QU-,#_E,2,42,ITA,+,u,w,97,−,W,BK,0,−,,+,b,0.0,0.0,0.333333333
20,QU-,#_E,1,42,ITA,+,ch,k,19,−,P,K,-3,−,4,−,a,255.0,-3.0,4.0
2,QU-,#_E,1,42,LAT,+,QV,kʷ,15,−,P,BK,-1,−,4,−,a,255.0,-1.5,4.0
29,QU-,#_E,2,42,LIG,+,u,w,97,−,W,BK,0,−,,+,b,0.0,0.0,0.333333333
12,QU-,#_E,1,42,LIG,+,ch,k,19,−,P,K,-3,−,4,−,a,255.0,-3.0,4.0
12,QU-,#_E,2,42,LIG,−,∅,∅,,−,∅,BK,0,−,0,−,a,255.0,0.0,0.0
29,QU-,#_E,1,42,LIG,+,q,k,19,−,P,K,-3,−,4,−,b,255.0,-3.0,4.0
14,QU-,#_E,1,42,LMO,+,ch,k,19,−,P,K,-3,−,4,−,a,255.0,-3.0,4.0
30,QU-,#_E,2,42,LMO,+,u,w,97,−,W,BK,0,−,,+,b,0.0,0.0,0.333333333
14,QU-,#_E,2,42,LMO,−,∅,∅,,−,∅,BK,0,−,0,−,a,255.0,0.0,0.0
30,QU-,#_E,1,42,LMO,+,q,k,19,−,P,K,-3,−,4,−,b,255.0,-3.0,4.0
32,QU-,#_E,2,42,LOG SRD,−,∅,∅,,−,∅,BK,0,−,0,−,b,255.0,0.0,0.0
17,QU-,#_E,1,42,LOG SRD,+,ch,k,19,−,P,K,-3,−,4,−,a,255.0,-3.0,4.0
17,QU-,#_E,2,42,LOG SRD,−,∅,∅,,−,∅,BK,0,−,0,−,a,255.0,0.0,0.0
32,QU-,#_E,1,42,LOG SRD,+,b,b,2,−,P,B,3,−,4,+,b,0.0,3.0,4.0
6,QU-,#_E,2,42,OCC,−,∅,∅,,−,∅,BK,0,−,0,−,a,255.0,0.0,0.0
6,QU-,#_E,1,42,OCC,+,qu,k,19,−,P,K,-3,−,4,−,a,255.0,-3.0,4.0
39,QU-,#_E,2,42,PGL,+,u,w,97,−,W,BK,0,−,,+,b,0.0,0.0,0.333333333
39,QU-,#_E,1,42,PGL,+,q,k,19,−,P,K,-3,−,4,−,b,255.0,-3.0,4.0
9,QU-,#_E,1,42,QBC FRA,+,qu/c,k,19,−,P,K,-3,−,4,−,a,255.0,-3.0,4.0
9,QU-,#_E,2,42,QBC FRA,−,∅,∅,,−,∅,BK,0,−,0,−,a,255.0,0.0,0.0
31,QU-,#_E,2,42,RMH,+,u,w,97,−,W,BK,0,−,,+,b,0.0,0.0,0.333333333
31,QU-,#_E,1,42,RMH,+,q,k,19,−,P,K,-3,−,4,−,b,255.0,-3.0,4.0
15,QU-,#_E,1,42,RMH,+,ch/tg,c~t̠͡ʃ,152,−,P~P͡F,Ɉ,,−/+,,−,a,255.0,-1.25,3.5
15,QU-,#_E,2,42,RMH,−,∅,∅,,−,∅,BK,0,−,0,−,a,255.0,0.0,0.0
27,QU-,#_E,1,42,ROM,+,c,t̠͡ʃ,34,−,P͡F,Ɉ,-0.5,+,3,−,a,255.0,-0.5,3.0
27,QU-,#_E,2,42,ROM,−,∅,∅,,−,∅,BK,0,−,0,−,a,255.0,0.0,0.0
24,QU-,#_E,2,42,SCN,+/−,w/∅,w~∅,134,−,W~∅,BK,0,−,,+/−,a,127.5,0.0,0.166666667
40,QU-,#_E,2,42,SCN,+,u,w,97,−,W,BK,0,−,,+,b,0.0,0.0,0.333333333
24,QU-,#_E,1,42,SCN,+,q/ch,k,19,−,P,K,-3,−,4,−,a,255.0,-3.0,4.0
40,QU-,#_E,1,42,SCN,+,q,k,19,−,P,K,-3,−,4,−,b,255.0,-3.0,4.0
4,QU-,#_E,2,42,VAL,−,∅,∅,,−,∅,BK,0,−,0,−,a,255.0,0.0,0.0
4,QU-,#_E,1,42,VAL,+,qu,k,19,−,P,K,-3,−,4,−,a,255.0,-3.0,4.0
41,QU-,#_E,2,42,VEN,+,u,w,97,−,W,BK,0,−,,+,b,0.0,0.0,0.333333333
41,QU-,#_E,1,42,VEN,+,c,k,19,−,P,K,-3,−,4,−,b,255.0,-3.0,4.0
25,QU-,#_E,1,42,VEN,+,ch,k,19,−,P,K,-3,−,4,−,a,255.0,-3.0,4.0
25,QU-,#_E,2,42,VEN,−,∅,∅,,−,∅,BK,0,−,0,−,a,255.0,0.0,0.0
10,QU-,#_E,2,42,WAL,+/−,w,w~∅,134,−,W~∅,BK,0,−,,+/−,a,127.5,0.0,0.166666667
10,QU-,#_E,1,42,WAL,+,c,k,19,−,P,K,-3,−,4,−,a,255.0,-3.0,4.0
21,GL-,#_,2,43,ABR,+,gli/j,ȴ[ʎ̟]~j,155,+/−,LW~W,Ɉ,,−,,+,a,0.0,-1.0,0.541666667
21,GL-,#_,1,43,ABR,−,∅,∅,,−,∅,K,-3,−,0,−,a,255.0,0.0,0.0
1,GL-,#_,1,43,AMR ESP,−,∅,∅,,−,∅,K,-3,−,0,−,a,255.0,0.0,0.0
1,GL-,#_,2,43,AMR ESP,+,l,l,85,+,LW,D,0.75,−,0.75,+,a,0.0,0.75,0.75
38,GL-,#_,2,43,AND ESP,+,l,l,85,+,LW,D,0.75,−,0.75,+,a,0.0,0.75,0.75
38,GL-,#_,1,43,AND ESP,−,∅,∅,,−,∅,K,-3,−,0,−,a,255.0,0.0,0.0
39,GL-,#_,1,43,ARG,+,g,ɡ,20,−,P,K,-3,−,4,+,a,0.0,-3.0,4.0
26,GL-,#_,2,43,ARO,+,lj,ʎ,90,+,L,Ɉ,-2,−,0.75,+,a,0.0,-2.0,0.75
26,GL-,#_,1,43,ARO,+,g,ɡ,20,−,P,K,-3,−,4,+,a,0.0,-3.0,4.0
11,GL-,#_,1,43,ARP,+/−,g,ɡ~∅,136,−,P~∅,K,-3,−,,+/−,a,127.5,-3.0,2.0
11,GL-,#_,2,43,ARP,+,ll,l~j,149,+/−,LW~W,D~Ɉ,,−,,+,a,0.0,-0.625,0.541666667
36,GL-,#_,2,43,ASL,+,ll (ḷḷ),ȴ[ʎ̟] (ʈ͡ʂ),129,+ (−),LW (P͡F),Ɉ,,− (+),,+ (−),a,85.0,-0.416666667,1.5
36,GL-,#_,1,43,ASL,−,∅,∅,,−,∅,K,-3,−,0,−,a,255.0,0.0,0.0
5,GL-,#_,2,43,BAL,+,l,ʟ,140,+,LW,Ɉ,-3,−,0.75,+,a,0.0,-3.0,0.75
5,GL-,#_,1,43,BAL,+,g,ɡ,20,−,P,K,-3,−,4,+,a,0.0,-3.0,4.0
0,GL-,#_,1,43,BR POR,−,∅,∅,,−,∅,K,-3,−,0,−,a,255.0,0.0,0.0
0,GL-,#_,2,43,BR POR,+,l,l,85,+,LW,D,0.75,−,0.75,+,a,0.0,0.75,0.75
22,GL-,#_,2,43,CAM,+,gli/j,ȴ[ʎ̟]~j,155,+/−,LW~W,Ɉ,,−,,+,a,0.0,-1.0,0.541666667
22,GL-,#_,1,43,CAM,−,∅,∅,,−,∅,K,-3,−,0,−,a,255.0,0.0,0.0
37,GL-,#_,2,43,CAS ESP,+,l,l,85,+,LW,D,0.75,−,0.75,+,a,0.0,0.75,0.75
37,GL-,#_,1,43,CAS ESP,−,∅,∅,,−,∅,K,-3,−,0,−,a,255.0,0.0,0.0
3,GL-,#_,1,43,CAT,+,g,ɡ,20,−,P,K,-3,−,4,+,a,0.0,-3.0,4.0
3,GL-,#_,2,43,CAT,+,l,l,85,+,LW,D,0.75,−,0.75,+,a,0.0,0.75,0.75
19,GL-,#_,2,43,COR,−,∅,∅,,−,∅,Ɉ,-2,−,0,−,a,255.0,0.0,0.0
19,GL-,#_,1,43,COR,+,ghj,ɟ,18,−,P,Ɉ,-2,−,4,+,a,0.0,-2.0,4.0
18,GL-,#_,2,43,CPN SRD,−,∅,∅,,−,∅,Ɉ,-2,−,0,−,a,255.0,0.0,0.0
32,GL-,#_,2,43,CPN SRD,+,l,l,85,+,LW,D,0.75,−,0.75,+,b,0.0,0.75,0.75
32,GL-,#_,1,43,CPN SRD,−,∅,∅,,−,∅,K,-3,−,0,−,b,255.0,0.0,0.0
18,GL-,#_,1,43,CPN SRD,+,gi,d̠͡ʒ,35,−,P͡F,Ɉ,-0.5,+,3,+,a,0.0,-0.5,3.0
8,GL-,#_,1,43,EU FRA,+,g,ɡ,20,−,P,K,-3,−,4,+,a,0.0,-3.0,4.0
8,GL-,#_,2,43,EU FRA,+,l,l,85,+,LW,D,0.75,−,0.75,+,a,0.0,0.75,0.75
29,GL-,#_,1,43,EU FRA,−,∅,∅,,−,∅,K,-3,−,0,−,b,255.0,0.0,0.0
29,GL-,#_,2,43,EU FRA,+,l,l,85,+,LW,D,0.75,−,0.75,+,b,0.0,0.75,0.75
13,GL-,#_,2,43,EU POR,+,l,ɫ̪,87,+,LW,DQ,,−,0.75,+,a,0.0,-1.166666667,0.75
13,GL-,#_,1,43,EU POR,−,∅,∅,,−,∅,K,-3,−,0,−,a,255.0,0.0,0.0
16,GL-,#_,1,43,FUR,+,g,ɡ,20,−,P,K,-3,−,4,+,a,0.0,-3.0,4.0
16,GL-,#_,2,43,FUR,+,l,l,85,+,LW,D,0.75,−,0.75,+,a,0.0,0.75,0.75
34,GL-,#_,1,43,GAL,−,∅,∅,,−,∅,K,-3,−,0,−,a,255.0,0.0,0.0
34,GL-,#_,2,43,GAL,+,l,l,85,+,LW,D,0.75,−,0.75,+,a,0.0,0.75,0.75
7,GL-,#_,1,43,GAS OCC,+,g,ɡ,20,−,P,K,-3,−,4,+,a,0.0,-3.0,4.0
7,GL-,#_,2,43,GAS OCC,+,l,l,85,+,LW,D,0.75,−,0.75,+,a,0.0,0.75,0.75
20,GL-,#_,2,43,ITA,+,i,j,98,−,W,Ɉ,-2,−,,+,a,0.0,-2.0,0.333333333
20,GL-,#_,1,43,ITA,+,gh,ɡ,20,−,P,K,-3,−,4,+,a,0.0,-3.0,4.0
35,GL-,#_,1,43,LAT,+,G,ɡ,20,−,P,K,-3,−,4,+,b,0.0,-3.0,4.0
2,GL-,#_,1,43,LAT,+,G,ɡ,20,−,P,K,-3,−,4,+,a,0.0,-3.0,4.0
2,GL-,#_,2,43,LAT,+,L,ɫ̪,87,+,LW,DQ,,−,0.75,+,a,0.0,-1.166666667,0.75
35,GL-,#_,2,43,LAT,+,L,l̪ʲ,139,+,LW,Ɉ,,−,0.75,+,b,0.0,-0.166666667,0.75
12,GL-,#_,1,43,LIG,+,gi,d̠͡ʒ,35,−,P͡F,Ɉ,-0.5,+,3,+,a,0.0,-0.5,3.0
12,GL-,#_,2,43,LIG,−,∅,∅,,−,∅,Ɉ,-2,−,0,−,a,255.0,0.0,0.0
14,GL-,#_,2,43,LMO,−,∅,∅,,−,∅,Ɉ,-2,−,0,−,a,255.0,0.0,0.0
14,GL-,#_,1,43,LMO,+,gi,d̠͡ʒ,35,−,P͡F,Ɉ,-0.5,+,3,+,a,0.0,-0.5,3.0
31,GL-,#_,2,43,LOG SRD,+,l,l,85,+,LW,D,0.75,−,0.75,+,b,0.0,0.75,0.75
17,GL-,#_,2,43,LOG SRD,+,r,ɾ,83,−,L,D,0.75,−,1,+,a,0.0,0.75,1.0
31,GL-,#_,1,43,LOG SRD,−,∅,∅,,−,∅,K,-3,−,0,−,b,255.0,0.0,0.0
17,GL-,#_,1,43,LOG SRD,+,g,ɡ,20,−,P,K,-3,−,4,+,a,0.0,-3.0,4.0
6,GL-,#_,2,43,OCC,+,l,l,85,+,LW,D,0.75,−,0.75,+,a,0.0,0.75,0.75
6,GL-,#_,1,43,OCC,+,g,ɡ,20,−,P,K,-3,−,4,+,a,0.0,-3.0,4.0
23,GL-,#_,2,43,PGL,−,∅,∅,,−,∅,Ɉ,-2,−,0,−,a,255.0,0.0,0.0
23,GL-,#_,1,43,PGL,+,gh,ɟ,18,−,P,Ɉ,-2,−,4,+,a,0.0,-2.0,4.0
30,GL-,#_,2,43,QBC FRA,+,l,l,85,+,LW,D,0.75,−,0.75,+,b,0.0,0.75,0.75
30,GL-,#_,1,43,QBC FRA,−,∅,∅,,−,∅,K,-3,−,0,−,b,255.0,0.0,0.0
9,GL-,#_,1,43,QBC FRA,+,g,ɡ,20,−,P,K,-3,−,4,+,a,0.0,-3.0,4.0
9,GL-,#_,2,43,QBC FRA,+,l,l,85,+,LW,D,0.75,−,0.75,+,a,0.0,0.75,0.75
15,GL-,#_,1,43,RMH,+,g,ɡ,20,−,P,K,-3,−,4,+,a,0.0,-3.0,4.0
15,GL-,#_,2,43,RMH,+,l,l,85,+,LW,D,0.75,−,0.75,+,a,0.0,0.75,0.75
27,GL-,#_,2,43,ROM,+,i,j~∅,151,−,W~∅,Ɉ,-2,−,,+/−,a,127.5,-2.0,0.166666667
27,GL-,#_,1,43,ROM,+,gh,ɡ~ɟ,154,−,P,K~Ɉ,-2.5,−,4,+,a,0.0,-2.5,4.0
24,GL-,#_,2,43,SCN,+,∅/j,ȴ[ʎ̟]~j,155,+/−,LW~W,Ɉ,,−,,+,a,0.0,-1.0,0.541666667
24,GL-,#_,1,43,SCN,+/−,gh/∅,ɟ~∅,156,−,P~∅,Ɉ,-2,−,,+/−,a,127.5,-2.0,2.0
4,GL-,#_,1,43,VAL,+,g,ɡ,20,−,P,K,-3,−,4,+,a,0.0,-3.0,4.0
4,GL-,#_,2,43,VAL,+,l,ɫ,89,+,LW,DQ,-1.625,−,0.75,+,a,0.0,-1.625,0.75
25,GL-,#_,2,43,VEN,−,∅,∅,,−,∅,Ɉ,-2,−,0,−,a,255.0,0.0,0.0
25,GL-,#_,1,43,VEN,+,gi,d̠͡ʒ,35,−,P͡F,Ɉ,-0.5,+,3,+,a,0.0,-0.5,3.0
10,GL-,#_,1,43,WAL,+,g,ɡ,20,−,P,K,-3,−,4,+,a,0.0,-3.0,4.0
10,GL-,#_,2,43,WAL,+,l,l,85,+,LW,D,0.75,−,0.75,+,a,0.0,0.75,0.75
21,FR-,#_,2,44,ABR,+,r,ɾ,83,−,L,D,0.75,−,1,+,a,0.0,0.75,1.0
21,FR-,#_,1,44,ABR,+,f,f,42,−,F,B,2.5,−,2,−,a,255.0,2.5,2.0
1,FR-,#_,1,44,AMR ESP,+,f,f,42,−,F,B,2.5,−,2,−,a,255.0,2.5,2.0
1,FR-,#_,2,44,AMR ESP,+,r,ɾ,83,−,L,D,0.75,−,1,+,a,0.0,0.75,1.0
31,FR-,#_,2,44,AND ESP,+,r,ɾ,83,−,L,D,0.75,−,1,+,a,0.0,0.75,1.0
31,FR-,#_,1,44,AND ESP,+,f,f,42,−,F,B,2.5,−,2,−,a,255.0,2.5,2.0
32,FR-,#_,1,44,ARG,+,f,f,42,−,F,B,2.5,−,2,−,a,255.0,2.5,2.0
32,FR-,#_,2,44,ARG,+,r,ɾ,83,−,L,D,0.75,−,1,+,a,0.0,0.75,1.0
26,FR-,#_,2,44,ARO,+,r,ɾ̪,82,−,L,D,,−,1,+,a,0.0,1.666666667,1.0
26,FR-,#_,1,44,ARO,+,f,f,42,−,F,B,2.5,−,2,−,a,255.0,2.5,2.0
11,FR-,#_,1,44,ARP,+,f,f,42,−,F,B,2.5,−,2,−,a,255.0,2.5,2.0
11,FR-,#_,2,44,ARP,+,r,ɾ (ʀ),143,−,L,D (Q),,−,,+,a,0.0,-0.833333333,1.333333333
29,FR-,#_,2,44,ASL,+,r,ɾ,83,−,L,D,0.75,−,1,+,a,0.0,0.75,1.0
29,FR-,#_,1,44,ASL,+,f,f,42,−,F,B,2.5,−,2,−,a,255.0,2.5,2.0
5,FR-,#_,2,44,BAL,+,r,ɾ,83,−,L,D,0.75,−,1,+,a,0.0,0.75,1.0
5,FR-,#_,1,44,BAL,+,f,f,42,−,F,B,2.5,−,2,−,a,255.0,2.5,2.0
0,FR-,#_,1,44,BR POR,+,f,f,42,−,F,B,2.5,−,2,−,a,255.0,2.5,2.0
0,FR-,#_,2,44,BR POR,+,r,ɾ,83,−,L,D,0.75,−,1,+,a,0.0,0.75,1.0
22,FR-,#_,2,44,CAM,+,r,ɾ,83,−,L,D,0.75,−,1,+,a,0.0,0.75,1.0
22,FR-,#_,1,44,CAM,+,f,f,42,−,F,B,2.5,−,2,−,a,255.0,2.5,2.0
30,FR-,#_,2,44,CAS ESP,+,r,ɾ,83,−,L,D,0.75,−,1,+,a,0.0,0.75,1.0
30,FR-,#_,1,44,CAS ESP,+,f,f,42,−,F,B,2.5,−,2,−,a,255.0,2.5,2.0
3,FR-,#_,1,44,CAT,+,f,f,42,−,F,B,2.5,−,2,−,a,255.0,2.5,2.0
3,FR-,#_,2,44,CAT,+,r,ɾ,83,−,L,D,0.75,−,1,+,a,0.0,0.75,1.0
19,FR-,#_,2,44,COR,+,r,ɾ,83,−,L,D,0.75,−,1,+,a,0.0,0.75,1.0
19,FR-,#_,1,44,COR,+,f,f,42,−,F,B,2.5,−,2,−,a,255.0,2.5,2.0
18,FR-,#_,2,44,CPN SRD,+,r,ɾ,83,−,L,D,0.75,−,1,+,a,0.0,0.75,1.0
18,FR-,#_,1,44,CPN SRD,+,f,f,42,−,F,B,2.5,−,2,−,a,255.0,2.5,2.0
8,FR-,#_,1,44,EU FRA,+,f,f,42,−,F,B,2.5,−,2,−,a,255.0,2.5,2.0
8,FR-,#_,2,44,EU FRA,+,r,ʁ (ʀ),142,−,F (L),Q,-4,−,,+,a,0.0,-4.0,1.75
13,FR-,#_,1,44,EU POR,+,f,f,42,−,F,B,2.5,−,2,−,a,255.0,2.5,2.0
13,FR-,#_,2,44,EU POR,+,r,ɾ,83,−,L,D,0.75,−,1,+,a,0.0,0.75,1.0
16,FR-,#_,2,44,FUR,+,r,ɾ,83,−,L,D,0.75,−,1,+,a,0.0,0.75,1.0
16,FR-,#_,1,44,FUR,+,f,f,42,−,F,B,2.5,−,2,−,a,255.0,2.5,2.0
28,FR-,#_,1,44,GAL,+,f,f,42,−,F,B,2.5,−,2,−,a,255.0,2.5,2.0
28,FR-,#_,2,44,GAL,+,r,ɾ,83,−,L,D,0.75,−,1,+,a,0.0,0.75,1.0
7,FR-,#_,1,44,GAS OCC,+,f,f,42,−,F,B,2.5,−,2,−,a,255.0,2.5,2.0
7,FR-,#_,2,44,GAS OCC,+,r,ɾ,83,−,L,D,0.75,−,1,+,a,0.0,0.75,1.0
20,FR-,#_,1,44,ITA,+,f,f,42,−,F,B,2.5,−,2,−,a,255.0,2.5,2.0
20,FR-,#_,2,44,ITA,+,r,ɾ,83,−,L,D,0.75,−,1,+,a,0.0,0.75,1.0
2,FR-,#_,1,44,LAT,+,F,ɸ~f,114,−,F,B,2.75,−,2,−,a,255.0,2.75,2.0
2,FR-,#_,2,44,LAT,+,R,ɾ,83,−,L,D,0.75,−,1,+,a,0.0,0.75,1.0
12,FR-,#_,1,44,LIG,+,f,f,42,−,F,B,2.5,−,2,−,a,255.0,2.5,2.0
12,FR-,#_,2,44,LIG,+,r,ɾ,83,−,L,D,0.75,−,1,+,a,0.0,0.75,1.0
14,FR-,#_,2,44,LMO,+,r,ɾ,83,−,L,D,0.75,−,1,+,a,0.0,0.75,1.0
14,FR-,#_,1,44,LMO,+,f,f,42,−,F,B,2.5,−,2,−,a,255.0,2.5,2.0
17,FR-,#_,2,44,LOG SRD,+,r,ɾ,83,−,L,D,0.75,−,1,+,a,0.0,0.75,1.0
17,FR-,#_,1,44,LOG SRD,+,f,f,42,−,F,B,2.5,−,2,−,a,255.0,2.5,2.0
6,FR-,#_,2,44,OCC,+,r,ɾ (ʀ),143,−,L,D (Q),,−,,+,a,0.0,-0.833333333,1.333333333
6,FR-,#_,1,44,OCC,+,f,f,42,−,F,B,2.5,−,2,−,a,255.0,2.5,2.0
23,FR-,#_,1,44,PGL,+,f,f,42,−,F,B,2.5,−,2,−,a,255.0,2.5,2.0
23,FR-,#_,2,44,PGL,+,r,ɾ,83,−,L,D,0.75,−,1,+,a,0.0,0.75,1.0
9,FR-,#_,2,44,QBC FRA,+,r,ʁ (ʀ),142,−,F (L),Q,-4,−,,+,a,0.0,-4.0,1.75
9,FR-,#_,1,44,QBC FRA,+,f,f,42,−,F,B,2.5,−,2,−,a,255.0,2.5,2.0
15,FR-,#_,2,44,RMH,+,r,ɾ,83,−,L,D,0.75,−,1,+,a,0.0,0.75,1.0
15,FR-,#_,1,44,RMH,+,f,f,42,−,F,B,2.5,−,2,−,a,255.0,2.5,2.0
27,FR-,#_,1,44,ROM,+,f,f,42,−,F,B,2.5,−,2,−,a,255.0,2.5,2.0
27,FR-,#_,2,44,ROM,+,r,ɾ̪,82,−,L,D,,−,1,+,a,0.0,1.666666667,1.0
24,FR-,#_,1,44,SCN,+,f,f,42,−,F,B,2.5,−,2,−,a,255.0,2.5,2.0
24,FR-,#_,2,44,SCN,+,r,ɾ,83,−,L,D,0.75,−,1,+,a,0.0,0.75,1.0
4,FR-,#_,1,44,VAL,+,f,f,42,−,F,B,2.5,−,2,−,a,255.0,2.5,2.0
4,FR-,#_,2,44,VAL,+,r,ɾ,83,−,L,D,0.75,−,1,+,a,0.0,0.75,1.0
25,FR-,#_,1,44,VEN,+,f,f,42,−,F,B,2.5,−,2,−,a,255.0,2.5,2.0
25,FR-,#_,2,44,VEN,+,r,ɾ,83,−,L,D,0.75,−,1,+,a,0.0,0.75,1.0
10,FR-,#_,1,44,WAL,+,f,f,42,−,F,B,2.5,−,2,−,a,255.0,2.5,2.0
10,FR-,#_,2,44,WAL,+,r,ʀ,81,−,L,Q,-4,−,1.25,+,a,0.0,-4.0,1.25
21,FL-,#_,2,45,ABR,+,i,j,98,−,W,Ɉ,-2,−,,+,a,0.0,-2.0,0.333333333
21,FL-,#_,1,45,ABR,+,f,f,42,−,F,B,2.5,−,2,−,a,255.0,2.5,2.0
1,FL-,#_,1,45,AMR ESP,−,∅,∅,,−,∅,B,2.5,−,0,−,a,255.0,0.0,0.0
37,FL-,#_,2,45,AMR ESP,+,l,l,85,+,LW,D,0.75,−,0.75,+,b,0.0,0.75,0.75
1,FL-,#_,2,45,AMR ESP,+,ll,ɟ͡ʝ,39,−,P͡F,Ɉ,-2,−,3,+,a,0.0,-2.0,3.0
37,FL-,#_,1,45,AMR ESP,+,f,f,42,−,F,B,2.5,−,2,−,b,255.0,2.5,2.0
36,FL-,#_,2,45,AND ESP,+,l,l,85,+,LW,D,0.75,−,0.75,+,a,0.0,0.75,0.75
40,FL-,#_,2,45,AND ESP,+,ll,ɟ͡ʝ,39,−,P͡F,Ɉ,-2,−,3,+,b,0.0,-2.0,3.0
40,FL-,#_,1,45,AND ESP,−,∅,∅,,−,∅,B,2.5,−,0,−,b,255.0,0.0,0.0
36,FL-,#_,1,45,AND ESP,+,f,f,42,−,F,B,2.5,−,2,−,a,255.0,2.5,2.0
41,FL-,#_,1,45,ARG,+,f,f,42,−,F,B,2.5,−,2,−,a,255.0,2.5,2.0
26,FL-,#_,2,45,ARO,+,l,l,85,+,LW,D,0.75,−,0.75,+,a,0.0,0.75,0.75
26,FL-,#_,1,45,ARO,+,f,f,42,−,F,B,2.5,−,2,−,a,255.0,2.5,2.0
11,FL-,#_,2,45,ARP,+,l (ll),l (ȴ~j),133,+ (−),LW(W),D (Ɉ),,−,,+,a,0.0,0.166666667,0.666666667
11,FL-,#_,1,45,ARP,+,f,f~ç,157,−,F,B~Ɉ,,−,2,−,a,255.0,0.25,2.0
38,FL-,#_,2,45,ASL,+,ll (ḷḷ),ȴ[ʎ̟] (ʈ͡ʂ),129,+ (−),LW (P͡F),Ɉ,,− (+),,+ (−),a,85.0,-0.416666667,1.5
38,FL-,#_,1,45,ASL,−,∅,∅,,−,∅,B,2.5,−,0,−,a,255.0,0.0,0.0
5,FL-,#_,2,45,BAL,+,l,ʟ,140,+,LW,K,-3,−,0.75,+,a,0.0,-3.0,0.75
5,FL-,#_,1,45,BAL,+,f,f,42,−,F,B,2.5,−,2,−,a,255.0,2.5,2.0
32,FL-,#_,2,45,BR POR,+,r,ɾ,83,−,L,D,0.75,−,1,+,b,0.0,0.75,1.0
0,FL-,#_,2,45,BR POR,−,∅,∅,,−,∅,Ɉ,-2,−,0,−,a,255.0,0.0,0.0
32,FL-,#_,1,45,BR POR,+,f,f,42,−,F,B,2.5,−,2,−,b,255.0,2.5,2.0
0,FL-,#_,1,45,BR POR,+,ch,ʃ,56,−,F,Ɉ,-0.5,+,2,−,a,255.0,-0.5,2.0
22,FL-,#_,1,45,CAM,+,sci,ʃ,56,−,F,Ɉ,-0.5,+,2,−,a,255.0,-0.5,2.0
22,FL-,#_,2,45,CAM,−,∅,∅,,−,∅,Ɉ,-2,−,0,−,a,255.0,0.0,0.0
35,FL-,#_,2,45,CAS ESP,+,l,l,85,+,LW,D,0.75,−,0.75,+,a,0.0,0.75,0.75
39,FL-,#_,2,45,CAS ESP,+,ll,ʎ,90,+,L,Ɉ,-2,−,0.75,+,b,0.0,-2.0,0.75
39,FL-,#_,1,45,CAS ESP,−,∅,∅,,−,∅,B,2.5,−,0,−,b,255.0,0.0,0.0
35,FL-,#_,1,45,CAS ESP,+,f,f,42,−,F,B,2.5,−,2,−,a,255.0,2.5,2.0
3,FL-,#_,2,45,CAT,+,l,l,85,+,LW,D,0.75,−,0.75,+,a,0.0,0.75,0.75
3,FL-,#_,1,45,CAT,+,f,f,42,−,F,B,2.5,−,2,−,a,255.0,2.5,2.0
19,FL-,#_,2,45,COR,+,i,j,98,−,W,Ɉ,-2,−,,+,a,0.0,-2.0,0.333333333
19,FL-,#_,1,45,COR,+,f,f,42,−,F,B,2.5,−,2,−,a,255.0,2.5,2.0
18,FL-,#_,2,45,CPN SRD,+,r,ɾ,83,−,L,D,0.75,−,1,+,a,0.0,0.75,1.0
18,FL-,#_,1,45,CPN SRD,+,f,f,42,−,F,B,2.5,−,2,−,a,255.0,2.5,2.0
8,FL-,#_,1,45,EU FRA,+,f,f,42,−,F,B,2.5,−,2,−,a,255.0,2.5,2.0
8,FL-,#_,2,45,EU FRA,+,l,l,85,+,LW,D,0.75,−,0.75,+,a,0.0,0.75,0.75
31,FL-,#_,2,45,EU POR,+,r,ɾ,83,−,L,D,0.75,−,1,+,b,0.0,0.75,1.0
31,FL-,#_,1,45,EU POR,+,f,f,42,−,F,B,2.5,−,2,−,b,255.0,2.5,2.0
13,FL-,#_,2,45,EU POR,−,∅,∅,,−,∅,Ɉ,-2,−,0,−,a,255.0,0.0,0.0
13,FL-,#_,1,45,EU POR,+,ch,ʃ,56,−,F,Ɉ,-0.5,+,2,−,a,255.0,-0.5,2.0
16,FL-,#_,1,45,FUR,+,f,f,42,−,F,B,2.5,−,2,−,a,255.0,2.5,2.0
16,FL-,#_,2,45,FUR,+,l,l,85,+,LW,D,0.75,−,0.75,+,a,0.0,0.75,0.75
34,FL-,#_,2,45,GAL,−,∅,∅,,−,∅,Ɉ,-2,−,0,−,b,255.0,0.0,0.0
33,FL-,#_,2,45,GAL,+,r,ɾ,83,−,L,D,0.75,−,1,+,a,0.0,0.75,1.0
34,FL-,#_,1,45,GAL,+,ch,t̠͡ʃ,34,−,P͡F,Ɉ,-0.5,+,3,−,b,255.0,-0.5,3.0
33,FL-,#_,1,45,GAL,+,f,f,42,−,F,B,2.5,−,2,−,a,255.0,2.5,2.0
7,FL-,#_,1,45,GAS OCC,+,f,f,42,−,F,B,2.5,−,2,−,a,255.0,2.5,2.0
7,FL-,#_,2,45,GAS OCC,+,l,l,85,+,LW,D,0.75,−,0.75,+,a,0.0,0.75,0.75
20,FL-,#_,1,45,ITA,+,f,f,42,−,F,B,2.5,−,2,−,a,255.0,2.5,2.0
20,FL-,#_,2,45,ITA,+,i,j,98,−,W,Ɉ,-2,−,,+,a,0.0,-2.0,0.333333333
29,FL-,#_,2,45,LAT,+,L,l̪ʲ,139,+,LW,Ɉ,,−,0.75,+,b,0.0,-0.166666667,0.75
2,FL-,#_,1,45,LAT,+,F,ɸ~f,114,−,F,B,2.75,−,2,−,a,255.0,2.75,2.0
29,FL-,#_,1,45,LAT,+,F,ɸ~f,114,−,F,B,2.75,−,2,−,b,255.0,2.75,2.0
2,FL-,#_,2,45,LAT,+,L,ɫ̪,87,+,LW,DQ,,−,0.75,+,a,0.0,-1.166666667,0.75
12,FL-,#_,1,45,LIG,+,sci,ʃ,56,−,F,Ɉ,-0.5,+,2,−,a,255.0,-0.5,2.0
12,FL-,#_,2,45,LIG,−,∅,∅,,−,∅,Ɉ,-2,−,0,−,a,255.0,0.0,0.0
14,FL-,#_,2,45,LMO,+,i,j,98,−,W,Ɉ,-2,−,,+,a,0.0,-2.0,0.333333333
14,FL-,#_,1,45,LMO,+,f,f,42,−,F,B,2.5,−,2,−,a,255.0,2.5,2.0
17,FL-,#_,2,45,LOG SRD,+,r,ɾ,83,−,L,D,0.75,−,1,+,a,0.0,0.75,1.0
17,FL-,#_,1,45,LOG SRD,+,f,f,42,−,F,B,2.5,−,2,−,a,255.0,2.5,2.0
6,FL-,#_,1,45,OCC,+,f,f,42,−,F,B,2.5,−,2,−,a,255.0,2.5,2.0
6,FL-,#_,2,45,OCC,+,l,l,85,+,LW,D,0.75,−,0.75,+,a,0.0,0.75,0.75
23,FL-,#_,1,45,PGL,+,f,f,42,−,F,B,2.5,−,2,−,a,255.0,2.5,2.0
23,FL-,#_,2,45,PGL,+,i,j,98,−,W,Ɉ,-2,−,,+,a,0.0,-2.0,0.333333333
9,FL-,#_,1,45,QBC FRA,+,f,f,42,−,F,B,2.5,−,2,−,a,255.0,2.5,2.0
9,FL-,#_,2,45,QBC FRA,+,l,l,85,+,LW,D,0.75,−,0.75,+,a,0.0,0.75,0.75
15,FL-,#_,2,45,RMH,+,l,l,85,+,LW,D,0.75,−,0.75,+,a,0.0,0.75,0.75
15,FL-,#_,1,45,RMH,+,f,f,42,−,F,B,2.5,−,2,−,a,255.0,2.5,2.0
27,FL-,#_,1,45,ROM,+,f,f,42,−,F,B,2.5,−,2,−,a,255.0,2.5,2.0
27,FL-,#_,2,45,ROM,+,l,l,85,+,LW,D,0.75,−,0.75,+,a,0.0,0.75,0.75
24,FL-,#_,2,45,SCN,−,∅,∅,,−,∅,Ɉ,-2,−,0,−,a,255.0,0.0,0.0
24,FL-,#_,1,45,SCN,+,ci/hi/xh,ç~ʃ,158,−,F,Ɉ,,−/+,2,−,a,255.0,-1.0,2.0
4,FL-,#_,2,45,VAL,+,l,ɫ,89,+,LW,DQ,-1.625,−,0.75,+,a,0.0,-1.625,0.75
4,FL-,#_,1,45,VAL,+,f,f,42,−,F,B,2.5,−,2,−,a,255.0,2.5,2.0
25,FL-,#_,2,45,VEN,+,i,j,98,−,W,Ɉ,-2,−,,+,a,0.0,-2.0,0.333333333
25,FL-,#_,1,45,VEN,+,f,f,42,−,F,B,2.5,−,2,−,a,255.0,2.5,2.0
10,FL-,#_,2,45,WAL,+,l,l,85,+,LW,D,0.75,−,0.75,+,a,0.0,0.75,0.75
10,FL-,#_,1,45,WAL,+,f,f,42,−,F,B,2.5,−,2,−,a,255.0,2.5,2.0
1,-PJ-,V_V,1,75,AMR ESP,+,p,p,1,−,P,B,3,−,4,−,a,255.0,3.0,4.0
1,-PJ-,V_V,2,75,AMR ESP,+,i,j,98,−,W,Ɉ,-2,−,,+,a,0.0,-2.0,0.333333333
34,-PJ-,V_V,2,75,AND ESP,+,i,j,98,−,W,Ɉ,-2,−,,+,a,0.0,-2.0,0.333333333
34,-PJ-,V_V,1,75,AND ESP,+,p,p,1,−,P,B,3,−,4,−,a,255.0,3.0,4.0
35,-PJ-,V_V,1,75,ARG,+,p,p,1,−,P,B,3,−,4,−,a,255.0,3.0,4.0
35,-PJ-,V_V,2,75,ARG,+,i,j,98,−,W,Ɉ,-2,−,,+,a,0.0,-2.0,0.333333333
26,-PJ-,V_V,2,75,ARO,+,i,j,98,−,W,Ɉ,-2,−,,+,a,0.0,-2.0,0.333333333
26,-PJ-,V_V,1,75,ARO,+,ch,k,19,−,P,K,-3,−,4,−,a,255.0,-3.0,4.0
32,-PJ-,V_V,2,75,ASL,+,i,j,98,−,W,Ɉ,-2,−,,+,a,0.0,-2.0,0.333333333
32,-PJ-,V_V,1,75,ASL,+,p,p,1,−,P,B,3,−,4,−,a,255.0,3.0,4.0
5,-PJ-,V_V,2,75,BAL,+/−,i,j~∅,151,−,W~∅,Ɉ,-2,−,,+/−,a,127.5,-2.0,0.166666667
5,-PJ-,V_V,1,75,BAL,+,p,p,1,−,P,B,3,−,4,−,a,255.0,3.0,4.0
0,-PJ-,V_V,1,75,BR POR,+,i,j,98,−,W,Ɉ,-2,−,,+,a,0.0,-2.0,0.333333333
0,-PJ-,V_V,2,75,BR POR,+,b,b,2,−,P,B,3,−,4,+,a,0.0,3.0,4.0
33,-PJ-,V_V,2,75,CAS ESP,+,i,j,98,−,W,Ɉ,-2,−,,+,a,0.0,-2.0,0.333333333
33,-PJ-,V_V,1,75,CAS ESP,+,p,p,1,−,P,B,3,−,4,−,a,255.0,3.0,4.0
3,-PJ-,V_V,1,75,CAT,+,p,p,1,−,P,B,3,−,4,−,a,255.0,3.0,4.0
3,-PJ-,V_V,2,75,CAT,+/−,i,j~∅,151,−,W~∅,Ɉ,-2,−,,+/−,a,127.5,-2.0,0.166666667
8,-PJ-,V_V,1,75,EU FRA,−,∅,∅,,−,∅,B,3,−,0,−,a,255.0,0.0,0.0
8,-PJ-,V_V,2,75,EU FRA,+,ch,ʃ,56,−,F,Ɉ,-0.5,+,2,−,a,255.0,-0.5,2.0
13,-PJ-,V_V,1,75,EU POR,+,i,j,98,−,W,Ɉ,-2,−,,+,a,0.0,-2.0,0.333333333
13,-PJ-,V_V,2,75,EU POR,+,b,β,41,−,F,B,3,−,2,+,a,0.0,3.0,2.0
31,-PJ-,V_V,2,75,GAL,+,b,β̞,91,−,W,B,3,−,0.5,+,a,0.0,3.0,0.5
31,-PJ-,V_V,1,75,GAL,+,i,j,98,−,W,Ɉ,-2,−,,+,a,0.0,-2.0,0.333333333
7,-PJ-,V_V,2,75,GAS OCC,+,i,j,98,−,W,Ɉ,-2,−,,+,a,0.0,-2.0,0.333333333
7,-PJ-,V_V,1,75,GAS OCC,+,p,p,1,−,P,B,3,−,4,−,a,255.0,3.0,4.0
20,-PJ-,V_V,2,75,ITA,+,i,j,98,−,W,Ɉ,-2,−,,+,a,0.0,-2.0,0.333333333
20,-PJ-,V_V,1,75,ITA,+,pp,pp,195,−,PP,B,3,−,5,−,a,255.0,3.0,5.0
29,-PJ-,V_V,1,75,ITA,+,p,p,1,−,P,B,3,−,4,−,b,255.0,3.0,4.0
29,-PJ-,V_V,2,75,ITA,+,i,j,98,−,W,Ɉ,-2,−,,+,b,0.0,-2.0,0.333333333
2,-PJ-,V_V,1,75,LAT,+,P,p,1,−,P,B,3,−,4,−,a,255.0,3.0,4.0
2,-PJ-,V_V,2,75,LAT,+,I/E,j,98,−,W,Ɉ,-2,−,,+,a,0.0,-2.0,0.333333333
6,-PJ-,V_V,2,75,OCC,+,i,j,98,−,W,Ɉ,-2,−,,+,a,0.0,-2.0,0.333333333
6,-PJ-,V_V,1,75,OCC,+,p,p,1,−,P,B,3,−,4,−,a,255.0,3.0,4.0
9,-PJ-,V_V,2,75,QBC FRA,+,ch,ʃ,56,−,F,Ɉ,-0.5,+,2,−,a,255.0,-0.5,2.0
9,-PJ-,V_V,1,75,QBC FRA,−,∅,∅,,−,∅,B,3,−,0,−,a,255.0,0.0,0.0
30,-PJ-,V_V,2,75,ROM,+/−,i,j~∅,151,−,W~∅,Ɉ,-2,−,,+/−,b,127.5,-2.0,0.166666667
30,-PJ-,V_V,1,75,ROM,+,p,p,1,−,P,B,3,−,4,−,b,255.0,3.0,4.0
27,-PJ-,V_V,2,75,ROM,+,p,p,1,−,P,B,3,−,4,−,a,255.0,3.0,4.0
27,-PJ-,V_V,1,75,ROM,+,i,j,98,−,W,Ɉ,-2,−,,+,a,0.0,-2.0,0.333333333
4,-PJ-,V_V,1,75,VAL,+,p,p,1,−,P,B,3,−,4,−,a,255.0,3.0,4.0
4,-PJ-,V_V,2,75,VAL,+/−,i,j~∅,151,−,W~∅,Ɉ,-2,−,,+/−,a,127.5,-2.0,0.166666667
72,-BJ-,V_V,1,76,AMR ESP,−,∅,∅,,−,∅,B,3,−,0,−,c,255.0,0.0,0.0
72,-BJ-,V_V,2,76,AMR ESP,−,∅,∅,,−,∅,Ɉ,-2,−,0,−,c,255.0,0.0,0.0
36,-BJ-,V_V,1,76,AMR ESP,−,∅,∅,,−,∅,B,3,−,0,−,b,255.0,0.0,0.0
36,-BJ-,V_V,2,76,AMR ESP,+,y,ʝ,61,−,F,Ɉ,-2,−,2,+,b,0.0,-2.0,2.0
1,-BJ-,V_V,2,76,AMR ESP,+,i,j,98,−,W,Ɉ,-2,−,,+,a,0.0,-2.0,0.333333333
1,-BJ-,V_V,1,76,AMR ESP,+,b,β̞,91,−,W,B,3,−,0.5,+,a,0.0,3.0,0.5
67,-BJ-,V_V,2,76,AND ESP,+,i,j,98,−,W,Ɉ,-2,−,,+,b,0.0,-2.0,0.333333333
67,-BJ-,V_V,1,76,AND ESP,+,b,β̞,91,−,W,B,3,−,0.5,+,b,0.0,3.0,0.5
71,-BJ-,V_V,2,76,AND ESP,−,∅,∅,,−,∅,Ɉ,-2,−,0,−,c,255.0,0.0,0.0
71,-BJ-,V_V,1,76,AND ESP,−,∅,∅,,−,∅,B,3,−,0,−,c,255.0,0.0,0.0
35,-BJ-,V_V,2,76,AND ESP,+,y,ʝ,61,−,F,Ɉ,-2,−,2,+,a,0.0,-2.0,2.0
35,-BJ-,V_V,1,76,AND ESP,−,∅,∅,,−,∅,B,3,−,0,−,a,255.0,0.0,0.0
88,-BJ-,V_V,2,76,ARG,+,i,j,98,−,W,Ɉ,-2,−,,+,c,0.0,-2.0,0.333333333
73,-BJ-,V_V,2,76,ARG,−,∅,∅,,−,∅,Ɉ,-2,−,0,−,b,255.0,0.0,0.0
73,-BJ-,V_V,1,76,ARG,−,∅,∅,,−,∅,B,3,−,0,−,b,255.0,0.0,0.0
26,-BJ-,V_V,2,76,ARO,,,j,,,,,,,,,a,,-2.0,0.333333333
26,-BJ-,V_V,1,76,ARO,,,k,,,,,,,,,a,,-3.0,4.0
45,-BJ-,V_V,2,76,ASL,+,i,j,98,−,W,Ɉ,-2,−,,+,b,0.0,-2.0,0.333333333
69,-BJ-,V_V,1,76,ASL,−,∅,∅,,−,∅,B,3,−,0,−,c,255.0,0.0,0.0
69,-BJ-,V_V,2,76,ASL,−,∅,∅,,−,∅,Ɉ,-2,−,0,−,c,255.0,0.0,0.0
40,-BJ-,V_V,2,76,BAL,+,gu,ɡ~ɣ,172,−,P~F,K,-3,−,,+,b,0.0,-3.0,3.0
5,-BJ-,V_V,1,76,BAL,+,b/j,β~ʒ,256,−,F (P),B~Ɉ,,−/+,,+,a,0.0,1.25,2.5
76,-BJ-,V_V,2,76,BAL,−,∅,∅,,−,∅,Ɉ,-2,−,0,−,c,255.0,0.0,0.0
76,-BJ-,V_V,1,76,BAL,−,∅,∅,,−,∅,B,3,−,0,−,c,255.0,0.0,0.0
40,-BJ-,V_V,1,76,BAL,−,∅,∅,,−,∅,Ɉ,-2,−,0,−,b,255.0,0.0,0.0
5,-BJ-,V_V,2,76,BAL,+/−,i,j~∅,151,−,W~∅,Ɉ,-2,−,,+/−,a,127.5,-2.0,0.166666667
66,-BJ-,V_V,1,76,BR POR,−,∅,∅,,−,∅,B,3,−,0,−,c,255.0,0.0,0.0
0,-BJ-,V_V,2,76,BR POR,+,v,v,43,−,F,B,2.5,−,2,+,a,0.0,2.5,2.0
30,-BJ-,V_V,2,76,BR POR,+,j,ʒ,57,−,F,Ɉ,-0.5,+,2,+,b,0.0,-0.5,2.0
0,-BJ-,V_V,1,76,BR POR,+,i,j,98,−,W,Ɉ,-2,−,,+,a,0.0,-2.0,0.333333333
66,-BJ-,V_V,2,76,BR POR,+,i,j,98,−,W,Ɉ,-2,−,,+,c,0.0,-2.0,0.333333333
30,-BJ-,V_V,1,76,BR POR,−,∅,∅,,−,∅,B,3,−,0,−,b,255.0,0.0,0.0
70,-BJ-,V_V,1,76,CAS ESP,−,∅,∅,,−,∅,B,3,−,0,−,c,255.0,0.0,0.0
56,-BJ-,V_V,2,76,CAS ESP,+,i,j,98,−,W,Ɉ,-2,−,,+,b,0.0,-2.0,0.333333333
56,-BJ-,V_V,1,76,CAS ESP,+,b,β̞,91,−,W,B,3,−,0.5,+,b,0.0,3.0,0.5
33,-BJ-,V_V,2,76,CAS ESP,+,y,ʝ,61,−,F,Ɉ,-2,−,2,+,a,0.0,-2.0,2.0
33,-BJ-,V_V,1,76,CAS ESP,−,∅,∅,,−,∅,B,3,−,0,−,a,255.0,0.0,0.0
70,-BJ-,V_V,2,76,CAS ESP,−,∅,∅,,−,∅,Ɉ,-2,−,0,−,c,255.0,0.0,0.0
74,-BJ-,V_V,1,76,CAT,−,∅,∅,,−,∅,B,3,−,0,−,c,255.0,0.0,0.0
74,-BJ-,V_V,2,76,CAT,−,∅,∅,,−,∅,Ɉ,-2,−,0,−,c,255.0,0.0,0.0
3,-BJ-,V_V,1,76,CAT,+,b/j,β~ʒ,254,−,F (W),B~Ɉ,,−/+,,+,a,0.0,1.25,2.5
3,-BJ-,V_V,2,76,CAT,+/−,i,j~∅,151,−,W~∅,Ɉ,-2,−,,+/−,a,127.5,-2.0,0.166666667
38,-BJ-,V_V,2,76,CAT,+,gu,ɣ~ɣ̞,173,−,F~W,K,-3,−,,+,b,0.0,-3.0,1.25
38,-BJ-,V_V,1,76,CAT,−,∅,∅,,−,∅,Ɉ,-2,−,0,−,b,255.0,0.0,0.0
8,-BJ-,V_V,1,76,EU FRA,−,∅,∅,,−,∅,B,3,−,0,−,a,255.0,0.0,0.0
79,-BJ-,V_V,2,76,EU FRA,−,∅,∅,,−,∅,Ɉ,-2,−,0,−,c,255.0,0.0,0.0
79,-BJ-,V_V,1,76,EU FRA,−,∅,∅,,−,∅,B,3,−,0,−,c,255.0,0.0,0.0
8,-BJ-,V_V,2,76,EU FRA,+,ge,ʒ,57,−,F,Ɉ,-0.5,+,2,+,a,0.0,-0.5,2.0
43,-BJ-,V_V,1,76,EU FRA,−,∅,∅,,−,∅,B,3,−,0,−,b,255.0,0.0,0.0
43,-BJ-,V_V,2,76,EU FRA,−,∅,∅,,−,∅,Ɉ,-2,−,0,−,b,255.0,0.0,0.0
29,-BJ-,V_V,2,76,EU POR,+,j,ʒ,57,−,F,Ɉ,-0.5,+,2,+,b,0.0,-0.5,2.0
29,-BJ-,V_V,1,76,EU POR,−,∅,∅,,−,∅,B,3,−,0,−,b,255.0,0.0,0.0
13,-BJ-,V_V,2,76,EU POR,+,v,v (β),262,−,F,B,,−,2,+,a,0.0,2.625,2.0
13,-BJ-,V_V,1,76,EU POR,+,i,j,98,−,W,Ɉ,-2,−,,+,a,0.0,-2.0,0.333333333
65,-BJ-,V_V,2,76,EU POR,+,i,j,98,−,W,Ɉ,-2,−,,+,c,0.0,-2.0,0.333333333
65,-BJ-,V_V,1,76,EU POR,−,∅,∅,,−,∅,B,3,−,0,−,c,255.0,0.0,0.0
34,-BJ-,V_V,2,76,GAL,+,i,j,98,−,W,Ɉ,-2,−,,+,b,0.0,-2.0,0.333333333
68,-BJ-,V_V,2,76,GAL,+,i,j,98,−,W,Ɉ,-2,−,,+,c,0.0,-2.0,0.333333333
68,-BJ-,V_V,1,76,GAL,−,∅,∅,,−,∅,B,3,−,0,−,c,255.0,0.0,0.0
34,-BJ-,V_V,1,76,GAL,+,b,β̞,91,−,W,B,3,−,0.5,+,b,0.0,3.0,0.5
20,-BJ-,V_V,2,76,ITA,+,i,j,98,−,W,Ɉ,-2,−,,+,a,0.0,-2.0,0.333333333
91,-BJ-,V_V,2,76,ITA,−,∅,∅,,−,∅,Ɉ,-2,−,0,−,c,255.0,0.0,0.0
55,-BJ-,V_V,1,76,ITA,+,bb,bb,196,−,PP,B,3,−,5,+,b,0.0,3.0,5.0
20,-BJ-,V_V,1,76,ITA,+,bb,bb,196,−,PP,B,3,−,5,+,a,0.0,3.0,5.0
55,-BJ-,V_V,2,76,ITA,+,i,j,98,−,W,Ɉ,-2,−,0.5,+,b,0.0,-2.0,0.333333333
91,-BJ-,V_V,1,76,ITA,−,∅,∅,,−,∅,B,3,−,0,−,c,255.0,0.0,0.0
2,-BJ-,V_V,2,76,LAT,+,I/E,j,98,−,W,Ɉ,-2,−,,+,a,0.0,-2.0,0.333333333
2,-BJ-,V_V,1,76,LAT,+,B,b,2,−,P,B,3,−,4,+,a,0.0,3.0,4.0
9,-BJ-,V_V,1,76,QBC FRA,−,∅,∅,,−,∅,B,3,−,0,−,a,255.0,0.0,0.0
80,-BJ-,V_V,2,76,QBC FRA,−,∅,∅,,−,∅,Ɉ,-2,−,0,−,c,255.0,0.0,0.0
44,-BJ-,V_V,2,76,QBC FRA,−,∅,∅,,−,∅,Ɉ,-2,−,0,−,b,255.0,0.0,0.0
9,-BJ-,V_V,2,76,QBC FRA,+,ge,ʒ,57,−,F,Ɉ,-0.5,+,2,+,a,0.0,-0.5,2.0
44,-BJ-,V_V,1,76,QBC FRA,−,∅,∅,,−,∅,B,3,−,0,−,b,255.0,0.0,0.0
80,-BJ-,V_V,1,76,QBC FRA,−,∅,∅,,−,∅,B,3,−,0,−,c,255.0,0.0,0.0
98,-BJ-,V_V,1,76,ROM,−,∅,∅,,−,∅,B,3,−,0,−,c,255.0,0.0,0.0
98,-BJ-,V_V,2,76,ROM,−,∅,∅,,−,∅,Ɉ,-2,−,0,−,c,255.0,0.0,0.0
27,-BJ-,V_V,2,76,ROM,+,b,b,2,−,P,B,3,−,4,+,a,0.0,3.0,4.0
27,-BJ-,V_V,1,76,ROM,+,i,j,98,−,W,Ɉ,-2,−,,+,a,0.0,-2.0,0.333333333
63,-BJ-,V_V,1,76,ROM,+,i,j,98,−,W,Ɉ,-2,−,0.5,+,b,0.0,-2.0,0.333333333
63,-BJ-,V_V,2,76,ROM,+,b,b,2,−,P,B,3,−,4,+,b,0.0,3.0,4.0
4,-BJ-,V_V,1,76,VAL,+,b/j,β~d̠͡ʒ,255,−,F~P͡F,B~Ɉ,,−/+,,+,a,0.0,1.25,2.625
39,-BJ-,V_V,1,76,VAL,−,∅,∅,,−,∅,Ɉ,-2,−,0,−,b,255.0,0.0,0.0
75,-BJ-,V_V,1,76,VAL,−,∅,∅,,−,∅,B,3,−,0,−,c,255.0,0.0,0.0
4,-BJ-,V_V,2,76,VAL,+/−,i,j~∅,151,−,W~∅,Ɉ,-2,−,,+/−,a,127.5,-2.0,0.166666667
75,-BJ-,V_V,2,76,VAL,−,∅,∅,,−,∅,Ɉ,-2,−,0,−,c,255.0,0.0,0.0
39,-BJ-,V_V,2,76,VAL,+,gu,ɡ~ɣ̞,171,−,P~W,K,-3,−,,+,b,0.0,-3.0,2.25
1,-TJ-,Vˈ_V,1,77,AMR ESP,+,z,s,50,−,F,D,1,+,2,−,a,255.0,1.0,2.0
1,-TJ-,Vˈ_V,2,77,AMR ESP,−,∅,∅,,−,∅,Ɉ,-2,−,0,−,a,255.0,0.0,0.0
58,-TJ-,Vˈ_V,2,77,AND ESP,−,∅,∅,,−,∅,Ɉ,-2,−,0,−,a,255.0,0.0,0.0
58,-TJ-,Vˈ_V,1,77,AND ESP,+,z,s̟,46,−,F,D,,+,2,−,a,255.0,1.666666667,2.0
59,-TJ-,Vˈ_V,1,77,ARG,+,z,θ,44,−,F,D,2,−,2,−,a,255.0,2.0,2.0
59,-TJ-,Vˈ_V,2,77,ARG,−,∅,∅,,−,∅,Ɉ,-2,−,0,−,a,255.0,0.0,0.0
26,-TJ-,Vˈ_V,1,77,ARO,+,ts,t͡s̪,26,−,P͡F,D,,+,3,−,a,255.0,1.333333333,3.0
26,-TJ-,Vˈ_V,2,77,ARO,−,∅,∅,,−,∅,Ɉ,-2,−,0,−,a,255.0,0.0,0.0
45,-TJ-,Vˈ_V,1,77,ASL,+,z,θ,44,−,F,D,2,−,2,−,a,255.0,2.0,2.0
45,-TJ-,Vˈ_V,2,77,ASL,−,∅,∅,,−,∅,Ɉ,-2,−,0,−,a,255.0,0.0,0.0
33,-TJ-,Vˈ_V,2,77,BAL,−,∅,∅,,−,∅,Ɉ,-2,−,0,−,b,255.0,0.0,0.0
33,-TJ-,Vˈ_V,1,77,BAL,+,ss,s̠,52,−,F,D,0.5,+,2,−,b,255.0,0.5,2.0
5,-TJ-,Vˈ_V,2,77,BAL,−,∅,∅,,−,∅,Ɉ,-2,−,0,−,a,255.0,0.0,0.0
5,-TJ-,Vˈ_V,1,77,BAL,− (+),∅ (s),∅ (z̠),257,−,∅ (F),D,0.5,− (+),,− (+),a,170.0,0.5,0.666666667
30,-TJ-,Vˈ_V,1,77,BR POR,+,ç,s,50,−,F,D,1,+,2,−,b,255.0,1.0,2.0
30,-TJ-,Vˈ_V,2,77,BR POR,−,∅,∅,,−,∅,Ɉ,-2,−,0,−,b,255.0,0.0,0.0
0,-TJ-,Vˈ_V,1,77,BR POR,+,z,z,51,−,F,D,1,+,2,+,a,0.0,1.0,2.0
0,-TJ-,Vˈ_V,2,77,BR POR,−,∅,∅,,−,∅,Ɉ,-2,−,0,−,a,255.0,0.0,0.0
56,-TJ-,Vˈ_V,2,77,CAS ESP,−,∅,∅,,−,∅,Ɉ,-2,−,0,−,a,255.0,0.0,0.0
56,-TJ-,Vˈ_V,1,77,CAS ESP,+,z,θ,44,−,F,D,2,−,2,−,a,255.0,2.0,2.0
3,-TJ-,Vˈ_V,2,77,CAT,−,∅,∅,,−,∅,Ɉ,-2,−,0,−,a,255.0,0.0,0.0
31,-TJ-,Vˈ_V,1,77,CAT,+,ss,s̠,52,−,F,D,0.5,+,2,−,b,255.0,0.5,2.0
3,-TJ-,Vˈ_V,1,77,CAT,− (+),∅ (s),∅ (z̠),257,−,∅ (F),D,0.5,− (+),,− (+),a,170.0,0.5,0.666666667
31,-TJ-,Vˈ_V,2,77,CAT,−,∅,∅,,−,∅,Ɉ,-2,−,0,−,b,255.0,0.0,0.0
8,-TJ-,Vˈ_V,2,77,EU FRA,−,∅,∅,,−,∅,Ɉ,-2,−,0,−,a,255.0,0.0,0.0
8,-TJ-,Vˈ_V,1,77,EU FRA,+,s,z̪,49,−,F,D,,+,2,+,a,0.0,1.333333333,2.0
37,-TJ-,Vˈ_V,2,77,EU FRA,−,∅,∅,,−,∅,Ɉ,-2,−,0,−,b,255.0,0.0,0.0
37,-TJ-,Vˈ_V,1,77,EU FRA,+,ss,s̪,48,−,F,D,,+,2,−,b,255.0,1.333333333,2.0
29,-TJ-,Vˈ_V,1,77,EU POR,+,ç,s (s̪),120,−,F,D,,+,2,−,b,255.0,1.083333333,2.0
29,-TJ-,Vˈ_V,2,77,EU POR,−,∅,∅,,−,∅,Ɉ,-2,−,0,−,b,255.0,0.0,0.0
13,-TJ-,Vˈ_V,2,77,EU POR,−,∅,∅,,−,∅,Ɉ,-2,−,0,−,a,255.0,0.0,0.0
13,-TJ-,Vˈ_V,1,77,EU POR,+,z,z (z̪),121,−,F,D,,+,2,+,a,0.0,1.083333333,2.0
34,-TJ-,Vˈ_V,2,77,GAL,−,∅,∅,,−,∅,Ɉ,-2,−,0,−,a,255.0,0.0,0.0
34,-TJ-,Vˈ_V,1,77,GAL,+,z,θ (s),102,−,F,D,,+/−,2,−,a,255.0,1.666666667,2.0
7,-TJ-,Vˈ_V,1,77,GAS OCC,+,s,z̠,53,−,F,D,0.5,+,2,+,a,0.0,0.5,2.0
36,-TJ-,Vˈ_V,2,77,GAS OCC,−,∅,∅,,−,∅,Ɉ,-2,−,0,−,b,255.0,0.0,0.0
36,-TJ-,Vˈ_V,1,77,GAS OCC,+,ss,s̠,52,−,F,D,0.5,+,2,−,b,255.0,0.5,2.0
7,-TJ-,Vˈ_V,2,77,GAS OCC,−,∅,∅,,−,∅,Ɉ,-2,−,0,−,a,255.0,0.0,0.0
49,-TJ-,Vˈ_V,1,77,ITA,+,zz,tt͡s,180,−,PP͡F,D,1,+,3.75,−,b,255.0,1.0,3.75
20,-TJ-,Vˈ_V,2,77,ITA,−,∅,∅,,−,∅,Ɉ,-2,−,0,−,a,255.0,0.0,0.0
20,-TJ-,Vˈ_V,1,77,ITA,+,zz (gi),tt͡s (ʒ),258,−,PP͡F (F),D (Ɉ),,+,,− (+),a,170.0,0.5,3.166666667
49,-TJ-,Vˈ_V,2,77,ITA,−,∅,∅,,−,∅,Ɉ,-2,−,0,−,b,255.0,0.0,0.0
2,-TJ-,Vˈ_V,2,77,LAT,+,I/E,j,98,−,W,Ɉ,-2,−,,+,a,0.0,-2.0,0.333333333
2,-TJ-,Vˈ_V,1,77,LAT,+,T,t̪,5,−,P,D,,−,4,−,a,255.0,1.666666667,4.0
35,-TJ-,Vˈ_V,2,77,OCC,−,∅,∅,,−,∅,Ɉ,-2,−,0,−,b,255.0,0.0,0.0
6,-TJ-,Vˈ_V,1,77,OCC,+,s,z̠,53,−,F,D,0.5,+,2,+,a,0.0,0.5,2.0
6,-TJ-,Vˈ_V,2,77,OCC,−,∅,∅,,−,∅,Ɉ,-2,−,0,−,a,255.0,0.0,0.0
35,-TJ-,Vˈ_V,1,77,OCC,+,ss,s̠,52,−,F,D,0.5,+,2,−,b,255.0,0.5,2.0
9,-TJ-,Vˈ_V,1,77,QBC FRA,+,s,z̪,49,−,F,D,,+,2,+,a,0.0,1.333333333,2.0
38,-TJ-,Vˈ_V,2,77,QBC FRA,−,∅,∅,,−,∅,Ɉ,-2,−,0,−,b,255.0,0.0,0.0
9,-TJ-,Vˈ_V,2,77,QBC FRA,−,∅,∅,,−,∅,Ɉ,-2,−,0,−,a,255.0,0.0,0.0
38,-TJ-,Vˈ_V,1,77,QBC FRA,+,ss,s̪,48,−,F,D,,+,2,−,b,255.0,1.333333333,2.0
57,-TJ-,Vˈ_V,2,77,ROM,−,∅,∅,,−,∅,Ɉ,-2,−,0,−,b,255.0,0.0,0.0
27,-TJ-,Vˈ_V,2,77,ROM,−,∅,∅,,−,∅,Ɉ,-2,−,0,−,a,255.0,0.0,0.0
57,-TJ-,Vˈ_V,1,77,ROM,+,ci,t̠͡ʃ,35,−,P͡F,Ɉ,-0.5,+,3,−,b,255.0,-0.5,3.0
27,-TJ-,Vˈ_V,1,77,ROM,+,ț,t͡s̪,26,−,P͡F,D,,+,3,−,a,255.0,1.333333333,3.0
4,-TJ-,Vˈ_V,2,77,VAL,−,∅,∅,,−,∅,Ɉ,-2,−,0,−,a,255.0,0.0,0.0
32,-TJ-,Vˈ_V,2,77,VAL,−,∅,∅,,−,∅,Ɉ,-2,−,0,−,b,255.0,0.0,0.0
4,-TJ-,Vˈ_V,1,77,VAL,− (+),∅ (s),∅ (z̠),257,−,∅ (F),D,0.5,− (+),,− (+),a,170.0,0.5,0.666666667
32,-TJ-,Vˈ_V,1,77,VAL,+,ss,s̠,52,−,F,D,0.5,+,2,−,b,255.0,0.5,2.0
1,-TJ-,ˈV_V,1,78,AMR ESP,+,z,s,50,−,F,D,1,+,2,−,a,255.0,1.0,2.0
1,-TJ-,ˈV_V,2,78,AMR ESP,−,∅,∅,,−,∅,Ɉ,-2,−,0,−,a,255.0,0.0,0.0
34,-TJ-,ˈV_V,2,78,AND ESP,−,∅,∅,,−,∅,Ɉ,-2,−,0,−,a,255.0,0.0,0.0
34,-TJ-,ˈV_V,1,78,AND ESP,+,z,s̟,46,−,F,D,,+,2,−,a,255.0,1.666666667,2.0
35,-TJ-,ˈV_V,1,78,ARG,+,z,θ,44,−,F,D,2,−,2,−,a,255.0,2.0,2.0
35,-TJ-,ˈV_V,2,78,ARG,−,∅,∅,,−,∅,Ɉ,-2,−,0,−,a,255.0,0.0,0.0
32,-TJ-,ˈV_V,1,78,ASL,+,z,θ,44,−,F,D,2,−,2,−,a,255.0,2.0,2.0
32,-TJ-,ˈV_V,2,78,ASL,−,∅,∅,,−,∅,Ɉ,-2,−,0,−,a,255.0,0.0,0.0
5,-TJ-,ˈV_V,1,78,BAL,− (+),∅ (s),∅ (z̠),257,−,∅ (F),D,0.5,− (+),,− (+),a,170.0,0.5,0.666666667
5,-TJ-,ˈV_V,2,78,BAL,−,∅,∅,,−,∅,Ɉ,-2,−,0,−,a,255.0,0.0,0.0
30,-TJ-,ˈV_V,1,78,BR POR,+,ç,s,50,−,F,D,1,+,2,−,b,255.0,1.0,2.0
0,-TJ-,ˈV_V,2,78,BR POR,−,∅,∅,,−,∅,Ɉ,-2,−,0,−,a,255.0,0.0,0.0
30,-TJ-,ˈV_V,2,78,BR POR,−,∅,∅,,−,∅,Ɉ,-2,−,0,−,b,255.0,0.0,0.0
0,-TJ-,ˈV_V,1,78,BR POR,+,z,z,51,−,F,D,1,+,2,+,a,0.0,1.0,2.0
33,-TJ-,ˈV_V,1,78,CAS ESP,+,z,θ,44,−,F,D,2,−,2,−,a,255.0,2.0,2.0
33,-TJ-,ˈV_V,2,78,CAS ESP,−,∅,∅,,−,∅,Ɉ,-2,−,0,−,a,255.0,0.0,0.0
3,-TJ-,ˈV_V,1,78,CAT,− (+),∅ (s),∅ (z̠),257,−,∅ (F),D,0.5,− (+),,− (+),a,170.0,0.5,0.666666667
3,-TJ-,ˈV_V,2,78,CAT,−,∅,∅,,−,∅,Ɉ,-2,−,0,−,a,255.0,0.0,0.0
8,-TJ-,ˈV_V,1,78,EU FRA,+,s,z̪,49,−,F,D,,+,2,+,a,0.0,1.333333333,2.0
8,-TJ-,ˈV_V,2,78,EU FRA,−,∅,∅,,−,∅,Ɉ,-2,−,0,−,a,255.0,0.0,0.0
13,-TJ-,ˈV_V,1,78,EU POR,+,z,z (z̪),121,−,F,D,,+,2,+,a,0.0,1.083333333,2.0
13,-TJ-,ˈV_V,2,78,EU POR,−,∅,∅,,−,∅,Ɉ,-2,−,0,−,a,255.0,0.0,0.0
29,-TJ-,ˈV_V,2,78,EU POR,−,∅,∅,,−,∅,Ɉ,-2,−,0,−,b,255.0,0.0,0.0
29,-TJ-,ˈV_V,1,78,EU POR,+,ç,s (s̪),120,−,F,D,,+,2,−,b,255.0,1.083333333,2.0
31,-TJ-,ˈV_V,1,78,GAL,+,z,θ (s),102,−,F,D,,+/−,2,−,a,255.0,1.666666667,2.0
31,-TJ-,ˈV_V,2,78,GAL,−,∅,∅,,−,∅,Ɉ,-2,−,0,−,a,255.0,0.0,0.0
7,-TJ-,ˈV_V,1,78,GAS OCC,+,s,z̠,53,−,F,D,0.5,+,2,+,a,0.0,0.5,2.0
7,-TJ-,ˈV_V,2,78,GAS OCC,−,∅,∅,,−,∅,Ɉ,-2,−,0,−,a,255.0,0.0,0.0
20,-TJ-,ˈV_V,2,78,ITA,−,∅,∅,,−,∅,Ɉ,-2,−,0,−,a,255.0,0.0,0.0
20,-TJ-,ˈV_V,1,78,ITA,+,zz,tt͡s,180,−,PP͡F,D,1,+,3.75,−,a,255.0,1.0,3.75
2,-TJ-,ˈV_V,2,78,LAT,+,I/E,j,98,−,W,Ɉ,-2,−,,+,a,0.0,-2.0,0.333333333
2,-TJ-,ˈV_V,1,78,LAT,+,T,t̪,5,−,P,D,,−,4,−,a,255.0,1.666666667,4.0
6,-TJ-,ˈV_V,2,78,OCC,−,∅,∅,,−,∅,Ɉ,-2,−,0,−,a,255.0,0.0,0.0
6,-TJ-,ˈV_V,1,78,OCC,+,s,z̠,53,−,F,D,0.5,+,2,+,a,0.0,0.5,2.0
9,-TJ-,ˈV_V,1,78,QBC FRA,+,s,z̪,49,−,F,D,,+,2,+,a,0.0,1.333333333,2.0
9,-TJ-,ˈV_V,2,78,QBC FRA,−,∅,∅,,−,∅,Ɉ,-2,−,0,−,a,255.0,0.0,0.0
27,-TJ-,ˈV_V,2,78,ROM,−,∅,∅,,−,∅,Ɉ,-2,−,0,−,a,255.0,0.0,0.0
27,-TJ-,ˈV_V,1,78,ROM,+,ț,t͡s̪,26,−,P͡F,D,,+,3,−,a,255.0,1.333333333,3.0
4,-TJ-,ˈV_V,1,78,VAL,− (+),∅ (s),∅ (z̠),257,−,∅ (F),D,0.5,− (+),,− (+),a,170.0,0.5,0.666666667
4,-TJ-,ˈV_V,2,78,VAL,−,∅,∅,,−,∅,Ɉ,-2,−,0,−,a,255.0,0.0,0.0
1,-DJ-,V_V,1,79,AMR ESP,−,∅,∅,,−,∅,Ɉ,-2,−,0,−,a,255.0,0.0,0.0
36,-DJ-,V_V,2,79,AMR ESP,+,y,ʝ,61,−,F,Ɉ,-2,−,2,+,b,0.0,-2.0,2.0
1,-DJ-,V_V,2,79,AMR ESP,−,∅,∅,,−,∅,Ɉ,-2,−,0,−,a,255.0,0.0,0.0
36,-DJ-,V_V,1,79,AMR ESP,−,∅,∅,,−,∅,Ɉ,-2,−,0,−,b,255.0,0.0,0.0
35,-DJ-,V_V,2,79,AND ESP,+,y,ʝ,61,−,F,Ɉ,-2,−,2,+,a,0.0,-2.0,2.0
58,-DJ-,V_V,2,79,AND ESP,−,∅,∅,,−,∅,Ɉ,-2,−,0,−,b,255.0,0.0,0.0
58,-DJ-,V_V,1,79,AND ESP,−,∅,∅,,−,∅,Ɉ,-2,−,0,−,b,255.0,0.0,0.0
35,-DJ-,V_V,1,79,AND ESP,−,∅,∅,,−,∅,Ɉ,-2,−,0,−,a,255.0,0.0,0.0
59,-DJ-,V_V,1,79,ARG,−,∅,∅,,−,∅,Ɉ,-2,−,0,−,b,255.0,0.0,0.0
37,-DJ-,V_V,2,79,ARG,+,y,ʝ,61,−,F,Ɉ,-2,−,2,+,a,0.0,-2.0,2.0
37,-DJ-,V_V,1,79,ARG,−,∅,∅,,−,∅,Ɉ,-2,−,0,−,a,255.0,0.0,0.0
59,-DJ-,V_V,2,79,ARG,+/−,i/∅,j~∅,151,−,W~∅,Ɉ,-2,−,,+/−,b,127.5,-2.0,0.166666667
26,-DJ-,V_V,2,79,ARO,−,∅,∅,,−,∅,Ɉ,-2,−,0,−,a,255.0,0.0,0.0
26,-DJ-,V_V,1,79,ARO,+,dz,d͡z̪,27,−,P͡F,D,,+,3,+,a,0.0,1.333333333,3.0
11,-DJ-,V_V,2,79,ARP,+/−,i/∅,j~∅,151,−,W~∅,Ɉ,-2,−,,+/−,a,127.5,-2.0,0.166666667
11,-DJ-,V_V,1,79,ARP,−,∅,∅,,−,∅,Ɉ,-2,−,0,−,a,255.0,0.0,0.0
45,-DJ-,V_V,1,79,ASL,−,∅,∅,,−,∅,Ɉ,-2,−,0,−,b,255.0,0.0,0.0
32,-DJ-,V_V,2,79,ASL,+,y/x,ʝ~ʃ,193,−,F,Ɉ,,−/+,2,+/−,a,127.5,-1.25,2.0
45,-DJ-,V_V,2,79,ASL,−,∅,∅,,−,∅,Ɉ,-2,−,0,−,b,255.0,0.0,0.0
32,-DJ-,V_V,1,79,ASL,−,∅,∅,,−,∅,Ɉ,-2,−,0,−,a,255.0,0.0,0.0
40,-DJ-,V_V,1,79,BAL,−,∅,∅,,−,∅,Ɉ,-2,−,0,−,b,255.0,0.0,0.0
40,-DJ-,V_V,2,79,BAL,+,j,ʒ,57,−,F,Ɉ,-0.5,+,2,+,b,0.0,-0.5,2.0
0,-DJ-,V_V,2,79,BR POR,+/−,i/∅,j~∅,151,−,W~∅,Ɉ,-2,−,,+/−,a,127.5,-2.0,0.166666667
30,-DJ-,V_V,2,79,BR POR,+,j,ʒ,57,−,F,Ɉ,-0.5,+,2,+,b,0.0,-0.5,2.0
0,-DJ-,V_V,1,79,BR POR,−,∅,∅,,−,∅,Ɉ,-2,−,0,−,a,255.0,0.0,0.0
30,-DJ-,V_V,1,79,BR POR,−,∅,∅,,−,∅,Ɉ,-2,−,0,−,b,255.0,0.0,0.0
56,-DJ-,V_V,2,79,CAS ESP,−,∅,∅,,−,∅,Ɉ,-2,−,0,−,b,255.0,0.0,0.0
56,-DJ-,V_V,1,79,CAS ESP,−,∅,∅,,−,∅,Ɉ,-2,−,0,−,b,255.0,0.0,0.0
33,-DJ-,V_V,1,79,CAS ESP,−,∅,∅,,−,∅,Ɉ,-2,−,0,−,a,255.0,0.0,0.0
33,-DJ-,V_V,2,79,CAS ESP,+,y,ʝ,61,−,F,Ɉ,-2,−,2,+,a,0.0,-2.0,2.0
38,-DJ-,V_V,2,79,CAT,+,j,ʒ,57,−,F,Ɉ,-0.5,+,2,+,b,0.0,-0.5,2.0
38,-DJ-,V_V,1,79,CAT,−,∅,∅,,−,∅,Ɉ,-2,−,0,−,b,255.0,0.0,0.0
8,-DJ-,V_V,2,79,EU FRA,+,i/y,j,98,−,W,Ɉ,-2,−,,+,a,0.0,-2.0,0.333333333
8,-DJ-,V_V,1,79,EU FRA,−,∅,∅,,−,∅,Ɉ,-2,−,0,−,a,255.0,0.0,0.0
29,-DJ-,V_V,2,79,EU POR,+,j,ʒ,57,−,F,Ɉ,-0.5,+,2,+,b,0.0,-0.5,2.0
13,-DJ-,V_V,2,79,EU POR,+/−,i/∅,j~∅,151,−,W~∅,Ɉ,-2,−,,+/−,a,127.5,-2.0,0.166666667
13,-DJ-,V_V,1,79,EU POR,−,∅,∅,,−,∅,Ɉ,-2,−,0,−,a,255.0,0.0,0.0
29,-DJ-,V_V,1,79,EU POR,−,∅,∅,,−,∅,Ɉ,-2,−,0,−,b,255.0,0.0,0.0
31,-DJ-,V_V,1,79,GAL,−,∅,∅,,−,∅,Ɉ,-2,−,0,−,a,255.0,0.0,0.0
34,-DJ-,V_V,1,79,GAL,−,∅,∅,,−,∅,Ɉ,-2,−,0,−,b,255.0,0.0,0.0
34,-DJ-,V_V,2,79,GAL,+/−,i/∅,j~∅,151,−,W~∅,Ɉ,-2,−,,+/−,b,127.5,-2.0,0.166666667
31,-DJ-,V_V,2,79,GAL,+,x,ʃ,56,−,F,Ɉ,-0.5,+,2,−,a,255.0,-0.5,2.0
42,-DJ-,V_V,1,79,GAS OCC,−,∅,∅,,−,∅,Ɉ,-2,−,0,−,b,255.0,0.0,0.0
42,-DJ-,V_V,2,79,GAS OCC,+,g/j,ʒ,57,−,F,Ɉ,-0.5,+,2,+,b,0.0,-0.5,2.0
7,-DJ-,V_V,2,79,GAS OCC,+,i,j,98,−,W,Ɉ,-2,−,,+,a,0.0,-2.0,0.333333333
7,-DJ-,V_V,1,79,GAS OCC,−,∅,∅,,−,∅,Ɉ,-2,−,0,−,a,255.0,0.0,0.0
52,-DJ-,V_V,1,79,ITA,−,∅,∅,,−,∅,Ɉ,-2,−,0,−,b,255.0,0.0,0.0
20,-DJ-,V_V,2,79,ITA,−,∅,∅,,−,∅,Ɉ,-2,−,0,−,a,255.0,0.0,0.0
52,-DJ-,V_V,2,79,ITA,+,ggi,d̠d̠͡ʒ,187,−,PP͡F,Ɉ,-0.5,+,3.75,+,b,0.0,-0.5,3.75
20,-DJ-,V_V,1,79,ITA,+,zz,dd͡z,181,−,PP͡F,D,1,+,3.75,+,a,0.0,1.0,3.75
2,-DJ-,V_V,1,79,LAT,+,D,d̪,6,−,P,D,,−,4,+,a,0.0,1.666666667,4.0
2,-DJ-,V_V,2,79,LAT,+,I/E,j,98,−,W,Ɉ,-2,−,,+,a,0.0,-2.0,0.333333333
41,-DJ-,V_V,1,79,OCC,−,∅,∅,,−,∅,Ɉ,-2,−,0,−,b,255.0,0.0,0.0
6,-DJ-,V_V,1,79,OCC,−,∅,∅,,−,∅,Ɉ,-2,−,0,−,a,255.0,0.0,0.0
41,-DJ-,V_V,2,79,OCC,+,g/j,̠d̠͡ʒ (d͡z̠),194,−,P͡F,Ɉ (D),,+,3,+,b,0.0,-0.166666667,3.0
6,-DJ-,V_V,2,79,OCC,+,i,j,98,−,W,Ɉ,-2,−,,+,a,0.0,-2.0,0.333333333
9,-DJ-,V_V,2,79,QBC FRA,+,i/y,j,98,−,W,Ɉ,-2,−,,+,a,0.0,-2.0,0.333333333
9,-DJ-,V_V,1,79,QBC FRA,−,∅,∅,,−,∅,Ɉ,-2,−,0,−,a,255.0,0.0,0.0
27,-DJ-,V_V,1,79,ROM,+,z,z̪,49,−,F,D,,+,2,+,a,0.0,1.333333333,2.0
27,-DJ-,V_V,2,79,ROM,−,∅,∅,,−,∅,Ɉ,-2,−,0,−,a,255.0,0.0,0.0
24,-DJ-,V_V,1,79,SCN,−,∅,∅,,−,∅,Ɉ,-2,−,0,−,a,255.0,0.0,0.0
24,-DJ-,V_V,2,79,SCN,+,j,j,98,−,W,Ɉ,-2,−,,+,a,0.0,-2.0,0.333333333
39,-DJ-,V_V,2,79,VAL,+,j,d̠͡ʒ,35,−,P͡F,Ɉ,-0.5,+,3,+,b,0.0,-0.5,3.0
39,-DJ-,V_V,1,79,VAL,−,∅,∅,,−,∅,Ɉ,-2,−,0,−,b,255.0,0.0,0.0
10,-DJ-,V_V,2,79,WAL,+/−,i/∅,j~∅,151,−,W~∅,Ɉ,-2,−,,+/−,a,127.5,-2.0,0.166666667
10,-DJ-,V_V,1,79,WAL,−,∅,∅,,−,∅,Ɉ,-2,−,0,−,a,255.0,0.0,0.0
21,-CJ-,Vˈ_V,2,80,ABR,−,∅,∅,,−,∅,Ɉ,-2,−,0,−,a,255.0,0.0,0.0
21,-CJ-,Vˈ_V,1,80,ABR,+,cci,t̠t̠͡ʃ,186,−,PP͡F,Ɉ,-0.5,+,3.75,−,a,255.0,-0.5,3.75
1,-CJ-,Vˈ_V,1,80,AMR ESP,+,c,s,50,−,F,D,1,+,2,−,a,255.0,1.0,2.0
1,-CJ-,Vˈ_V,2,80,AMR ESP,−,∅,∅,,−,∅,Ɉ,-2,−,0,−,a,255.0,0.0,0.0
33,-CJ-,Vˈ_V,2,80,AND ESP,−,∅,∅,,−,∅,Ɉ,-2,−,0,−,a,255.0,0.0,0.0
33,-CJ-,Vˈ_V,1,80,AND ESP,+,c,s̟,46,−,F,D,,+,2,−,a,255.0,1.666666667,2.0
34,-CJ-,Vˈ_V,1,80,ARG,+,z,θ,44,−,F,D,2,−,2,−,a,255.0,2.0,2.0
34,-CJ-,Vˈ_V,2,80,ARG,−,∅,∅,,−,∅,Ɉ,-2,−,0,−,a,255.0,0.0,0.0
26,-CJ-,Vˈ_V,2,80,ARO,−,∅,∅,,−,∅,Ɉ,-2,−,0,−,a,255.0,0.0,0.0
26,-CJ-,Vˈ_V,1,80,ARO,+,ț,t͡s̪,26,−,P͡F,D,,+,3,−,a,255.0,1.333333333,3.0
31,-CJ-,Vˈ_V,2,80,ASL,−,∅,∅,,−,∅,Ɉ,-2,−,0,−,a,255.0,0.0,0.0
31,-CJ-,Vˈ_V,1,80,ASL,+,c/z,θ,44,−,F,D,2,−,2,−,a,255.0,2.0,2.0
5,-CJ-,Vˈ_V,2,80,BAL,−,∅,∅,,−,∅,Ɉ,-2,−,0,−,a,255.0,0.0,0.0
5,-CJ-,Vˈ_V,1,80,BAL,+,ç/c,s̠,52,−,F,D,0.5,+,2,−,a,255.0,0.5,2.0
0,-CJ-,Vˈ_V,1,80,BR POR,+,c/ç,s,50,−,F,D,1,+,2,−,a,255.0,1.0,2.0
0,-CJ-,Vˈ_V,2,80,BR POR,−,∅,∅,,−,∅,Ɉ,-2,−,0,−,a,255.0,0.0,0.0
22,-CJ-,Vˈ_V,2,80,CAM,−,∅,∅,,−,∅,Ɉ,-2,−,0,−,a,255.0,0.0,0.0
22,-CJ-,Vˈ_V,1,80,CAM,+,cci,t̠t̠͡ʃ,186,−,PP͡F,Ɉ,-0.5,+,3.75,−,a,255.0,-0.5,3.75
32,-CJ-,Vˈ_V,2,80,CAS ESP,−,∅,∅,,−,∅,Ɉ,-2,−,0,−,a,255.0,0.0,0.0
32,-CJ-,Vˈ_V,1,80,CAS ESP,+,c,θ,44,−,F,D,2,−,2,−,a,255.0,2.0,2.0
3,-CJ-,Vˈ_V,1,80,CAT,+,ç/c,s̠,52,−,F,D,0.5,+,2,−,a,255.0,0.5,2.0
3,-CJ-,Vˈ_V,2,80,CAT,−,∅,∅,,−,∅,Ɉ,-2,−,0,−,a,255.0,0.0,0.0
8,-CJ-,Vˈ_V,2,80,EU FRA,−,∅,∅,,−,∅,Ɉ,-2,−,0,−,a,255.0,0.0,0.0
8,-CJ-,Vˈ_V,1,80,EU FRA,+,ss/ce,s̪,48,−,F,D,,+,2,−,a,255.0,1.333333333,2.0
13,-CJ-,Vˈ_V,1,80,EU POR,+,c/ç,s (s̪),120,−,F,D,,+,2,−,a,255.0,1.083333333,2.0
13,-CJ-,Vˈ_V,2,80,EU POR,−,∅,∅,,−,∅,Ɉ,-2,−,0,−,a,255.0,0.0,0.0
30,-CJ-,Vˈ_V,2,80,GAL,−,∅,∅,,−,∅,Ɉ,-2,−,0,−,a,255.0,0.0,0.0
30,-CJ-,Vˈ_V,1,80,GAL,+,c/z,θ (s),102,−,F,D,,+/−,2,−,a,255.0,1.666666667,2.0
7,-CJ-,Vˈ_V,1,80,GAS OCC,+,ç/c,s̠,52,−,F,D,0.5,+,2,−,a,255.0,0.5,2.0
7,-CJ-,Vˈ_V,2,80,GAS OCC,−,∅,∅,,−,∅,Ɉ,-2,−,0,−,a,255.0,0.0,0.0
20,-CJ-,Vˈ_V,1,80,ITA,+,cci,t̠t̠͡ʃ,186,−,PP͡F,Ɉ,-0.5,+,3.75,−,a,255.0,-0.5,3.75
20,-CJ-,Vˈ_V,2,80,ITA,−,∅,∅,,−,∅,Ɉ,-2,−,0,−,a,255.0,0.0,0.0
2,-CJ-,Vˈ_V,1,80,LAT,+,C,k,19,−,P,K,-3,−,4,−,a,255.0,-3.0,4.0
2,-CJ-,Vˈ_V,2,80,LAT,+,I/E,j,98,−,W,Ɉ,-2,−,,+,a,0.0,-2.0,0.333333333
6,-CJ-,Vˈ_V,2,80,OCC,−,∅,∅,,−,∅,Ɉ,-2,−,0,−,a,255.0,0.0,0.0
6,-CJ-,Vˈ_V,1,80,OCC,+,ç/c,s̠,52,−,F,D,0.5,+,2,−,a,255.0,0.5,2.0
23,-CJ-,Vˈ_V,1,80,PGL,+,zz,tt͡s,180,−,PP͡F,D,1,+,3.75,−,a,255.0,1.0,3.75
23,-CJ-,Vˈ_V,2,80,PGL,−,∅,∅,,−,∅,Ɉ,-2,−,0,−,a,255.0,0.0,0.0
9,-CJ-,Vˈ_V,2,80,QBC FRA,−,∅,∅,,−,∅,Ɉ,-2,−,0,−,a,255.0,0.0,0.0
9,-CJ-,Vˈ_V,1,80,QBC FRA,+,ss/ce,s̪,48,−,F,D,,+,2,−,a,255.0,1.333333333,2.0
27,-CJ-,Vˈ_V,1,80,ROM,+,ț,t͡s̪,26,−,P͡F,D,,+,3,−,a,255.0,1.333333333,3.0
29,-CJ-,Vˈ_V,2,80,ROM,−,∅,∅,,−,∅,Ɉ,-2,−,0,−,b,255.0,0.0,0.0
29,-CJ-,Vˈ_V,1,80,ROM,+,ci,t̠͡ʃ,34,−,P͡F,Ɉ,-0.5,+,3,−,b,255.0,-0.5,3.0
27,-CJ-,Vˈ_V,2,80,ROM,−,∅,∅,,−,∅,Ɉ,-2,−,0,−,a,255.0,0.0,0.0
24,-CJ-,Vˈ_V,1,80,SCN,+,zz,tt͡s,180,−,PP͡F,D,1,+,3.75,−,a,255.0,1.0,3.75
24,-CJ-,Vˈ_V,2,80,SCN,−,∅,∅,,−,∅,Ɉ,-2,−,0,−,a,255.0,0.0,0.0
4,-CJ-,Vˈ_V,1,80,VAL,+,ç/c,s̠,52,−,F,D,0.5,+,2,−,a,255.0,0.5,2.0
4,-CJ-,Vˈ_V,2,80,VAL,−,∅,∅,,−,∅,Ɉ,-2,−,0,−,a,255.0,0.0,0.0
21,-CJ-,ˈV_V,2,81,ABR,−,∅,∅,,−,∅,Ɉ,-2,−,0,−,a,255.0,0.0,0.0
21,-CJ-,ˈV_V,1,81,ABR,+,cci,t̠t̠͡ʃ,186,−,PP͡F,Ɉ,-0.5,+,3.75,−,a,255.0,-0.5,3.75
1,-CJ-,ˈV_V,1,81,AMR ESP,+,c,s,50,−,F,D,1,+,2,−,a,255.0,1.0,2.0
1,-CJ-,ˈV_V,2,81,AMR ESP,−,∅,∅,,−,∅,Ɉ,-2,−,0,−,a,255.0,0.0,0.0
31,-CJ-,ˈV_V,2,81,AND ESP,−,∅,∅,,−,∅,Ɉ,-2,−,0,−,a,255.0,0.0,0.0
31,-CJ-,ˈV_V,1,81,AND ESP,+,c,s̟,46,−,F,D,,+,2,−,a,255.0,1.666666667,2.0
32,-CJ-,ˈV_V,1,81,ARG,+,z,θ,44,−,F,D,2,−,2,−,a,255.0,2.0,2.0
32,-CJ-,ˈV_V,2,81,ARG,−,∅,∅,,−,∅,Ɉ,-2,−,0,−,a,255.0,0.0,0.0
26,-CJ-,ˈV_V,2,81,ARO,−,∅,∅,,−,∅,Ɉ,-2,−,0,−,a,255.0,0.0,0.0
26,-CJ-,ˈV_V,1,81,ARO,+,ts,t͡s̪,26,−,P͡F,D,,+,3,−,a,255.0,1.333333333,3.0
29,-CJ-,ˈV_V,2,81,ASL,−,∅,∅,,−,∅,Ɉ,-2,−,0,−,a,255.0,0.0,0.0
29,-CJ-,ˈV_V,1,81,ASL,+,c/z,θ,44,−,F,D,2,−,2,−,a,255.0,2.0,2.0
5,-CJ-,ˈV_V,2,81,BAL,−,∅,∅,,−,∅,Ɉ,-2,−,0,−,a,255.0,0.0,0.0
5,-CJ-,ˈV_V,1,81,BAL,+,ç/c,s̠,52,−,F,D,0.5,+,2,−,a,255.0,0.5,2.0
0,-CJ-,ˈV_V,1,81,BR POR,+,c/ç,s,50,−,F,D,1,+,2,−,a,255.0,1.0,2.0
0,-CJ-,ˈV_V,2,81,BR POR,−,∅,∅,,−,∅,Ɉ,-2,−,0,−,a,255.0,0.0,0.0
22,-CJ-,ˈV_V,2,81,CAM,−,∅,∅,,−,∅,Ɉ,-2,−,0,−,a,255.0,0.0,0.0
22,-CJ-,ˈV_V,1,81,CAM,+,cci,t̠t̠͡ʃ,186,−,PP͡F,Ɉ,-0.5,+,3.75,−,a,255.0,-0.5,3.75
30,-CJ-,ˈV_V,2,81,CAS ESP,−,∅,∅,,−,∅,Ɉ,-2,−,0,−,a,255.0,0.0,0.0
30,-CJ-,ˈV_V,1,81,CAS ESP,+,c,θ,44,−,F,D,2,−,2,−,a,255.0,2.0,2.0
3,-CJ-,ˈV_V,1,81,CAT,+,ç/c,s̠,52,−,F,D,0.5,+,2,−,a,255.0,0.5,2.0
3,-CJ-,ˈV_V,2,81,CAT,−,∅,∅,,−,∅,Ɉ,-2,−,0,−,a,255.0,0.0,0.0
8,-CJ-,ˈV_V,1,81,EU FRA,+,ss/ce,s̪,48,−,F,D,,+,2,−,a,255.0,1.333333333,2.0
8,-CJ-,ˈV_V,2,81,EU FRA,−,∅,∅,,−,∅,Ɉ,-2,−,0,−,a,255.0,0.0,0.0
13,-CJ-,ˈV_V,1,81,EU POR,+,c/ç,s (s̪),120,−,F,D,,+,2,−,a,255.0,1.083333333,2.0
13,-CJ-,ˈV_V,2,81,EU POR,−,∅,∅,,−,∅,Ɉ,-2,−,0,−,a,255.0,0.0,0.0
28,-CJ-,ˈV_V,1,81,GAL,+,c/z,θ (s),102,−,F,D,,+/−,2,−,a,255.0,1.666666667,2.0
28,-CJ-,ˈV_V,2,81,GAL,−,∅,∅,,−,∅,Ɉ,-2,−,0,−,a,255.0,0.0,0.0
7,-CJ-,ˈV_V,1,81,GAS OCC,+,ç/c,s̠,52,−,F,D,0.5,+,2,−,a,255.0,0.5,2.0
7,-CJ-,ˈV_V,2,81,GAS OCC,−,∅,∅,,−,∅,Ɉ,-2,−,0,−,a,255.0,0.0,0.0
20,-CJ-,ˈV_V,1,81,ITA,+,cci,t̠t̠͡ʃ,186,−,PP͡F,Ɉ,-0.5,+,3.75,−,a,255.0,-0.5,3.75
20,-CJ-,ˈV_V,2,81,ITA,−,∅,∅,,−,∅,Ɉ,-2,−,0,−,a,255.0,0.0,0.0
2,-CJ-,ˈV_V,1,81,LAT,+,C,k,19,−,P,K,-3,−,4,−,a,255.0,-3.0,4.0
2,-CJ-,ˈV_V,2,81,LAT,+,I/E,j,98,−,W,Ɉ,-2,−,,+,a,0.0,-2.0,0.333333333
6,-CJ-,ˈV_V,2,81,OCC,−,∅,∅,,−,∅,Ɉ,-2,−,0,−,a,255.0,0.0,0.0
6,-CJ-,ˈV_V,1,81,OCC,+,ç/c,s̠,52,−,F,D,0.5,+,2,−,a,255.0,0.5,2.0
23,-CJ-,ˈV_V,1,81,PGL,+,zz,tt͡s,180,−,PP͡F,D,1,+,3.75,−,a,255.0,1.0,3.75
23,-CJ-,ˈV_V,2,81,PGL,−,∅,∅,,−,∅,Ɉ,-2,−,0,−,a,255.0,0.0,0.0
9,-CJ-,ˈV_V,2,81,QBC FRA,−,∅,∅,,−,∅,Ɉ,-2,−,0,−,a,255.0,0.0,0.0
9,-CJ-,ˈV_V,1,81,QBC FRA,+,ss/ce,s̪,48,−,F,D,,+,2,−,a,255.0,1.333333333,2.0
27,-CJ-,ˈV_V,1,81,ROM,+,ț,t͡s̪,26,−,P͡F,D,,+,3,−,a,255.0,1.333333333,3.0
27,-CJ-,ˈV_V,2,81,ROM,−,∅,∅,,−,∅,Ɉ,-2,−,0,−,a,255.0,0.0,0.0
24,-CJ-,ˈV_V,1,81,SCN,+,zz,tt͡s,180,−,PP͡F,D,1,+,3.75,−,a,255.0,1.0,3.75
24,-CJ-,ˈV_V,2,81,SCN,−,∅,∅,,−,∅,Ɉ,-2,−,0,−,a,255.0,0.0,0.0
4,-CJ-,ˈV_V,1,81,VAL,+,ç/c,s̠,52,−,F,D,0.5,+,2,−,a,255.0,0.5,2.0
4,-CJ-,ˈV_V,2,81,VAL,−,∅,∅,,−,∅,Ɉ,-2,−,0,−,a,255.0,0.0,0.0
1,-GJ-,V_V,1,82,AMR ESP,−,∅,∅,,−,∅,Ɉ,-2,−,0,−,a,255.0,0.0,0.0
36,-GJ-,V_V,2,82,AMR ESP,+,y,ʝ,61,−,F,Ɉ,-2,−,2,+,b,0.0,-2.0,2.0
1,-GJ-,V_V,2,82,AMR ESP,+/−,i/∅,j~∅,151,−,W~∅,Ɉ,-2,−,,+/−,a,127.5,-2.0,0.166666667
36,-GJ-,V_V,1,82,AMR ESP,−,∅,∅,,−,∅,Ɉ,-2,−,0,−,b,255.0,0.0,0.0
35,-GJ-,V_V,2,82,AND ESP,+,y,ʝ,61,−,F,Ɉ,-2,−,2,+,a,0.0,-2.0,2.0
58,-GJ-,V_V,2,82,AND ESP,+/−,i/∅,j~∅,151,−,W~∅,Ɉ,-2,−,,+/−,b,127.5,-2.0,0.166666667
58,-GJ-,V_V,1,82,AND ESP,−,∅,∅,,−,∅,Ɉ,-2,−,0,−,b,255.0,0.0,0.0
35,-GJ-,V_V,1,82,AND ESP,−,∅,∅,,−,∅,Ɉ,-2,−,0,−,a,255.0,0.0,0.0
59,-GJ-,V_V,1,82,ARG,−,∅,∅,,−,∅,Ɉ,-2,−,0,−,b,255.0,0.0,0.0
37,-GJ-,V_V,2,82,ARG,+,y,ʝ,61,−,F,Ɉ,-2,−,2,+,a,0.0,-2.0,2.0
37,-GJ-,V_V,1,82,ARG,−,∅,∅,,−,∅,Ɉ,-2,−,0,−,a,255.0,0.0,0.0
59,-GJ-,V_V,2,82,ARG,+/−,i/∅,j~∅,151,−,W~∅,Ɉ,-2,−,,+/−,b,127.5,-2.0,0.166666667
45,-GJ-,V_V,1,82,ASL,−,∅,∅,,−,∅,Ɉ,-2,−,0,−,b,255.0,0.0,0.0
32,-GJ-,V_V,2,82,ASL,+,y/x,ʝ~ʃ,193,−,F,Ɉ,,−/+,2,+/−,a,127.5,-1.25,2.0
45,-GJ-,V_V,2,82,ASL,−,∅,∅,,−,∅,Ɉ,-2,−,0,−,b,255.0,0.0,0.0
32,-GJ-,V_V,1,82,ASL,−,∅,∅,,−,∅,Ɉ,-2,−,0,−,a,255.0,0.0,0.0
5,-GJ-,V_V,1,82,BAL,−,∅,∅,,−,∅,Ɉ,-2,−,0,−,a,255.0,0.0,0.0
40,-GJ-,V_V,1,82,BAL,−,∅,∅,,−,∅,Ɉ,-2,−,0,−,b,255.0,0.0,0.0
5,-GJ-,V_V,2,82,BAL,+,i,j,98,−,W,Ɉ,-2,−,,+,a,0.0,-2.0,0.333333333
40,-GJ-,V_V,2,82,BAL,+,j,ʒ,57,−,F,Ɉ,-0.5,+,2,+,b,0.0,-0.5,2.0
0,-GJ-,V_V,2,82,BR POR,+/−,i/∅,j~∅,151,−,W~∅,Ɉ,-2,−,,+/−,a,127.5,-2.0,0.166666667
30,-GJ-,V_V,2,82,BR POR,+,j,ʒ,57,−,F,Ɉ,-0.5,+,2,+,b,0.0,-0.5,2.0
0,-GJ-,V_V,1,82,BR POR,−,∅,∅,,−,∅,Ɉ,-2,−,0,−,a,255.0,0.0,0.0
30,-GJ-,V_V,1,82,BR POR,−,∅,∅,,−,∅,Ɉ,-2,−,0,−,b,255.0,0.0,0.0
56,-GJ-,V_V,2,82,CAS ESP,+/−,i/∅,j~∅,151,−,W~∅,Ɉ,-2,−,,+/−,b,127.5,-2.0,0.166666667
56,-GJ-,V_V,1,82,CAS ESP,−,∅,∅,,−,∅,Ɉ,-2,−,0,−,b,255.0,0.0,0.0
33,-GJ-,V_V,1,82,CAS ESP,−,∅,∅,,−,∅,Ɉ,-2,−,0,−,a,255.0,0.0,0.0
33,-GJ-,V_V,2,82,CAS ESP,+,y,ʝ,61,−,F,Ɉ,-2,−,2,+,a,0.0,-2.0,2.0
38,-GJ-,V_V,2,82,CAT,+,j,ʒ,57,−,F,Ɉ,-0.5,+,2,+,b,0.0,-0.5,2.0
3,-GJ-,V_V,2,82,CAT,+,i,j,98,−,W,Ɉ,-2,−,,+,a,0.0,-2.0,0.333333333
3,-GJ-,V_V,1,82,CAT,−,∅,∅,,−,∅,Ɉ,-2,−,0,−,a,255.0,0.0,0.0
38,-GJ-,V_V,1,82,CAT,−,∅,∅,,−,∅,Ɉ,-2,−,0,−,b,255.0,0.0,0.0
8,-GJ-,V_V,2,82,EU FRA,+,i/y,j,98,−,W,Ɉ,-2,−,,+,a,0.0,-2.0,0.333333333
8,-GJ-,V_V,1,82,EU FRA,−,∅,∅,,−,∅,Ɉ,-2,−,0,−,a,255.0,0.0,0.0
29,-GJ-,V_V,2,82,EU POR,+,j,ʒ,57,−,F,Ɉ,-0.5,+,2,+,b,0.0,-0.5,2.0
13,-GJ-,V_V,2,82,EU POR,+/−,i/∅,j~∅,151,−,W~∅,Ɉ,-2,−,,+/−,a,127.5,-2.0,0.166666667
13,-GJ-,V_V,1,82,EU POR,−,∅,∅,,−,∅,Ɉ,-2,−,0,−,a,255.0,0.0,0.0
29,-GJ-,V_V,1,82,EU POR,−,∅,∅,,−,∅,Ɉ,-2,−,0,−,b,255.0,0.0,0.0
31,-GJ-,V_V,1,82,GAL,−,∅,∅,,−,∅,Ɉ,-2,−,0,−,a,255.0,0.0,0.0
34,-GJ-,V_V,1,82,GAL,−,∅,∅,,−,∅,Ɉ,-2,−,0,−,b,255.0,0.0,0.0
34,-GJ-,V_V,2,82,GAL,+/−,i/∅,j~∅,151,−,W~∅,Ɉ,-2,−,,+/−,b,127.5,-2.0,0.166666667
31,-GJ-,V_V,2,82,GAL,+,x,ʃ,56,−,F,Ɉ,-0.5,+,2,−,a,255.0,-0.5,2.0
42,-GJ-,V_V,1,82,GAS OCC,−,∅,∅,,−,∅,Ɉ,-2,−,0,−,b,255.0,0.0,0.0
42,-GJ-,V_V,2,82,GAS OCC,+,g/j,ʒ,57,−,F,Ɉ,-0.5,+,2,+,b,0.0,-0.5,2.0
7,-GJ-,V_V,2,82,GAS OCC,+,i,j,98,−,W,Ɉ,-2,−,,+,a,0.0,-2.0,0.333333333
7,-GJ-,V_V,1,82,GAS OCC,−,∅,∅,,−,∅,Ɉ,-2,−,0,−,a,255.0,0.0,0.0
52,-GJ-,V_V,1,82,ITA,−,∅,∅,,−,∅,Ɉ,-2,−,0,−,b,255.0,0.0,0.0
20,-GJ-,V_V,2,82,ITA,−,∅,∅,,−,∅,Ɉ,-2,−,0,−,a,255.0,0.0,0.0
52,-GJ-,V_V,2,82,ITA,+,ggi,d̠d̠͡ʒ,187,−,PP͡F,Ɉ,-0.5,+,3.75,+,b,0.0,-0.5,3.75
20,-GJ-,V_V,1,82,ITA,+,zz,dd͡z,181,−,PP͡F,D,1,+,3.75,+,a,0.0,1.0,3.75
2,-GJ-,V_V,1,82,LAT,+,G,ɡ,20,−,P,K,-3,−,4,+,a,0.0,-3.0,4.0
2,-GJ-,V_V,2,82,LAT,+,I/E,j,98,−,W,Ɉ,-2,−,,+,a,0.0,-2.0,0.333333333
41,-GJ-,V_V,1,82,OCC,−,∅,∅,,−,∅,Ɉ,-2,−,0,−,b,255.0,0.0,0.0
6,-GJ-,V_V,1,82,OCC,−,∅,∅,,−,∅,Ɉ,-2,−,0,−,a,255.0,0.0,0.0
41,-GJ-,V_V,2,82,OCC,+,g/j,̠d̠͡ʒ (d͡z̠),194,−,P͡F,Ɉ (D),,+,3,+,b,0.0,-0.166666667,3.0
6,-GJ-,V_V,2,82,OCC,+,i,j,98,−,W,Ɉ,-2,−,,+,a,0.0,-2.0,0.333333333
9,-GJ-,V_V,2,82,QBC FRA,+,i/y,j,98,−,W,Ɉ,-2,−,,+,a,0.0,-2.0,0.333333333
9,-GJ-,V_V,1,82,QBC FRA,−,∅,∅,,−,∅,Ɉ,-2,−,0,−,a,255.0,0.0,0.0
27,-GJ-,V_V,1,82,ROM,−,∅,∅,,−,∅,Ɉ,-2,−,0,−,a,255.0,0.0,0.0
27,-GJ-,V_V,2,82,ROM,+/−,i/∅,j~∅,151,−,W~∅,Ɉ,-2,−,,+/−,a,127.5,-2.0,0.166666667
4,-GJ-,V_V,1,82,VAL,−,∅,∅,,−,∅,Ɉ,-2,−,0,−,a,255.0,0.0,0.0
39,-GJ-,V_V,2,82,VAL,+,j,d̠͡ʒ,35,−,P͡F,Ɉ,-0.5,+,3,+,b,0.0,-0.5,3.0
39,-GJ-,V_V,1,82,VAL,−,∅,∅,,−,∅,Ɉ,-2,−,0,−,b,255.0,0.0,0.0
4,-GJ-,V_V,2,82,VAL,+,i,j,98,−,W,Ɉ,-2,−,,+,a,0.0,-2.0,0.333333333
1,-VJ-,V_V,1,83,AMR ESP,+,b,β̞,91,−,W,B,3,−,0.5,+,a,0.0,3.0,0.5
1,-VJ-,V_V,2,83,AMR ESP,+,i,j,98,−,W,Ɉ,-2,−,,+,a,0.0,-2.0,0.333333333
35,-VJ-,V_V,2,83,AND ESP,+,i,j,98,−,W,Ɉ,-2,−,,+,a,0.0,-2.0,0.333333333
35,-VJ-,V_V,1,83,AND ESP,+,b,β̞,91,−,W,B,3,−,0.5,+,a,0.0,3.0,0.5
36,-VJ-,V_V,2,83,ARG,+,i,j,98,−,W,Ɉ,-2,−,,+,a,0.0,-2.0,0.333333333
33,-VJ-,V_V,2,83,ASL,+,i,j,98,−,W,Ɉ,-2,−,,+,a,0.0,-2.0,0.333333333
33,-VJ-,V_V,1,83,ASL,+,v,β̞,91,−,W,B,3,−,0.5,+,a,0.0,3.0,0.5
31,-VJ-,V_V,1,83,BAL,+,u,w,97,−,W,BK,0,−,,+,b,0.0,0.0,0.333333333
5,-VJ-,V_V,1,83,BAL,+,v,v,43,−,F,B,2.5,−,2,+,a,0.0,2.5,2.0
5,-VJ-,V_V,2,83,BAL,+/−,i,j~∅,151,−,W~∅,Ɉ,-2,−,,+/−,a,127.5,-2.0,0.166666667
31,-VJ-,V_V,2,83,BAL,+,j,ʒ,57,−,F,Ɉ,-0.5,+,2,+,b,0.0,-0.5,2.0
0,-VJ-,V_V,2,83,BR POR,+,v,v,43,−,F,B,2.5,−,2,+,a,0.0,2.5,2.0
0,-VJ-,V_V,1,83,BR POR,+/−,i/∅,j~∅,151,−,W~∅,Ɉ,-2,−,,+/−,a,127.5,-2.0,0.166666667
34,-VJ-,V_V,1,83,CAS ESP,+,b,β̞,91,−,W,B,3,−,0.5,+,a,0.0,3.0,0.5
34,-VJ-,V_V,2,83,CAS ESP,+,i,j,98,−,W,Ɉ,-2,−,,+,a,0.0,-2.0,0.333333333
29,-VJ-,V_V,1,83,CAT,+,u,w,97,−,W,BK,0,−,,+,b,0.0,0.0,0.333333333
3,-VJ-,V_V,1,83,CAT,+,v,β~β̞,166,−,F~W,B,3,−,,+,a,0.0,3.0,1.25
29,-VJ-,V_V,2,83,CAT,+,j,ʒ,57,−,F,Ɉ,-0.5,+,2,+,b,0.0,-0.5,2.0
3,-VJ-,V_V,2,83,CAT,+/−,i,j~∅,151,−,W~∅,Ɉ,-2,−,,+/−,a,127.5,-2.0,0.166666667
8,-VJ-,V_V,1,83,EU FRA,−,∅,∅,,−,∅,B,2.5,−,0,−,a,255.0,0.0,0.0
8,-VJ-,V_V,2,83,EU FRA,+,ge,ʒ,57,−,F,Ɉ,-0.5,+,2,+,a,0.0,-0.5,2.0
13,-VJ-,V_V,1,83,EU POR,+/−,i/∅,j~∅,151,−,W~∅,Ɉ,-2,−,,+/−,a,127.5,-2.0,0.166666667
13,-VJ-,V_V,2,83,EU POR,+,v,v (β),262,−,F,B,,−,2,+,a,0.0,2.625,2.0
32,-VJ-,V_V,2,83,GAL,+,i,j,98,−,W,Ɉ,-2,−,,+,a,0.0,-2.0,0.333333333
32,-VJ-,V_V,1,83,GAL,+,v/b,β̞,91,−,W,B,3,−,0.5,+,a,0.0,3.0,0.5
20,-VJ-,V_V,1,83,ITA,+,bb,bb,196,−,PP,B,3,−,5,+,a,0.0,3.0,5.0
20,-VJ-,V_V,2,83,ITA,+,i,j,98,−,W,Ɉ,-2,−,,+,a,0.0,-2.0,0.333333333
2,-VJ-,V_V,2,83,LAT,+,I/E,j,98,−,W,Ɉ,-2,−,,+,a,0.0,-2.0,0.333333333
2,-VJ-,V_V,1,83,LAT,+,V,w~β,260,−,W~F,BK~B,,−,,+,a,0.0,1.5,1.25
9,-VJ-,V_V,2,83,QBC FRA,+,ge,ʒ,57,−,F,Ɉ,-0.5,+,2,+,a,0.0,-0.5,2.0
9,-VJ-,V_V,1,83,QBC FRA,−,∅,∅,,−,∅,B,2.5,−,0,−,a,255.0,0.0,0.0
27,-VJ-,V_V,1,83,ROM,+,i,j,98,−,W,Ɉ,-2,−,,+,a,0.0,-2.0,0.333333333
27,-VJ-,V_V,2,83,ROM,+,b,b,2,−,P,B,3,−,4,+,a,0.0,3.0,4.0
4,-VJ-,V_V,1,83,VAL,+,v,v~β̞,167,−,F~W,B,,−,,+,a,0.0,2.75,1.25
4,-VJ-,V_V,2,83,VAL,+/−,i,j~∅,151,−,W~∅,Ɉ,-2,−,,+/−,a,127.5,-2.0,0.166666667
30,-VJ-,V_V,1,83,VAL,+,u,w,97,−,W,BK,0,−,,+,b,0.0,0.0,0.333333333
30,-VJ-,V_V,2,83,VAL,+,j,d̠͡ʒ,35,−,P͡F,Ɉ,-0.5,+,3,+,b,0.0,-0.5,3.0
1,-FJ-,V_V,1,83.5,AMR ESP,+,f,f,42,−,F,B,2.5,−,2,−,a,255.0,2.5,2.0
1,-FJ-,V_V,2,83.5,AMR ESP,+,i,j,98,−,W,Ɉ,-2,−,,+,a,0.0,-2.0,0.333333333
31,-FJ-,V_V,2,83.5,AND ESP,+,i,j,98,−,W,Ɉ,-2,−,,+,a,0.0,-2.0,0.333333333
31,-FJ-,V_V,1,83.5,AND ESP,+,f,f,42,−,F,B,2.5,−,2,−,a,255.0,2.5,2.0
5,-FJ-,V_V,2,83.5,BAL,+/−,i,j~∅,151,−,W~∅,Ɉ,-2,−,,+/−,a,127.5,-2.0,0.166666667
5,-FJ-,V_V,1,83.5,BAL,+,f,f,42,−,F,B,2.5,−,2,−,a,255.0,2.5,2.0
0,-FJ-,V_V,1,83.5,BR POR,+,i,j,98,−,W,Ɉ,-2,−,,+,a,0.0,-2.0,0.333333333
0,-FJ-,V_V,2,83.5,BR POR,+,f,f,42,−,F,B,2.5,−,2,−,a,255.0,2.5,2.0
30,-FJ-,V_V,2,83.5,CAS ESP,+,i,j,98,−,W,Ɉ,-2,−,,+,a,0.0,-2.0,0.333333333
30,-FJ-,V_V,1,83.5,CAS ESP,+,f,f,42,−,F,B,2.5,−,2,−,a,255.0,2.5,2.0
3,-FJ-,V_V,1,83.5,CAT,+,f,f,42,−,F,B,2.5,−,2,−,a,255.0,2.5,2.0
3,-FJ-,V_V,2,83.5,CAT,+/−,i,j~∅,151,−,W~∅,Ɉ,-2,−,,+/−,a,127.5,-2.0,0.166666667
8,-FJ-,V_V,1,83.5,EU FRA,+,f,f,42,−,F,B,2.5,−,2,−,a,255.0,2.5,2.0
8,-FJ-,V_V,2,83.5,EU FRA,+/−,i,j~∅,151,−,W~∅,Ɉ,-2,−,,+/−,a,127.5,-2.0,0.166666667
13,-FJ-,V_V,1,83.5,EU POR,+,i,j,98,−,W,Ɉ,-2,−,,+,a,0.0,-2.0,0.333333333
13,-FJ-,V_V,2,83.5,EU POR,+,f,f,42,−,F,B,2.5,−,2,−,a,255.0,2.5,2.0
28,-FJ-,V_V,1,83.5,GAL,+,f,f,42,−,F,B,2.5,−,2,−,a,255.0,2.5,2.0
28,-FJ-,V_V,2,83.5,GAL,+,i,j,98,−,W,Ɉ,-2,−,,+,a,0.0,-2.0,0.333333333
7,-FJ-,V_V,1,83.5,GAS OCC,+,f,f,42,−,F,B,2.5,−,2,−,a,255.0,2.5,2.0
7,-FJ-,V_V,2,83.5,GAS OCC,+,i,j,98,−,W,Ɉ,-2,−,,+,a,0.0,-2.0,0.333333333
20,-FJ-,V_V,1,83.5,ITA,+,ff,ff,208,−,FF,B,2.5,−,2.5,−,a,255.0,2.5,2.5
20,-FJ-,V_V,2,83.5,ITA,+,i,j,98,−,W,Ɉ,-2,−,,+,a,0.0,-2.0,0.333333333
2,-FJ-,V_V,1,83.5,LAT,+,F,ɸ~f,114,−,F,B,2.75,−,2,−,a,255.0,2.75,2.0
2,-FJ-,V_V,2,83.5,LAT,+,I/E,j,98,−,W,Ɉ,-2,−,,+,a,0.0,-2.0,0.333333333
6,-FJ-,V_V,2,83.5,OCC,+,i,j,98,−,W,Ɉ,-2,−,,+,a,0.0,-2.0,0.333333333
6,-FJ-,V_V,1,83.5,OCC,+,f,f,42,−,F,B,2.5,−,2,−,a,255.0,2.5,2.0
9,-FJ-,V_V,2,83.5,QBC FRA,+/−,i,j~∅,151,−,W~∅,Ɉ,-2,−,,+/−,a,127.5,-2.0,0.166666667
9,-FJ-,V_V,1,83.5,QBC FRA,+,f,f,42,−,F,B,2.5,−,2,−,a,255.0,2.5,2.0
27,-FJ-,V_V,1,83.5,ROM,+,i,j,98,−,W,Ɉ,-2,−,,+,a,0.0,-2.0,0.333333333
27,-FJ-,V_V,2,83.5,ROM,+,f,f,42,−,F,B,2.5,−,2,−,a,255.0,2.5,2.0
4,-FJ-,V_V,1,83.5,VAL,+,f,f,42,−,F,B,2.5,−,2,−,a,255.0,2.5,2.0
4,-FJ-,V_V,2,83.5,VAL,+/−,i,j~∅,151,−,W~∅,Ɉ,-2,−,,+/−,a,127.5,-2.0,0.166666667
21,-SJ-,V_V,2,84,ABR,−,∅,∅,,−,∅,Ɉ,-2,−,0,−,a,255.0,0.0,0.0
21,-SJ-,V_V,1,84,ABR,+,sci,ʃ,56,−,F,Ɉ,-0.5,+,2,−,a,255.0,-0.5,2.0
1,-SJ-,V_V,1,84,AMR ESP,−,∅,∅,,−,∅,Ɉ,-2,−,0,−,a,255.0,0.0,0.0
1,-SJ-,V_V,2,84,AMR ESP,+,s/z,s,50,−,F,D,1,+,2,−,a,255.0,1.0,2.0
35,-SJ-,V_V,2,84,AND ESP,+,s/z,s̟,46,−,F,D,,+,2,−,a,255.0,1.666666667,2.0
35,-SJ-,V_V,1,84,AND ESP,−,∅,∅,,−,∅,Ɉ,-2,−,0,−,a,255.0,0.0,0.0
26,-SJ-,V_V,1,84,ARO,+,sh,ʃ,56,−,F,Ɉ,-0.5,+,2,−,a,255.0,-0.5,2.0
26,-SJ-,V_V,2,84,ARO,−,∅,∅,,−,∅,Ɉ,-2,−,0,−,a,255.0,0.0,0.0
5,-SJ-,V_V,1,84,BAL,−,∅,∅,,−,∅,Ɉ,-2,−,0,−,a,255.0,0.0,0.0
5,-SJ-,V_V,2,84,BAL,+,s,z̠,53,−,F,D,0.5,+,2,+,a,0.0,0.5,2.0
30,-SJ-,V_V,1,84,BR POR,−,∅,∅,,−,∅,Ɉ,-2,−,0,−,b,255.0,0.0,0.0
0,-SJ-,V_V,2,84,BR POR,+,j,ʒ,57,−,F,Ɉ,-0.5,+,2,+,a,0.0,-0.5,2.0
30,-SJ-,V_V,2,84,BR POR,+,s/z,z,51,−,F,D,1,+,2,+,b,0.0,1.0,2.0
0,-SJ-,V_V,1,84,BR POR,+,i,j,98,−,W,Ɉ,-2,−,,+,a,0.0,-2.0,0.333333333
22,-SJ-,V_V,1,84,CAM,+,s,s,50,−,F,D,1,+,2,−,a,255.0,1.0,2.0
22,-SJ-,V_V,2,84,CAM,−,∅,∅,,−,∅,Ɉ,-2,−,0,−,a,255.0,0.0,0.0
34,-SJ-,V_V,1,84,CAS ESP,−,∅,∅,,−,∅,Ɉ,-2,−,0,−,a,255.0,0.0,0.0
34,-SJ-,V_V,2,84,CAS ESP,+,s/z,s̠~θ,104,−,F,D,,+/−,2,−,a,255.0,1.25,2.0
3,-SJ-,V_V,1,84,CAT,−,∅,∅,,−,∅,Ɉ,-2,−,0,−,a,255.0,0.0,0.0
3,-SJ-,V_V,2,84,CAT,+,s,z̠,53,−,F,D,0.5,+,2,+,a,0.0,0.5,2.0
8,-SJ-,V_V,1,84,EU FRA,−,∅,∅,,−,∅,Ɉ,-2,−,0,−,a,255.0,0.0,0.0
8,-SJ-,V_V,2,84,EU FRA,+,s,z̪,49,−,F,D,,+,2,+,a,0.0,1.333333333,2.0
29,-SJ-,V_V,2,84,EU POR,+,s/z,z (z̠),119,−,F,D,0.875,+,2,+,b,0.0,0.875,2.0
13,-SJ-,V_V,1,84,EU POR,+,i,j,98,−,W,Ɉ,-2,−,,+,a,0.0,-2.0,0.333333333
29,-SJ-,V_V,1,84,EU POR,−,∅,∅,,−,∅,Ɉ,-2,−,0,−,b,255.0,0.0,0.0
13,-SJ-,V_V,2,84,EU POR,+,j,ʒ,57,−,F,Ɉ,-0.5,+,2,+,a,0.0,-0.5,2.0
32,-SJ-,V_V,1,84,GAL,+,i,j,98,−,W,Ɉ,-2,−,,+,b,0.0,-2.0,0.333333333
31,-SJ-,V_V,1,84,GAL,−,∅,∅,,−,∅,Ɉ,-2,−,0,−,a,255.0,0.0,0.0
31,-SJ-,V_V,2,84,GAL,+,s,s̠,122,−,F,D,,+,2,−,a,255.0,0.5,2.0
32,-SJ-,V_V,2,84,GAL,+,x,ʃ,56,−,F,Ɉ,-0.5,+,2,−,b,255.0,-0.5,2.0
20,-SJ-,V_V,2,84,ITA,−,∅,∅,,−,∅,Ɉ,-2,−,0,−,a,255.0,0.0,0.0
20,-SJ-,V_V,1,84,ITA,+,ci/gi,ʃ~d̠͡ʒ,263,−,F~P͡F,Ɉ,-0.5,+,,+/−,a,127.5,-0.5,2.5
2,-SJ-,V_V,2,84,LAT,+,I/E,j,98,−,W,Ɉ,-2,−,,+,a,0.0,-2.0,0.333333333
2,-SJ-,V_V,1,84,LAT,+,S,s̠,52,−,F,D,0.5,+,2,−,a,255.0,0.5,2.0
23,-SJ-,V_V,2,84,PGL,−,∅,∅,,−,∅,Ɉ,-2,−,0,−,a,255.0,0.0,0.0
23,-SJ-,V_V,1,84,PGL,+,s,s,50,−,F,D,1,+,2,−,a,255.0,1.0,2.0
9,-SJ-,V_V,1,84,QBC FRA,−,∅,∅,,−,∅,Ɉ,-2,−,0,−,a,255.0,0.0,0.0
9,-SJ-,V_V,2,84,QBC FRA,+,s,z̪,49,−,F,D,,+,2,+,a,0.0,1.333333333,2.0
27,-SJ-,V_V,1,84,ROM,+,ș,ʃ,56,−,F,Ɉ,-0.5,+,2,−,a,255.0,-0.5,2.0
27,-SJ-,V_V,2,84,ROM,−,∅,∅,,−,∅,Ɉ,-2,−,0,−,a,255.0,0.0,0.0
24,-SJ-,V_V,2,84,SCN,−,∅,∅,,−,∅,Ɉ,-2,−,0,−,a,255.0,0.0,0.0
24,-SJ-,V_V,1,84,SCN,+,s,s,50,−,F,D,1,+,2,−,a,255.0,1.0,2.0
4,-SJ-,V_V,2,84,VAL,+,s,z̠,53,−,F,D,0.5,+,2,+,a,0.0,0.5,2.0
4,-SJ-,V_V,1,84,VAL,−,∅,∅,,−,∅,Ɉ,-2,−,0,−,a,255.0,0.0,0.0
1,-MJ-,V_V,1,85,AMR ESP,+,m,m,70,−,N,B,3,−,1.5,+,a,0.0,3.0,1.5
1,-MJ-,V_V,2,85,AMR ESP,+,i,j,98,−,W,Ɉ,-2,−,,+,a,0.0,-2.0,0.333333333
31,-MJ-,V_V,2,85,AND ESP,+,i,j,98,−,W,Ɉ,-2,−,,+,a,0.0,-2.0,0.333333333
31,-MJ-,V_V,1,85,AND ESP,+,m,m,70,−,N,B,3,−,1.5,+,a,0.0,3.0,1.5
5,-MJ-,V_V,2,85,BAL,+,i,j~∅,151,−,W~∅,Ɉ,-2,−,,+/−,a,127.5,-2.0,0.166666667
5,-MJ-,V_V,1,85,BAL,+,m,m,70,−,N,B,3,−,1.5,+,a,0.0,3.0,1.5
0,-MJ-,V_V,1,85,BR POR,+,i/∅,j~∅,151,−,W~∅,Ɉ,-2,−,,+/−,a,127.5,-2.0,0.166666667
0,-MJ-,V_V,2,85,BR POR,+,m,m,70,−,N,B,3,−,1.5,+,a,0.0,3.0,1.5
30,-MJ-,V_V,2,85,CAS ESP,+,i,j,98,−,W,Ɉ,-2,−,,+,a,0.0,-2.0,0.333333333
30,-MJ-,V_V,1,85,CAS ESP,+,m,m,70,−,N,B,3,−,1.5,+,a,0.0,3.0,1.5
3,-MJ-,V_V,1,85,CAT,+,m,m,70,−,N,B,3,−,1.5,+,a,0.0,3.0,1.5
3,-MJ-,V_V,2,85,CAT,+,i,j~∅,151,−,W~∅,Ɉ,-2,−,,+/−,a,127.5,-2.0,0.166666667
8,-MJ-,V_V,1,85,EU FRA,−,n,◌̃,191,−,N~∅,D,0.75,−,0.75,+,a,0.0,0.75,0.75
8,-MJ-,V_V,2,85,EU FRA,+,ge,ʒ,57,−,F,Ɉ,-0.5,+,2,+,a,0.0,-0.5,2.0
13,-MJ-,V_V,1,85,EU POR,+,i/∅,j~∅,151,−,W~∅,Ɉ,-2,−,,+/−,a,127.5,-2.0,0.166666667
13,-MJ-,V_V,2,85,EU POR,+,m,m,70,−,N,B,3,−,1.5,+,a,0.0,3.0,1.5
20,-MJ-,V_V,1,85,ITA,+,mm,mm,229,−,NN,B,3,−,,+,a,0.0,3.0,1.875
20,-MJ-,V_V,2,85,ITA,+,i,j,98,−,W,Ɉ,-2,−,,+,a,0.0,-2.0,0.333333333
2,-MJ-,V_V,1,85,LAT,+,M,m,70,−,N,B,3,−,1.5,+,a,0.0,3.0,1.5
2,-MJ-,V_V,2,85,LAT,+,I/E,j,98,−,W,Ɉ,-2,−,,+,a,0.0,-2.0,0.333333333
27,-MJ-,V_V,1,85,ROM,+,i,j,98,−,W,Ɉ,-2,−,,+,a,0.0,-2.0,0.333333333
27,-MJ-,V_V,2,85,ROM,+,m,m,70,−,N,B,3,−,1.5,+,a,0.0,3.0,1.5
4,-MJ-,V_V,1,85,VAL,+,m,m,70,−,N,B,3,−,1.5,+,a,0.0,3.0,1.5
4,-MJ-,V_V,2,85,VAL,+,i,j~∅,151,−,W~∅,Ɉ,-2,−,,+/−,a,127.5,-2.0,0.166666667
1,-NJ-,V_V,1,86,AMR ESP,+,ñ,n̪ʲ~ȵ,266,−,N,DɈ~Ɉ,,−,1.5,+,a,0.0,0.75,1.5
1,-NJ-,V_V,2,86,AMR ESP,−,∅,∅,,−,∅,Ɉ,-2,−,0,−,a,255.0,0.0,0.0
34,-NJ-,V_V,2,86,AND ESP,−,∅,∅,,−,∅,Ɉ,-2,−,0,−,a,255.0,0.0,0.0
34,-NJ-,V_V,1,86,AND ESP,+,ñ,n̪ʲ~ȵ,266,−,N,DɈ~Ɉ,,−,1.5,+,a,0.0,0.75,1.5
26,-NJ-,V_V,2,86,ARO,−,∅,∅,,−,∅,Ɉ,-2,−,0,−,a,255.0,0.0,0.0
26,-NJ-,V_V,1,86,ARO,+,nj,ɲ,76,−,N,Ɉ,-2,−,1.5,+,a,0.0,-2.0,1.5
5,-NJ-,V_V,2,86,BAL,−,∅,∅,,−,∅,Ɉ,-2,−,0,−,a,255.0,0.0,0.0
5,-NJ-,V_V,1,86,BAL,+,ny,ȵ~ɲ,265,−,N,Ɉ,-1,−,1.5,+,a,0.0,-1.0,1.5
0,-NJ-,V_V,1,86,BR POR,−,∅,◌̃,191,−,N~∅,D,0.75,−,0.75,+,a,0.0,0.75,0.75
0,-NJ-,V_V,2,86,BR POR,+,nh,j̃,264,−,NW,Ɉ,-2,−,,+,a,0.0,-2.0,0.916666667
33,-NJ-,V_V,2,86,CAS ESP,−,∅,∅,,−,∅,Ɉ,-2,−,0,−,a,255.0,0.0,0.0
33,-NJ-,V_V,1,86,CAS ESP,+,ñ,n̪ʲ~ȵ,266,−,N,DɈ~Ɉ,,−,1.5,+,a,0.0,0.75,1.5
3,-NJ-,V_V,1,86,CAT,+,ny,ȵ~ɲ,265,−,N,Ɉ,-1,−,1.5,+,a,0.0,-1.0,1.5
3,-NJ-,V_V,2,86,CAT,−,∅,∅,,−,∅,Ɉ,-2,−,0,−,a,255.0,0.0,0.0
8,-NJ-,V_V,1,86,EU FRA,+,gn,ȵ~ɲ,265,−,N,Ɉ,-1,−,1.5,+,a,0.0,-1.0,1.5
29,-NJ-,V_V,2,86,EU FRA,+,ge,ʒ,57,−,F,Ɉ,-0.5,+,2,+,b,0.0,-0.5,2.0
8,-NJ-,V_V,2,86,EU FRA,−,∅,∅,,−,∅,Ɉ,-2,−,0,−,a,255.0,0.0,0.0
29,-NJ-,V_V,1,86,EU FRA,−,n,◌̃,191,−,N~∅,D,0.75,−,0.75,+,b,0.0,0.75,0.75
13,-NJ-,V_V,1,86,EU POR,+,nh,n̪ʲ~ȵ,266,−,N,DɈ~Ɉ,,−,1.5,+,a,0.0,0.75,1.5
13,-NJ-,V_V,2,86,EU POR,−,∅,∅,,−,∅,Ɉ,-2,−,0,−,a,255.0,0.0,0.0
16,-NJ-,V_V,1,86,FUR,+,,ȵ,74,−,N,Ɉ,0,−,1.5,+,a,0.0,0.0,1.5
7,-NJ-,V_V,2,86,GAS OCC,−,∅,∅,,−,∅,Ɉ,-2,−,0,−,a,255.0,0.0,0.0
7,-NJ-,V_V,1,86,GAS OCC,+,nh,n̪ʲ~ȵ,266,−,N,DɈ~Ɉ,,−,1.5,+,a,0.0,0.75,1.5
20,-NJ-,V_V,2,86,ITA,−,∅,∅,,−,∅,Ɉ,-2,−,0,−,a,255.0,0.0,0.0
20,-NJ-,V_V,1,86,ITA,+,gn,n̪ʲː~ȵȵ,267,−,NN,DɈ~Ɉ,,−,,+,a,0.0,0.75,1.875
2,-NJ-,V_V,1,86,LAT,+,N,n,73,−,N,D,0.75,−,1.5,+,a,0.0,0.75,1.5
2,-NJ-,V_V,2,86,LAT,+,I/E,j,98,−,W,Ɉ,-2,−,,+,a,0.0,-2.0,0.333333333
6,-NJ-,V_V,2,86,OCC,−,∅,∅,,−,∅,Ɉ,-2,−,0,−,a,255.0,0.0,0.0
6,-NJ-,V_V,1,86,OCC,+,nh,n̪ʲ~ȵ,266,−,N,DɈ~Ɉ,,−,1.5,+,a,0.0,0.75,1.5
9,-NJ-,V_V,2,86,QBC FRA,−,∅,∅,,−,∅,Ɉ,-2,−,0,−,a,255.0,0.0,0.0
9,-NJ-,V_V,1,86,QBC FRA,+,gn,ȵ~ɲ,265,−,N,Ɉ,-1,−,1.5,+,a,0.0,-1.0,1.5
30,-NJ-,V_V,2,86,QBC FRA,+,ge,ʒ,57,−,F,Ɉ,-0.5,+,2,+,b,0.0,-0.5,2.0
30,-NJ-,V_V,1,86,QBC FRA,−,n,◌̃,191,−,N~∅,D,0.75,−,0.75,+,b,0.0,0.75,0.75
15,-NJ-,V_V,1,86,RMH,+,,ȵ,74,−,N,Ɉ,0,−,1.5,+,a,0.0,0.0,1.5
27,-NJ-,V_V,2,86,ROM,+,i/∅,j~∅,151,−,W~∅,Ɉ,-2,−,,+/−,a,127.5,-2.0,0.166666667
27,-NJ-,V_V,1,86,ROM,−,∅,∅,,−,∅,Ɉ,-1,−,0,−,a,255.0,0.0,0.0
4,-NJ-,V_V,1,86,VAL,+,ny,ȵ~ɲ,265,−,N,Ɉ,-1,−,1.5,+,a,0.0,-1.0,1.5
4,-NJ-,V_V,2,86,VAL,−,∅,∅,,−,∅,Ɉ,-2,−,0,−,a,255.0,0.0,0.0
21,-RJ-,V_V,2,87,ABR,−,∅,∅,,−,∅,Ɉ,-2,−,0,−,a,255.0,0.0,0.0
21,-RJ-,V_V,1,87,ABR,+,r,ɾ,83,−,L,D,0.75,−,1,+,a,0.0,0.75,1.0
1,-RJ-,V_V,1,87,AMR ESP,−,∅,∅,,−,∅,Ɉ,-2,−,0,−,a,255.0,0.0,0.0
1,-RJ-,V_V,2,87,AMR ESP,+,r,ɾ,83,−,L,D,0.75,−,1,+,a,0.0,0.75,1.0
31,-RJ-,V_V,2,87,AND ESP,+,r,ɾ,83,−,L,D,0.75,−,1,+,a,0.0,0.75,1.0
31,-RJ-,V_V,1,87,AND ESP,−,∅,∅,,−,∅,Ɉ,-2,−,0,−,a,255.0,0.0,0.0
5,-RJ-,V_V,2,87,BAL,+,r,ɾ,83,−,L,D,0.75,−,1,+,a,0.0,0.75,1.0
5,-RJ-,V_V,1,87,BAL,−,∅,∅,,−,∅,Ɉ,-2,−,0,−,a,255.0,0.0,0.0
0,-RJ-,V_V,1,87,BR POR,+,i,j,98,−,W,Ɉ,-2,−,,+,a,0.0,-2.0,0.333333333
0,-RJ-,V_V,2,87,BR POR,+,r,ɾ,83,−,L,D,0.75,−,1,+,a,0.0,0.75,1.0
22,-RJ-,V_V,2,87,CAM,−,∅,∅,,−,∅,Ɉ,-2,−,0,−,a,255.0,0.0,0.0
22,-RJ-,V_V,1,87,CAM,+,r,ɾ,83,−,L,D,0.75,−,1,+,a,0.0,0.75,1.0
30,-RJ-,V_V,2,87,CAS ESP,+,r,ɾ,83,−,L,D,0.75,−,1,+,a,0.0,0.75,1.0
30,-RJ-,V_V,1,87,CAS ESP,−,∅,∅,,−,∅,Ɉ,-2,−,0,−,a,255.0,0.0,0.0
3,-RJ-,V_V,1,87,CAT,−,∅,∅,,−,∅,Ɉ,-2,−,0,−,a,255.0,0.0,0.0
3,-RJ-,V_V,2,87,CAT,+,r,ɾ,83,−,L,D,0.75,−,1,+,a,0.0,0.75,1.0
8,-RJ-,V_V,1,87,EU FRA,−,∅,∅,,−,∅,Ɉ,-2,−,0,−,a,255.0,0.0,0.0
8,-RJ-,V_V,2,87,EU FRA,+,r,ʁ (ʀ),142,−,F (L),Q,-4,−,1.75,+,a,0.0,-4.0,1.75
13,-RJ-,V_V,1,87,EU POR,+,i,j,98,−,W,Ɉ,-2,−,,+,a,0.0,-2.0,0.333333333
13,-RJ-,V_V,2,87,EU POR,+,r,ɾ,83,−,L,D,0.75,−,1,+,a,0.0,0.75,1.0
28,-RJ-,V_V,1,87,GAL,+,i,j,98,−,W,Ɉ,-2,−,,+,a,0.0,-2.0,0.333333333
28,-RJ-,V_V,2,87,GAL,+,r,ɾ,83,−,L,D,0.75,−,1,+,a,0.0,0.75,1.0
20,-RJ-,V_V,1,87,ITA,−,∅,∅,,−,∅,D,0.75,−,0,−,a,255.0,0.0,0.0
20,-RJ-,V_V,2,87,ITA,+,i,j,98,−,W,Ɉ,-2,−,,+,a,0.0,-2.0,0.333333333
2,-RJ-,V_V,1,87,LAT,+,R,ɾ,83,−,L,D,0.75,−,1,+,a,0.0,0.75,1.0
2,-RJ-,V_V,2,87,LAT,+,I/E,j,98,−,W,Ɉ,-2,−,,+,a,0.0,-2.0,0.333333333
23,-RJ-,V_V,1,87,PGL,+,r,ɾ,83,−,L,D,0.75,−,1,+,a,0.0,0.75,1.0
23,-RJ-,V_V,2,87,PGL,−,∅,∅,,−,∅,Ɉ,-2,−,0,−,a,255.0,0.0,0.0
9,-RJ-,V_V,2,87,QBC FRA,+,r,ʁ (ʀ),142,−,F (L),Q,-4,−,1.75,+,a,0.0,-4.0,1.75
9,-RJ-,V_V,1,87,QBC FRA,−,∅,∅,,−,∅,Ɉ,-2,−,0,−,a,255.0,0.0,0.0
27,-RJ-,V_V,1,87,ROM,+,r,ɾ̪,82,−,L,D,,−,1,+,a,0.0,1.666666667,1.0
27,-RJ-,V_V,2,87,ROM,−,∅,∅,,−,∅,Ɉ,-2,−,0,−,a,255.0,0.0,0.0
24,-RJ-,V_V,1,87,SCN,+,r,ɾ,83,−,L,D,0.75,−,1,+,a,0.0,0.75,1.0
24,-RJ-,V_V,2,87,SCN,−,∅,∅,,−,∅,Ɉ,-2,−,0,−,a,255.0,0.0,0.0
4,-RJ-,V_V,1,87,VAL,−,∅,∅,,−,∅,Ɉ,-2,−,0,−,a,255.0,0.0,0.0
4,-RJ-,V_V,2,87,VAL,+,r,ɾ,83,−,L,D,0.75,−,1,+,a,0.0,0.75,1.0
1,-LJ-,i_V,1,88,AMR ESP,+,j,h,68,−,F,H,-6,−,2,+,a,0.0,-6.0,2.0
1,-LJ-,i_V,2,88,AMR ESP,−,∅,∅,,−,∅,Ɉ,-2,−,0,−,a,255.0,0.0,0.0
31,-LJ-,i_V,2,88,AND ESP,−,∅,∅,,−,∅,Ɉ,-2,−,0,−,a,255.0,0.0,0.0
31,-LJ-,i_V,1,88,AND ESP,+,j,h,68,−,F,H,-6,−,2,+,a,0.0,-6.0,2.0
5,-LJ-,i_V,2,88,BAL,−,∅,∅,,−,∅,Ɉ,-2,−,0,−,a,255.0,0.0,0.0
5,-LJ-,i_V,1,88,BAL,+,ll,j,98,−,W,Ɉ,-2,−,,+,a,0.0,-2.0,0.333333333
0,-LJ-,i_V,1,88,BR POR,+,lh,ȴ [ʎ̟],86,+,LW,Ɉ,0,−,0.75,+,a,0.0,0.0,0.75
0,-LJ-,i_V,2,88,BR POR,−,∅,∅,,−,∅,Ɉ,-2,−,0,−,a,255.0,0.0,0.0
22,-LJ-,i_V,2,88,CAM,−,∅,∅,,−,∅,Ɉ,-2,−,0,−,a,255.0,0.0,0.0
22,-LJ-,i_V,1,88,CAM,+,gli,ȴȴ [ʎ̟ʎ̟],244,+,LLWW,Ɉ,0,−,,+,a,0.0,0.0,0.9375
30,-LJ-,i_V,2,88,CAS ESP,−,∅,∅,,−,∅,Ɉ,-2,−,0,−,a,255.0,0.0,0.0
30,-LJ-,i_V,1,88,CAS ESP,+,j,x,63,−,F,K,-3,−,2,−,a,255.0,-3.0,2.0
3,-LJ-,i_V,1,88,CAT,+,ll,ȴ [ʎ̟],86,+,LW,Ɉ,0,−,0.75,+,a,0.0,0.0,0.75
3,-LJ-,i_V,2,88,CAT,−,∅,∅,,−,∅,Ɉ,-2,−,0,−,a,255.0,0.0,0.0
8,-LJ-,i_V,1,88,EU FRA,−,∅,∅,,−,∅,Ɉ,-2,−,0,−,a,255.0,0.0,0.0
8,-LJ-,i_V,2,88,EU FRA,+,ll,j,98,−,W,Ɉ,-2,−,,+,a,0.0,-2.0,0.333333333
13,-LJ-,i_V,1,88,EU POR,+,lh,ȴ [ʎ̟],86,+,LW,Ɉ,0,−,0.75,+,a,0.0,0.0,0.75
13,-LJ-,i_V,2,88,EU POR,−,∅,∅,,−,∅,Ɉ,-2,−,0,−,a,255.0,0.0,0.0
20,-LJ-,i_V,1,88,ITA,+,gli,ȴȴ [ʎ̟ʎ̟],244,+,LLWW,Ɉ,0,−,,+,a,0.0,0.0,0.9375
20,-LJ-,i_V,2,88,ITA,−,∅,∅,,−,∅,Ɉ,-2,−,0,−,a,255.0,0.0,0.0
2,-LJ-,i_V,1,88,LAT,+,L,l̪ʲ,139,+,LW,Ɉ,,−,0.75,+,a,0.0,-0.166666667,0.75
2,-LJ-,i_V,2,88,LAT,+,I/E,j,98,−,W,Ɉ,-2,−,,+,a,0.0,-2.0,0.333333333
9,-LJ-,i_V,2,88,QBC FRA,+,ll,j,98,−,W,Ɉ,-2,−,,+,a,0.0,-2.0,0.333333333
9,-LJ-,i_V,1,88,QBC FRA,−,∅,∅,,−,∅,Ɉ,-2,−,0,−,a,255.0,0.0,0.0
27,-LJ-,i_V,1,88,ROM,−,∅,∅,,−,∅,Ɉ,-2,−,0,−,a,255.0,0.0,0.0
27,-LJ-,i_V,2,88,ROM,+,i/∅,j~∅,151,−,W~∅,Ɉ,-2,−,,+/−,a,127.5,-2.0,0.166666667
4,-LJ-,i_V,1,88,VAL,+,ll,ȴ [ʎ̟],86,+,LW,Ɉ,0,−,0.75,+,a,0.0,0.0,0.75
4,-LJ-,i_V,2,88,VAL,−,∅,∅,,−,∅,Ɉ,-2,−,0,−,a,255.0,0.0,0.0
1,-LJ-,"{a,e,o,u}_V",1,89,AMR ESP,+,j,h,68,−,F,H,-6,−,2,+,a,0.0,-6.0,2.0
1,-LJ-,"{a,e,o,u}_V",2,89,AMR ESP,−,∅,∅,,−,∅,Ɉ,-2,−,0,−,a,255.0,0.0,0.0
31,-LJ-,"{a,e,o,u}_V",2,89,AND ESP,−,∅,∅,,−,∅,Ɉ,-2,−,0,−,a,255.0,0.0,0.0
31,-LJ-,"{a,e,o,u}_V",1,89,AND ESP,+,j,h,68,−,F,H,-6,−,2,+,a,0.0,-6.0,2.0
5,-LJ-,"{a,e,o,u}_V",2,89,BAL,−,∅,∅,,−,∅,Ɉ,-2,−,0,−,a,255.0,0.0,0.0
5,-LJ-,"{a,e,o,u}_V",1,89,BAL,+,ll,j,98,−,W,Ɉ,-2,−,,+,a,0.0,-2.0,0.333333333
0,-LJ-,"{a,e,o,u}_V",1,89,BR POR,+,lh,ȴ [ʎ̟],86,+,LW,Ɉ,0,−,0.75,+,a,0.0,0.0,0.75
0,-LJ-,"{a,e,o,u}_V",2,89,BR POR,−,∅,∅,,−,∅,Ɉ,-2,−,0,−,a,255.0,0.0,0.0
22,-LJ-,"{a,e,o,u}_V",2,89,CAM,−,∅,∅,,−,∅,Ɉ,-2,−,0,−,a,255.0,0.0,0.0
22,-LJ-,"{a,e,o,u}_V",1,89,CAM,+,gli,ȴȴ [ʎ̟ʎ̟],244,+,LLWW,Ɉ,0,−,,+,a,0.0,0.0,0.9375
30,-LJ-,"{a,e,o,u}_V",2,89,CAS ESP,−,∅,∅,,−,∅,Ɉ,-2,−,0,−,a,255.0,0.0,0.0
30,-LJ-,"{a,e,o,u}_V",1,89,CAS ESP,+,j,x,63,−,F,K,-3,−,2,−,a,255.0,-3.0,2.0
3,-LJ-,"{a,e,o,u}_V",1,89,CAT,+,ll,ȴ [ʎ̟],86,+,LW,Ɉ,0,−,0.75,+,a,0.0,0.0,0.75
3,-LJ-,"{a,e,o,u}_V",2,89,CAT,−,∅,∅,,−,∅,Ɉ,-2,−,0,−,a,255.0,0.0,0.0
8,-LJ-,"{a,e,o,u}_V",1,89,EU FRA,−,∅,∅,,−,∅,Ɉ,-2,−,0,−,a,255.0,0.0,0.0
8,-LJ-,"{a,e,o,u}_V",2,89,EU FRA,+,ll,j,98,−,W,Ɉ,-2,−,,+,a,0.0,-2.0,0.333333333
13,-LJ-,"{a,e,o,u}_V",1,89,EU POR,+,lh,ȴ [ʎ̟],86,+,LW,Ɉ,0,−,0.75,+,a,0.0,0.0,0.75
13,-LJ-,"{a,e,o,u}_V",2,89,EU POR,−,∅,∅,,−,∅,Ɉ,-2,−,0,−,a,255.0,0.0,0.0
20,-LJ-,"{a,e,o,u}_V",1,89,ITA,+,gli,ȴȴ [ʎ̟ʎ̟],244,+,LLWW,Ɉ,0,−,,+,a,0.0,0.0,0.9375
20,-LJ-,"{a,e,o,u}_V",2,89,ITA,−,∅,∅,,−,∅,Ɉ,-2,−,0,−,a,255.0,0.0,0.0
2,-LJ-,"{a,e,o,u}_V",1,89,LAT,+,L,l̪ʲ,139,+,LW,Ɉ,,−,0.75,+,a,0.0,-0.166666667,0.75
2,-LJ-,"{a,e,o,u}_V",2,89,LAT,+,I/E,j,98,−,W,Ɉ,-2,−,,+,a,0.0,-2.0,0.333333333
9,-LJ-,"{a,e,o,u}_V",2,89,QBC FRA,+,ll,j,98,−,W,Ɉ,-2,−,,+,a,0.0,-2.0,0.333333333
9,-LJ-,"{a,e,o,u}_V",1,89,QBC FRA,−,∅,∅,,−,∅,Ɉ,-2,−,0,−,a,255.0,0.0,0.0
27,-LJ-,"{a,e,o,u}_V",1,89,ROM,−,∅,∅,,−,∅,Ɉ,-2,−,0,−,a,255.0,0.0,0.0
27,-LJ-,"{a,e,o,u}_V",2,89,ROM,+,i,j,98,−,W,Ɉ,-2,−,,+,a,0.0,-2.0,0.333333333
4,-LJ-,"{a,e,o,u}_V",1,89,VAL,+,ll,ȴ [ʎ̟],86,+,LW,Ɉ,0,−,0.75,+,a,0.0,0.0,0.75
4,-LJ-,"{a,e,o,u}_V",2,89,VAL,−,∅,∅,,−,∅,Ɉ,-2,−,0,−,a,255.0,0.0,0.0
