,number,treatment,environment,language,version,display,sonority_avg,place_avg,voice_avg
0,1.0,B-,"#_{a,O}",WAL,a,b,4.0,3.0,0.0
0,1.0,B-,"#_{a,O}",VEN,a,b,4.0,3.0,0.0
0,1.0,B-,"#_{a,O}",BR POR,a,b,4.0,3.0,0.0
0,1.0,B-,"#_{a,O}",QBC FRA,a,b,4.0,3.0,0.0
0,1.0,B-,"#_{a,O}",RMH,a,b,4.0,3.0,0.0
0,1.0,B-,"#_{a,O}",ROM,a,b,4.0,3.0,0.0
0,1.0,B-,"#_{a,O}",SCN,a,v,2.0,2.5,0.0
0,1.0,B-,"#_{a,O}",VAL,a,b,4.0,3.0,0.0
0,1.0,B-,"#_{a,O}",LMO,a,b,4.0,3.0,0.0
0,1.0,B-,"#_{a,O}",LOG SRD,a,b(v),3.333333333,2.833333333,0.0
0,1.0,B-,"#_{a,O}",OCC,a,b,4.0,3.0,0.0
0,1.0,B-,"#_{a,O}",LIG,a,b,4.0,3.0,0.0
0,1.0,B-,"#_{a,O}",GAL,a,b,4.0,3.0,0.0
0,1.0,B-,"#_{a,O}",LAT,a,b,4.0,3.0,0.0
0,1.0,B-,"#_{a,O}",ITA,a,b,4.0,3.0,0.0
0,1.0,B-,"#_{a,O}",GAS OCC,a,b,4.0,3.0,0.0
0,1.0,B-,"#_{a,O}",ASL,a,b,4.0,3.0,0.0
0,1.0,B-,"#_{a,O}",BAL,a,b,4.0,3.0,0.0
0,1.0,B-,"#_{a,O}",FUR,a,b,4.0,3.0,0.0
0,1.0,B-,"#_{a,O}",CAM,a,v,2.0,2.5,0.0
0,1.0,B-,"#_{a,O}",CAS ESP,a,b,4.0,3.0,0.0
0,1.0,B-,"#_{a,O}",CAT,a,b,4.0,3.0,0.0
0,1.0,B-,"#_{a,O}",COR,a,b,4.0,3.0,0.0
0,1.0,B-,"#_{a,O}",CPN SRD,a,b,4.0,3.0,0.0
0,1.0,B-,"#_{a,O}",EU FRA,a,b,4.0,3.0,0.0
0,1.0,B-,"#_{a,O}",EU POR,a,b,4.0,3.0,0.0
0,1.0,B-,"#_{a,O}",ARG,a,b,4.0,3.0,0.0
0,1.0,B-,"#_{a,O}",AMR ESP,a,b,4.0,3.0,0.0
0,1.0,B-,"#_{a,O}",ARP,a,b,4.0,3.0,0.0
0,1.0,B-,"#_{a,O}",ARO,a,b,4.0,3.0,0.0
0,1.0,B-,"#_{a,O}",AND ESP,a,b,4.0,3.0,0.0
0,2.0,B-,#_E,COR,a,b,4.0,3.0,0.0
0,2.0,B-,#_E,FUR,a,b,4.0,3.0,0.0
0,2.0,B-,#_E,GAL,a,b,4.0,3.0,0.0
0,2.0,B-,#_E,EU POR,a,b,4.0,3.0,0.0
0,2.0,B-,#_E,CPN SRD,a,b,4.0,3.0,0.0
0,2.0,B-,#_E,EU FRA,a,b,4.0,3.0,0.0
0,2.0,B-,#_E,RMH,a,b,4.0,3.0,0.0
0,2.0,B-,#_E,ROM,a,b,4.0,3.0,0.0
0,2.0,B-,#_E,SCN,a,v,2.0,2.5,0.0
0,2.0,B-,#_E,VAL,a,b,4.0,3.0,0.0
0,2.0,B-,#_E,VEN,a,b,4.0,3.0,0.0
0,2.0,B-,#_E,WAL,a,b,4.0,3.0,0.0
0,2.0,B-,#_E,AMR ESP,a,b,4.0,3.0,0.0
0,2.0,B-,#_E,ARP,a,b,4.0,3.0,0.0
0,2.0,B-,#_E,ASL,a,b,4.0,3.0,0.0
0,2.0,B-,#_E,ARO,a,b,4.0,3.0,0.0
0,2.0,B-,#_E,ARG,a,b,4.0,3.0,0.0
0,2.0,B-,#_E,AND ESP,a,b,4.0,3.0,0.0
0,2.0,B-,#_E,LOG SRD,a,b(v),3.333333333,2.833333333,0.0
0,2.0,B-,#_E,QBC FRA,a,b,4.0,3.0,0.0
0,2.0,B-,#_E,LMO,a,b,4.0,3.0,0.0
0,2.0,B-,#_E,LIG,a,b,4.0,3.0,0.0
0,2.0,B-,#_E,LAT,a,b,4.0,3.0,0.0
0,2.0,B-,#_E,ITA,a,b,4.0,3.0,0.0
0,2.0,B-,#_E,GAS OCC,a,b,4.0,3.0,0.0
0,2.0,B-,#_E,OCC,a,b,4.0,3.0,0.0
0,2.0,B-,#_E,CAM,a,v,2.0,2.5,0.0
0,2.0,B-,#_E,BR POR,a,b,4.0,3.0,0.0
0,2.0,B-,#_E,CAT,a,b,4.0,3.0,0.0
0,2.0,B-,#_E,CAS ESP,a,b,4.0,3.0,0.0
0,2.0,B-,#_E,BAL,a,b,4.0,3.0,0.0
0,3.0,T-,#_E,LOG SRD,a,t̪,4.0,1.666666667,255.0
0,3.0,T-,#_E,LMO,a,t̪,4.0,1.666666667,255.0
0,3.0,T-,#_E,ARO,a,t̪,4.0,1.666666667,255.0
0,3.0,T-,#_E,ARP,a,t̪,4.0,1.666666667,255.0
0,3.0,T-,#_E,ARO,b,t͡s̪,3.0,1.333333333,255.0
0,3.0,T-,#_E,OCC,a,t̪,4.0,1.666666667,255.0
0,3.0,T-,#_E,PGL,a,t̪,4.0,1.666666667,255.0
0,3.0,T-,#_E,CAS ESP,a,t̪,4.0,1.666666667,255.0
0,3.0,T-,#_E,CAM,a,t̪,4.0,1.666666667,255.0
0,3.0,T-,#_E,BR POR,b,t̠͡ʃ,3.0,-0.5,255.0
0,3.0,T-,#_E,ASL,a,t̪,4.0,1.666666667,255.0
0,3.0,T-,#_E,BAL,a,t̪,4.0,1.666666667,255.0
0,3.0,T-,#_E,BR POR,a,t̪,4.0,1.666666667,255.0
0,3.0,T-,#_E,FUR,a,t̪,4.0,1.666666667,255.0
0,3.0,T-,#_E,GAL,a,t̪,4.0,1.666666667,255.0
0,3.0,T-,#_E,GAS OCC,a,t̪,4.0,1.666666667,255.0
0,3.0,T-,#_E,ITA,a,t̪,4.0,1.666666667,255.0
0,3.0,T-,#_E,LAT,a,t̪,4.0,1.666666667,255.0
0,3.0,T-,#_E,LIG,a,t̪,4.0,1.666666667,255.0
0,3.0,T-,#_E,EU FRA,a,t̪,4.0,1.666666667,255.0
0,3.0,T-,#_E,EU POR,a,t̪,4.0,1.666666667,255.0
0,3.0,T-,#_E,QBC FRA,a,t̪,4.0,1.666666667,255.0
0,3.0,T-,#_E,ROM,b,t͡s̪,3.0,1.333333333,255.0
0,3.0,T-,#_E,QBC FRA,b,t͡s̪,3.0,1.333333333,255.0
0,3.0,T-,#_E,CAT,a,t̪,4.0,1.666666667,255.0
0,3.0,T-,#_E,COR,a,t̪,4.0,1.666666667,255.0
0,3.0,T-,#_E,VAL,a,t̪,4.0,1.666666667,255.0
0,3.0,T-,#_E,VEN,a,t̪,4.0,1.666666667,255.0
0,3.0,T-,#_E,SCN,a,t̪,4.0,1.666666667,255.0
0,3.0,T-,#_E,WAL,a,t̪,4.0,1.666666667,255.0
0,3.0,T-,#_E,ABR,a,t̪,4.0,1.666666667,255.0
0,3.0,T-,#_E,AMR ESP,a,t̪,4.0,1.666666667,255.0
0,3.0,T-,#_E,AND ESP,a,t̪,4.0,1.666666667,255.0
0,3.0,T-,#_E,ARG,a,t̪,4.0,1.666666667,255.0
0,3.0,T-,#_E,CPN SRD,a,t̪,4.0,1.666666667,255.0
0,3.0,T-,#_E,ROM,a,t̪,4.0,1.666666667,255.0
0,3.0,T-,#_E,RMH,a,t̪,4.0,1.666666667,255.0
0,4.0,T-,"#_{a,O}",ARP,a,t̪,4.0,1.666666667,255.0
0,4.0,T-,"#_{a,O}",ARO,a,t̪,4.0,1.666666667,255.0
0,4.0,T-,"#_{a,O}",OCC,a,t̪,4.0,1.666666667,255.0
0,4.0,T-,"#_{a,O}",PGL,a,t̪,4.0,1.666666667,255.0
0,4.0,T-,"#_{a,O}",QBC FRA,a,t̪,4.0,1.666666667,255.0
0,4.0,T-,"#_{a,O}",BR POR,a,t̪,4.0,1.666666667,255.0
0,4.0,T-,"#_{a,O}",BAL,a,t̪,4.0,1.666666667,255.0
0,4.0,T-,"#_{a,O}",ASL,a,t̪,4.0,1.666666667,255.0
0,4.0,T-,"#_{a,O}",COR,a,t̪,4.0,1.666666667,255.0
0,4.0,T-,"#_{a,O}",CPN SRD,a,t̪,4.0,1.666666667,255.0
0,4.0,T-,"#_{a,O}",EU FRA,a,t̪,4.0,1.666666667,255.0
0,4.0,T-,"#_{a,O}",EU POR,a,t̪,4.0,1.666666667,255.0
0,4.0,T-,"#_{a,O}",FUR,a,t̪,4.0,1.666666667,255.0
0,4.0,T-,"#_{a,O}",VAL,a,t̪,4.0,1.666666667,255.0
0,4.0,T-,"#_{a,O}",VEN,a,t̪,4.0,1.666666667,255.0
0,4.0,T-,"#_{a,O}",WAL,a,t̪,4.0,1.666666667,255.0
0,4.0,T-,"#_{a,O}",SCN,a,t̪,4.0,1.666666667,255.0
0,4.0,T-,"#_{a,O}",ABR,a,t̪,4.0,1.666666667,255.0
0,4.0,T-,"#_{a,O}",AMR ESP,a,t̪,4.0,1.666666667,255.0
0,4.0,T-,"#_{a,O}",ARG,a,t̪,4.0,1.666666667,255.0
0,4.0,T-,"#_{a,O}",AND ESP,a,t̪,4.0,1.666666667,255.0
0,4.0,T-,"#_{a,O}",QBC FRA,b,t͡s̪,3.0,1.333333333,255.0
0,4.0,T-,"#_{a,O}",RMH,a,t̪,4.0,1.666666667,255.0
0,4.0,T-,"#_{a,O}",ROM,a,t̪,4.0,1.666666667,255.0
0,4.0,T-,"#_{a,O}",ITA,a,t̪,4.0,1.666666667,255.0
0,4.0,T-,"#_{a,O}",LIG,a,t̪,4.0,1.666666667,255.0
0,4.0,T-,"#_{a,O}",LAT,a,t̪,4.0,1.666666667,255.0
0,4.0,T-,"#_{a,O}",GAL,a,t̪,4.0,1.666666667,255.0
0,4.0,T-,"#_{a,O}",GAS OCC,a,t̪,4.0,1.666666667,255.0
0,4.0,T-,"#_{a,O}",CAS ESP,a,t̪,4.0,1.666666667,255.0
0,4.0,T-,"#_{a,O}",CAT,a,t̪,4.0,1.666666667,255.0
0,4.0,T-,"#_{a,O}",LMO,a,t̪,4.0,1.666666667,255.0
0,4.0,T-,"#_{a,O}",CAM,a,t̪,4.0,1.666666667,255.0
0,4.0,T-,"#_{a,O}",LOG SRD,a,t̪,4.0,1.666666667,255.0
0,5.0,D-,#_E,ARG,a,d̪,4.0,1.666666667,0.0
0,5.0,D-,#_E,ARO,b,d͡z̪,3.0,1.333333333,0.0
0,5.0,D-,#_E,ARO,a,d̪,4.0,1.666666667,0.0
0,5.0,D-,#_E,BR POR,a,d̪,4.0,1.666666667,0.0
0,5.0,D-,#_E,BAL,a,d̪,4.0,1.666666667,0.0
0,5.0,D-,#_E,BR POR,b,d̠͡ʒ,3.0,-0.5,0.0
0,5.0,D-,#_E,ITA,a,d̪,4.0,1.666666667,0.0
0,5.0,D-,#_E,LAT,a,d̪,4.0,1.666666667,0.0
0,5.0,D-,#_E,LMO,a,d̪,4.0,1.666666667,0.0
0,5.0,D-,#_E,OCC,a,d̪,4.0,1.666666667,0.0
0,5.0,D-,#_E,VAL,a,d̪,4.0,1.666666667,0.0
0,5.0,D-,#_E,WAL,a,d̪,4.0,1.666666667,0.0
0,5.0,D-,#_E,VEN,a,d̪,4.0,1.666666667,0.0
0,5.0,D-,#_E,QBC FRA,b,d͡z̪,3.0,1.333333333,0.0
0,5.0,D-,#_E,RMH,a,d̪,4.0,1.666666667,0.0
0,5.0,D-,#_E,ROM,a,d̪,4.0,1.666666667,0.0
0,5.0,D-,#_E,ROM,b,z̪,2.0,1.333333333,0.0
0,5.0,D-,#_E,SCN,a,d̪~ɾ,2.5,1.208333333,0.0
0,5.0,D-,#_E,GAL,a,d̪,4.0,1.666666667,0.0
0,5.0,D-,#_E,CAM,a,d̪~ɾ,2.5,1.208333333,0.0
0,5.0,D-,#_E,GAS OCC,a,d̪,4.0,1.666666667,0.0
0,5.0,D-,#_E,EU POR,a,d̪,4.0,1.666666667,0.0
0,5.0,D-,#_E,FUR,a,d̪,4.0,1.666666667,0.0
0,5.0,D-,#_E,EU FRA,a,d̪,4.0,1.666666667,0.0
0,5.0,D-,#_E,CPN SRD,a,d̪,4.0,1.666666667,0.0
0,5.0,D-,#_E,CAS ESP,a,d̪,4.0,1.666666667,0.0
0,5.0,D-,#_E,CAT,a,d̪,4.0,1.666666667,0.0
0,5.0,D-,#_E,QBC FRA,a,d̪,4.0,1.666666667,0.0
0,5.0,D-,#_E,PGL,a,d̪,4.0,1.666666667,0.0
0,5.0,D-,#_E,LOG SRD,a,d̪,4.0,1.666666667,0.0
0,5.0,D-,#_E,ARP,a,d̪,4.0,1.666666667,0.0
0,5.0,D-,#_E,ASL,a,d̪,4.0,1.666666667,0.0
0,5.0,D-,#_E,ABR,a,d̪,4.0,1.666666667,0.0
0,5.0,D-,#_E,AMR ESP,a,d̪,4.0,1.666666667,0.0
0,5.0,D-,#_E,AND ESP,a,d̪,4.0,1.666666667,0.0
0,6.0,D-,"#_{a,O}",CAT,a,d̪,4.0,1.666666667,0.0
0,6.0,D-,"#_{a,O}",CPN SRD,a,d̪,4.0,1.666666667,0.0
0,6.0,D-,"#_{a,O}",EU FRA,a,d̪,4.0,1.666666667,0.0
0,6.0,D-,"#_{a,O}",WAL,a,d̪,4.0,1.666666667,0.0
0,6.0,D-,"#_{a,O}",VEN,a,d̪,4.0,1.666666667,0.0
0,6.0,D-,"#_{a,O}",VAL,a,d̪,4.0,1.666666667,0.0
0,6.0,D-,"#_{a,O}",SCN,a,d̪~ɾ,2.5,1.208333333,0.0
0,6.0,D-,"#_{a,O}",ROM,a,d̪,4.0,1.666666667,0.0
0,6.0,D-,"#_{a,O}",QBC FRA,b,d͡z̪,3.0,1.333333333,0.0
0,6.0,D-,"#_{a,O}",RMH,a,d̪,4.0,1.666666667,0.0
0,6.0,D-,"#_{a,O}",QBC FRA,a,d̪,4.0,1.666666667,0.0
0,6.0,D-,"#_{a,O}",PGL,a,d̪,4.0,1.666666667,0.0
0,6.0,D-,"#_{a,O}",OCC,a,d̪,4.0,1.666666667,0.0
0,6.0,D-,"#_{a,O}",LOG SRD,a,d̪,4.0,1.666666667,0.0
0,6.0,D-,"#_{a,O}",LMO,a,d̪,4.0,1.666666667,0.0
0,6.0,D-,"#_{a,O}",LAT,a,d̪,4.0,1.666666667,0.0
0,6.0,D-,"#_{a,O}",GAS OCC,a,d̪,4.0,1.666666667,0.0
0,6.0,D-,"#_{a,O}",GAL,a,d̪,4.0,1.666666667,0.0
0,6.0,D-,"#_{a,O}",ITA,a,d̪,4.0,1.666666667,0.0
0,6.0,D-,"#_{a,O}",EU POR,a,d̪,4.0,1.666666667,0.0
0,6.0,D-,"#_{a,O}",FUR,a,d̪,4.0,1.666666667,0.0
0,6.0,D-,"#_{a,O}",BR POR,a,d̪,4.0,1.666666667,0.0
0,6.0,D-,"#_{a,O}",CAM,a,d̪~ɾ,2.5,1.208333333,0.0
0,6.0,D-,"#_{a,O}",CAS ESP,a,d̪,4.0,1.666666667,0.0
0,6.0,D-,"#_{a,O}",AND ESP,a,d̪,4.0,1.666666667,0.0
0,6.0,D-,"#_{a,O}",ARO,a,d̪,4.0,1.666666667,0.0
0,6.0,D-,"#_{a,O}",ARG,a,d̪,4.0,1.666666667,0.0
0,6.0,D-,"#_{a,O}",ABR,a,d̪,4.0,1.666666667,0.0
0,6.0,D-,"#_{a,O}",AMR ESP,a,d̪,4.0,1.666666667,0.0
0,6.0,D-,"#_{a,O}",BAL,a,d̪,4.0,1.666666667,0.0
0,6.0,D-,"#_{a,O}",ASL,a,d̪,4.0,1.666666667,0.0
0,6.0,D-,"#_{a,O}",ARP,a,d̪,4.0,1.666666667,0.0
0,7.0,C-,#_E,ARG,a,θ,2.0,2.0,255.0
0,7.0,C-,#_E,CAS ESP,a,θ,2.0,2.0,255.0
0,7.0,C-,#_E,CPN SRD,a,t̠͡ʃ,3.0,-0.5,255.0
0,7.0,C-,#_E,EU FRA,a,s̪,2.0,1.333333333,255.0
0,7.0,C-,#_E,EU POR,a,s(s̪),2.0,1.083333333,255.0
0,7.0,C-,#_E,GAL,a,θ(s),2.0,1.666666667,255.0
0,7.0,C-,#_E,GAS OCC,a,s̠,2.0,0.5,255.0
0,7.0,C-,#_E,ITA,a,t̠͡ʃ,3.0,-0.5,255.0
0,7.0,C-,#_E,LAT,a,k,4.0,-3.0,255.0
0,7.0,C-,#_E,CAT,a,s̠,2.0,0.5,255.0
0,7.0,C-,#_E,ARO,a,t͡s̪,3.0,1.333333333,255.0
0,7.0,C-,#_E,ARP,a,s̪,2.0,1.333333333,255.0
0,7.0,C-,#_E,ASL,a,θ,2.0,2.0,255.0
0,7.0,C-,#_E,BAL,a,s̠,2.0,0.5,255.0
0,7.0,C-,#_E,BR POR,a,s,2.0,1.0,255.0
0,7.0,C-,#_E,CAM,a,t̠͡ʃ,3.0,-0.5,255.0
0,7.0,C-,#_E,ROM,a,t̠͡ʃ,3.0,-0.5,255.0
0,7.0,C-,#_E,LMO,a,ʃ~s̠,2.0,0.0,255.0
0,7.0,C-,#_E,SCN,a,t̠͡ʃ,3.0,-0.5,255.0
0,7.0,C-,#_E,VAL,a,s̠,2.0,0.5,255.0
0,7.0,C-,#_E,WAL,a,s̪,2.0,1.333333333,255.0
0,7.0,C-,#_E,VEN,a,s̠~θ,2.0,1.25,255.0
0,7.0,C-,#_E,AMR ESP,a,s,2.0,1.0,255.0
0,7.0,C-,#_E,AND ESP,a,s̟,2.0,1.666666667,255.0
0,7.0,C-,#_E,QBC FRA,a,s̪,2.0,1.333333333,255.0
0,7.0,C-,#_E,RMH,a,t̠͡ʃ,3.0,-0.5,255.0
0,7.0,C-,#_E,OCC,a,s̠,2.0,0.5,255.0
0,7.0,C-,#_E,LOG SRD,a,k,4.0,-3.0,255.0
0,8.0,C-,#_a,PGL,a,k,4.0,-3.0,255.0
0,8.0,C-,#_a,WAL,a,t̠͡ʃ,3.0,-0.5,255.0
0,8.0,C-,#_a,AMR ESP,a,k,4.0,-3.0,255.0
0,8.0,C-,#_a,ABR,a,k,4.0,-3.0,255.0
0,8.0,C-,#_a,RMH,a,k~c,4.0,-2.5,255.0
0,8.0,C-,#_a,OCC,a,k(t͡s),3.666666667,2.333333333,255.0
0,8.0,C-,#_a,QBC FRA,a,ʃ,2.0,-0.5,255.0
0,8.0,C-,#_a,AND ESP,a,k,4.0,-3.0,255.0
0,8.0,C-,#_a,ARO,a,k,4.0,-3.0,255.0
0,8.0,C-,#_a,ARP,a,t̠͡ʃ~θ,2.5,0.75,255.0
0,8.0,C-,#_a,ARG,a,k,4.0,-3.0,255.0
0,8.0,C-,#_a,COR,a,k,4.0,-3.0,255.0
0,8.0,C-,#_a,EU FRA,a,ʃ,2.0,-0.5,255.0
0,8.0,C-,#_a,CPN SRD,a,k,4.0,-3.0,255.0
0,8.0,C-,#_a,SCN,a,k,4.0,-3.0,255.0
0,8.0,C-,#_a,VAL,a,k,4.0,-3.0,255.0
0,8.0,C-,#_a,ITA,a,k,4.0,-3.0,255.0
0,8.0,C-,#_a,LAT,a,k,4.0,-3.0,255.0
0,8.0,C-,#_a,ASL,a,k,4.0,-3.0,255.0
0,8.0,C-,#_a,ROM,a,k,4.0,-3.0,255.0
0,8.0,C-,#_a,CAS ESP,a,k,4.0,-3.0,255.0
0,8.0,C-,#_a,CAM,a,k,4.0,-3.0,255.0
0,8.0,C-,#_a,BR POR,a,k,4.0,-3.0,255.0
0,8.0,C-,#_a,LOG SRD,a,k,4.0,-3.0,255.0
0,8.0,C-,#_a,LMO,a,k,4.0,-3.0,255.0
0,8.0,C-,#_a,LIG,a,k,4.0,-3.0,255.0
0,8.0,C-,#_a,CAT,a,k,4.0,-3.0,255.0
0,8.0,C-,#_a,GAS OCC,a,k,4.0,-3.0,255.0
0,8.0,C-,#_a,VEN,a,k,4.0,-3.0,255.0
0,8.0,C-,#_a,FUR,a,c~t̠͡ʃ,3.5,-1.25,255.0
0,8.0,C-,#_a,BAL,a,k,4.0,-3.0,255.0
0,8.0,C-,#_a,EU POR,a,k,4.0,-3.0,255.0
0,8.0,C-,#_a,GAL,a,k,4.0,-3.0,255.0
0,9.0,C-,"#_{o,ŭ}",EU FRA,a,k,4.0,-3.0,255.0
0,9.0,C-,"#_{o,ŭ}",EU POR,a,k,4.0,-3.0,255.0
0,9.0,C-,"#_{o,ŭ}",FUR,a,k,4.0,-3.0,0.0
0,9.0,C-,"#_{o,ŭ}",GAL,a,k,4.0,-3.0,255.0
0,9.0,C-,"#_{o,ŭ}",PGL,a,k,4.0,-3.0,255.0
0,9.0,C-,"#_{o,ŭ}",GAS OCC,a,k,4.0,-3.0,255.0
0,9.0,C-,"#_{o,ŭ}",ITA,b,ɡ,4.0,-3.0,0.0
0,9.0,C-,"#_{o,ŭ}",ITA,a,k,4.0,-3.0,255.0
0,9.0,C-,"#_{o,ŭ}",ROM,a,k,4.0,-3.0,255.0
0,9.0,C-,"#_{o,ŭ}",CPN SRD,a,k,4.0,-3.0,255.0
0,9.0,C-,"#_{o,ŭ}",CAM,a,k,4.0,-3.0,255.0
0,9.0,C-,"#_{o,ŭ}",COR,a,k,4.0,-3.0,255.0
0,9.0,C-,"#_{o,ŭ}",CAT,a,k,4.0,-3.0,255.0
0,9.0,C-,"#_{o,ŭ}",CAS ESP,a,k,4.0,-3.0,255.0
0,9.0,C-,"#_{o,ŭ}",AMR ESP,a,k,4.0,-3.0,255.0
0,9.0,C-,"#_{o,ŭ}",AND ESP,a,k,4.0,-3.0,255.0
0,9.0,C-,"#_{o,ŭ}",ARG,a,k,4.0,-3.0,255.0
0,9.0,C-,"#_{o,ŭ}",ARO,a,k,4.0,-3.0,255.0
0,9.0,C-,"#_{o,ŭ}",ARP,a,k,4.0,-3.0,255.0
0,9.0,C-,"#_{o,ŭ}",ASL,a,k,4.0,-3.0,255.0
0,9.0,C-,"#_{o,ŭ}",BAL,a,k,4.0,-3.0,255.0
0,9.0,C-,"#_{o,ŭ}",BR POR,a,k,4.0,-3.0,255.0
0,9.0,C-,"#_{o,ŭ}",QBC FRA,a,k,4.0,-3.0,255.0
0,9.0,C-,"#_{o,ŭ}",RMH,a,k,4.0,-3.0,0.0
0,9.0,C-,"#_{o,ŭ}",LIG,a,k,4.0,-3.0,255.0
0,9.0,C-,"#_{o,ŭ}",SCN,a,k,4.0,-3.0,255.0
0,9.0,C-,"#_{o,ŭ}",VAL,a,k,4.0,-3.0,255.0
0,9.0,C-,"#_{o,ŭ}",VEN,a,k,4.0,-3.0,255.0
0,9.0,C-,"#_{o,ŭ}",WAL,a,k,4.0,-3.0,255.0
0,9.0,C-,"#_{o,ŭ}",ABR,a,k,4.0,-3.0,255.0
0,9.0,C-,"#_{o,ŭ}",LAT,a,k,4.0,-3.0,255.0
0,9.0,C-,"#_{o,ŭ}",LMO,a,k,4.0,-3.0,255.0
0,9.0,C-,"#_{o,ŭ}",LOG SRD,a,k,4.0,-3.0,255.0
0,9.0,C-,"#_{o,ŭ}",OCC,a,k,4.0,-3.0,255.0
0,10.0,C-,#_ū,EU POR,a,k,4.0,-3.0,255.0
0,10.0,C-,#_ū,FUR,a,k,4.0,-3.0,255.0
0,10.0,C-,#_ū,GAL,a,k,4.0,-3.0,255.0
0,10.0,C-,#_ū,GAS OCC,a,k,4.0,-3.0,255.0
0,10.0,C-,#_ū,ITA,a,k,4.0,-3.0,255.0
0,10.0,C-,#_ū,LAT,a,k,4.0,-3.0,255.0
0,10.0,C-,#_ū,ARG,a,k,4.0,-3.0,255.0
0,10.0,C-,#_ū,ARO,a,k,4.0,-3.0,255.0
0,10.0,C-,#_ū,WAL,a,k,4.0,-3.0,255.0
0,10.0,C-,#_ū,OCC,a,k,4.0,-3.0,255.0
0,10.0,C-,#_ū,PGL,a,k,4.0,-3.0,255.0
0,10.0,C-,#_ū,QBC FRA,a,k,4.0,-3.0,255.0
0,10.0,C-,#_ū,RMH,a,c,4.0,-2.0,255.0
0,10.0,C-,#_ū,ROM,a,k,4.0,-3.0,255.0
0,10.0,C-,#_ū,SCN,a,k,4.0,-3.0,255.0
0,10.0,C-,#_ū,VAL,a,k,4.0,-3.0,255.0
0,10.0,C-,#_ū,VEN,a,k,4.0,-3.0,255.0
0,10.0,C-,#_ū,BR POR,a,k,4.0,-3.0,255.0
0,10.0,C-,#_ū,CAM,a,k,4.0,-3.0,255.0
0,10.0,C-,#_ū,CAS ESP,a,k,4.0,-3.0,255.0
0,10.0,C-,#_ū,CAT,a,k,4.0,-3.0,255.0
0,10.0,C-,#_ū,COR,a,k,4.0,-3.0,255.0
0,10.0,C-,#_ū,LIG,a,k,4.0,-3.0,255.0
0,10.0,C-,#_ū,LMO,a,k,4.0,-3.0,255.0
0,10.0,C-,#_ū,LOG SRD,a,k,4.0,-3.0,255.0
0,10.0,C-,#_ū,EU FRA,a,k,4.0,-3.0,255.0
0,10.0,C-,#_ū,CPN SRD,a,k,4.0,-3.0,255.0
0,10.0,C-,#_ū,AND ESP,a,k,4.0,-3.0,255.0
0,10.0,C-,#_ū,ABR,a,k,4.0,-3.0,255.0
0,10.0,C-,#_ū,AMR ESP,a,k,4.0,-3.0,255.0
0,10.0,C-,#_ū,ASL,a,k,4.0,-3.0,255.0
0,10.0,C-,#_ū,ARP,a,k,4.0,-3.0,255.0
0,10.0,C-,#_ū,BAL,a,k,4.0,-3.0,255.0
0,11.0,G-,ˈ#_E,ARO,a,d͡z̪,3.0,1.333333333,0.0
0,11.0,G-,ˈ#_E,ARP,a,d͡z~ð,2.5,1.5,0.0
0,11.0,G-,ˈ#_E,ASL,a,ʃ,2.0,-0.5,255.0
0,11.0,G-,ˈ#_E,BR POR,a,ʒ,2.0,-0.5,0.0
0,11.0,G-,ˈ#_E,BAL,a,ʒ,2.0,-0.5,0.0
0,11.0,G-,ˈ#_E,CAM,a,j,0.333333333,-2.0,0.0
0,11.0,G-,ˈ#_E,CAT,a,ʒ,2.0,-0.5,0.0
0,11.0,G-,ˈ#_E,CAS ESP,a,ɟ͡ʝ,3.0,-2.0,0.0
0,11.0,G-,ˈ#_E,GAS OCC,a,ʒ,2.0,-0.5,0.0
0,11.0,G-,ˈ#_E,ITA,a,d̠͡ʒ,3.0,-0.5,0.0
0,11.0,G-,ˈ#_E,LAT,a,ɡ,4.0,-3.0,0.0
0,11.0,G-,ˈ#_E,ROM,a,d̠͡ʒ,3.0,-0.5,0.0
0,11.0,G-,ˈ#_E,VEN,a,z̠~ð,2.0,1.25,255.0
0,11.0,G-,ˈ#_E,VAL,a,d̠͡ʒ,3.0,-0.5,0.0
0,11.0,G-,ˈ#_E,SCN,a,j,0.333333333,-2.0,0.0
0,11.0,G-,ˈ#_E,WAL,a,d̠͡ʒ,3.0,-0.5,0.0
0,11.0,G-,ˈ#_E,QBC FRA,a,ʒ,2.0,-0.5,0.0
0,11.0,G-,ˈ#_E,OCC,a,̠d̠͡ʒ(d͡z̠),3.0,-0.166666667,0.0
0,11.0,G-,ˈ#_E,LOG SRD,a,ɡ,4.0,-3.0,0.0
0,11.0,G-,ˈ#_E,LMO,a,d̠͡ʒ~z,2.5,0.25,0.0
0,11.0,G-,ˈ#_E,LIG,a,z(d͡z),2.333333333,1.0,0.0
0,11.0,G-,ˈ#_E,AMR ESP,a,ɟ͡ʝ,3.0,-2.0,0.0
0,11.0,G-,ˈ#_E,AND ESP,a,ɟ͡ʝ,3.0,-2.0,0.0
0,11.0,G-,ˈ#_E,ARG,a,t̠͡ʃ,3.0,-0.5,255.0
0,11.0,G-,ˈ#_E,GAL,a,ʃ,2.0,-0.5,255.0
0,11.0,G-,ˈ#_E,EU POR,a,ʒ,2.0,-0.5,0.0
0,11.0,G-,ˈ#_E,EU FRA,a,ʒ,2.0,-0.5,0.0
0,11.0,G-,ˈ#_E,CPN SRD,a,d̠͡ʒ,3.0,-0.5,0.0
0,11.0,G-,ˈ#_E,COR,a,ɟ,4.0,-2.0,0.0
0,12.0,G-,#_E.ˈ,BAL,a,ʒ,2.0,-0.5,0.0
0,12.0,G-,#_E.ˈ,ASL,a,ʃ,2.0,-0.5,255.0
0,12.0,G-,#_E.ˈ,ARP,a,d͡z~ð,2.5,1.5,0.0
0,12.0,G-,#_E.ˈ,ARO,a,d͡z̪,3.0,1.333333333,0.0
0,12.0,G-,#_E.ˈ,ARG,a,t̠͡ʃ,3.0,-0.5,255.0
0,12.0,G-,#_E.ˈ,AND ESP,a,∅,0.0,0.0,255.0
0,12.0,G-,#_E.ˈ,AMR ESP,a,∅,0.0,0.0,255.0
0,12.0,G-,#_E.ˈ,EU POR,a,ʒ,2.0,-0.5,0.0
0,12.0,G-,#_E.ˈ,EU FRA,a,ʒ,2.0,-0.5,0.0
0,12.0,G-,#_E.ˈ,CPN SRD,a,d̠͡ʒ,3.0,-0.5,0.0
0,12.0,G-,#_E.ˈ,COR,a,ɟ,4.0,-2.0,0.0
0,12.0,G-,#_E.ˈ,CAT,a,ʒ,2.0,-0.5,0.0
0,12.0,G-,#_E.ˈ,ITA,a,d̠͡ʒ,3.0,-0.5,0.0
0,12.0,G-,#_E.ˈ,LAT,a,ɡ,4.0,-3.0,0.0
0,12.0,G-,#_E.ˈ,GAL,a,ʃ,2.0,-0.5,255.0
0,12.0,G-,#_E.ˈ,GAS OCC,a,ʒ,2.0,-0.5,0.0
0,12.0,G-,#_E.ˈ,SCN,a,j,0.333333333,-2.0,0.0
0,12.0,G-,#_E.ˈ,VAL,a,d̠͡ʒ,3.0,-0.5,0.0
0,12.0,G-,#_E.ˈ,WAL,a,d̠͡ʒ,3.0,-0.5,0.0
0,12.0,G-,#_E.ˈ,VEN,a,z̠~ð,2.0,1.25,255.0
0,12.0,G-,#_E.ˈ,QBC FRA,a,ʒ,2.0,-0.5,0.0
0,12.0,G-,#_E.ˈ,ROM,a,d̠͡ʒ,3.0,-0.5,0.0
0,12.0,G-,#_E.ˈ,CAM,a,j,0.333333333,-2.0,0.0
0,12.0,G-,#_E.ˈ,BR POR,a,ʒ,2.0,-0.5,0.0
0,12.0,G-,#_E.ˈ,LOG SRD,a,ɡ,4.0,-3.0,0.0
0,12.0,G-,#_E.ˈ,OCC,a,̠d̠͡ʒ(d͡z̠),3.0,-0.166666667,0.0
0,12.0,G-,#_E.ˈ,LMO,a,d̠͡ʒ~z,2.5,0.25,0.0
0,12.0,G-,#_E.ˈ,LIG,a,z(d͡z),2.333333333,1.0,0.0
0,12.0,G-,#_E.ˈ,CAS ESP,a,∅,0.0,0.0,255.0
0,13.0,G-,#_a,WAL,a,d̠͡ʒ,3.0,-0.5,0.0
0,13.0,G-,#_a,VEN,a,ɡ,4.0,-3.0,0.0
0,13.0,G-,#_a,ROM,a,ɡ,4.0,-3.0,0.0
0,13.0,G-,#_a,CAS ESP,a,ɡ,4.0,-3.0,0.0
0,13.0,G-,#_a,CAM,a,ɡ,4.0,-3.0,0.0
0,13.0,G-,#_a,ARG,a,ɡ,4.0,-3.0,0.0
0,13.0,G-,#_a,ARO,a,ɡ,4.0,-3.0,0.0
0,13.0,G-,#_a,ARP,a,d͡z~ð,2.5,1.5,0.0
0,13.0,G-,#_a,ASL,a,ɡ,4.0,-3.0,0.0
0,13.0,G-,#_a,BAL,a,ɡ,4.0,-3.0,0.0
0,13.0,G-,#_a,BR POR,a,ɡ,4.0,-3.0,0.0
0,13.0,G-,#_a,GAS OCC,a,ɡ,4.0,-3.0,0.0
0,13.0,G-,#_a,GAL,a,ɡ(ħ),3.333333333,-3.666666667,85.0
0,13.0,G-,#_a,AND ESP,a,ɡ,4.0,-3.0,0.0
0,13.0,G-,#_a,FUR,a,ɟ~d̠͡ʒ,3.5,-1.25,0.0
0,13.0,G-,#_a,EU POR,a,ɡ,4.0,-3.0,0.0
0,13.0,G-,#_a,CPN SRD,a,ɡ,4.0,-3.0,0.0
0,13.0,G-,#_a,EU FRA,a,ʒ,2.0,-0.5,0.0
0,13.0,G-,#_a,VAL,a,ɡ,4.0,-3.0,0.0
0,13.0,G-,#_a,SCN,a,ɡ~j,2.166666667,-2.5,0.0
0,13.0,G-,#_a,RMH,a,ɟ~d̠͡ʒ,3.5,-1.25,0.0
0,13.0,G-,#_a,OCC,a,ɡ(d͡z),3.666666667,2.333333333,0.0
0,13.0,G-,#_a,LOG SRD,a,ɡ,4.0,-3.0,0.0
0,13.0,G-,#_a,LIG,a,ɡ,4.0,-3.0,0.0
0,13.0,G-,#_a,LMO,a,ɡ,4.0,-3.0,0.0
0,13.0,G-,#_a,COR,a,ɡ,4.0,-3.0,0.0
0,13.0,G-,#_a,CAT,a,ɡ,4.0,-3.0,0.0
0,13.0,G-,#_a,QBC FRA,a,ʒ,2.0,-0.5,0.0
0,13.0,G-,#_a,LAT,a,ɡ,4.0,-3.0,0.0
0,13.0,G-,#_a,ITA,a,ɡ,4.0,-3.0,0.0
0,13.0,G-,#_a,AMR ESP,a,ɡ,4.0,-3.0,0.0
0,14.0,G-,#_O,GAL,a,ɡ(ħ),3.333333333,-3.666666667,85.0
0,14.0,G-,#_O,GAS OCC,a,ɡ,4.0,-3.0,0.0
0,14.0,G-,#_O,EU POR,a,ɡ,4.0,-3.0,0.0
0,14.0,G-,#_O,FUR,a,ɡ,4.0,-3.0,0.0
0,14.0,G-,#_O,EU FRA,a,ɡ,4.0,-3.0,0.0
0,14.0,G-,#_O,LAT,a,ɡ,4.0,-3.0,0.0
0,14.0,G-,#_O,QBC FRA,a,ɡ,4.0,-3.0,0.0
0,14.0,G-,#_O,RMH,a,ɡ,4.0,-3.0,0.0
0,14.0,G-,#_O,LMO,a,ɡ,4.0,-3.0,0.0
0,14.0,G-,#_O,ROM,a,ɡ,4.0,-3.0,0.0
0,14.0,G-,#_O,CPN SRD,a,ɡ,4.0,-3.0,0.0
0,14.0,G-,#_O,COR,a,ɡ,4.0,-3.0,0.0
0,14.0,G-,#_O,LIG,a,ɡ,4.0,-3.0,0.0
0,14.0,G-,#_O,LOG SRD,a,ɡ,4.0,-3.0,0.0
0,14.0,G-,#_O,OCC,a,ɡ,4.0,-3.0,0.0
0,14.0,G-,#_O,ASL,a,ɡ,4.0,-3.0,0.0
0,14.0,G-,#_O,ARP,a,ɡ,4.0,-3.0,0.0
0,14.0,G-,#_O,CAT,a,ɡ,4.0,-3.0,0.0
0,14.0,G-,#_O,CAS ESP,a,ɡ,4.0,-3.0,0.0
0,14.0,G-,#_O,AMR ESP,a,ɡ,4.0,-3.0,0.0
0,14.0,G-,#_O,VEN,a,ɡ,4.0,-3.0,0.0
0,14.0,G-,#_O,WAL,a,ɡ,4.0,-3.0,0.0
0,14.0,G-,#_O,SCN,a,ɡ~j,2.166666667,-2.5,0.0
0,14.0,G-,#_O,VAL,a,ɡ,4.0,-3.0,0.0
0,14.0,G-,#_O,AND ESP,a,ɡ,4.0,-3.0,0.0
0,14.0,G-,#_O,ARG,a,ɡ,4.0,-3.0,0.0
0,14.0,G-,#_O,ARO,a,ɡ,4.0,-3.0,0.0
0,14.0,G-,#_O,ITA,a,ɡ,4.0,-3.0,0.0
0,14.0,G-,#_O,CAM,a,ɡ,4.0,-3.0,0.0
0,14.0,G-,#_O,BR POR,a,ɡ,4.0,-3.0,0.0
0,14.0,G-,#_O,BAL,a,ɡ,4.0,-3.0,0.0
0,15.0,N-,#_E,GAS OCC,a,n,1.5,0.75,0.0
0,15.0,N-,#_E,EU FRA,a,n̪,1.5,1.666666667,0.0
0,15.0,N-,#_E,EU POR,a,n,1.5,0.75,0.0
0,15.0,N-,#_E,FUR,a,n,1.5,0.75,0.0
0,15.0,N-,#_E,GAL,a,n,1.5,0.75,0.0
0,15.0,N-,#_E,AMR ESP,a,n,1.5,0.75,0.0
0,15.0,N-,#_E,ABR,a,n,1.5,0.75,0.0
0,15.0,N-,#_E,CAT,a,n,1.5,0.75,0.0
0,15.0,N-,#_E,CAS ESP,a,n,1.5,0.75,0.0
0,15.0,N-,#_E,ASL,a,n~ɲ,1.5,-0.625,0.0
0,15.0,N-,#_E,BAL,a,n,1.5,0.75,0.0
0,15.0,N-,#_E,BR POR,a,n,1.5,0.75,0.0
0,15.0,N-,#_E,CAM,a,n,1.5,0.75,0.0
0,15.0,N-,#_E,ARP,a,n,1.5,0.75,0.0
0,15.0,N-,#_E,ARO,a,n̪,1.5,1.666666667,0.0
0,15.0,N-,#_E,ITA,a,n,1.5,0.75,0.0
0,15.0,N-,#_E,COR,a,n,1.5,0.75,0.0
0,15.0,N-,#_E,ROM,a,n̪,1.5,1.666666667,0.0
0,15.0,N-,#_E,SCN,a,n,1.5,0.75,0.0
0,15.0,N-,#_E,VAL,a,n,1.5,0.75,0.0
0,15.0,N-,#_E,VEN,a,n,1.5,0.75,0.0
0,15.0,N-,#_E,ARG,a,n,1.5,0.75,0.0
0,15.0,N-,#_E,RMH,a,n,1.5,0.75,0.0
0,15.0,N-,#_E,CPN SRD,a,n,1.5,0.75,0.0
0,15.0,N-,#_E,LMO,a,n,1.5,0.75,0.0
0,15.0,N-,#_E,LOG SRD,a,n,1.5,0.75,0.0
0,15.0,N-,#_E,OCC,a,n,1.5,0.75,0.0
0,15.0,N-,#_E,PGL,a,n,1.5,0.75,0.0
0,15.0,N-,#_E,QBC FRA,a,n̪,1.5,1.666666667,0.0
0,15.0,N-,#_E,LAT,a,n,1.5,0.75,0.0
0,15.0,N-,#_E,LIG,a,n,1.5,0.75,0.0
0,15.0,N-,#_E,WAL,a,n̪,1.5,1.666666667,0.0
0,15.0,N-,#_E,AND ESP,a,n,1.5,0.75,0.0
0,16.0,N-,"#_{a,O}",ABR,a,n,1.5,0.75,0.0
0,16.0,N-,"#_{a,O}",ARG,a,n,1.5,0.75,0.0
0,16.0,N-,"#_{a,O}",ITA,a,n,1.5,0.75,0.0
0,16.0,N-,"#_{a,O}",LAT,a,n,1.5,0.75,0.0
0,16.0,N-,"#_{a,O}",WAL,a,n̪,1.5,1.666666667,0.0
0,16.0,N-,"#_{a,O}",VEN,a,n,1.5,0.75,0.0
0,16.0,N-,"#_{a,O}",VAL,a,n,1.5,0.75,0.0
0,16.0,N-,"#_{a,O}",SCN,a,n,1.5,0.75,0.0
0,16.0,N-,"#_{a,O}",COR,a,n,1.5,0.75,0.0
0,16.0,N-,"#_{a,O}",CAT,a,n,1.5,0.75,0.0
0,16.0,N-,"#_{a,O}",QBC FRA,a,n̪,1.5,1.666666667,0.0
0,16.0,N-,"#_{a,O}",PGL,a,n,1.5,0.75,0.0
0,16.0,N-,"#_{a,O}",OCC,a,n,1.5,0.75,0.0
0,16.0,N-,"#_{a,O}",LOG SRD,a,n,1.5,0.75,0.0
0,16.0,N-,"#_{a,O}",LMO,a,n,1.5,0.75,0.0
0,16.0,N-,"#_{a,O}",LIG,a,n,1.5,0.75,0.0
0,16.0,N-,"#_{a,O}",ARO,a,n̪,1.5,1.666666667,0.0
0,16.0,N-,"#_{a,O}",CAM,a,n,1.5,0.75,0.0
0,16.0,N-,"#_{a,O}",GAS OCC,a,n,1.5,0.75,0.0
0,16.0,N-,"#_{a,O}",GAL,a,n,1.5,0.75,0.0
0,16.0,N-,"#_{a,O}",FUR,a,n,1.5,0.75,0.0
0,16.0,N-,"#_{a,O}",EU POR,a,n,1.5,0.75,0.0
0,16.0,N-,"#_{a,O}",EU FRA,a,n̪,1.5,1.666666667,0.0
0,16.0,N-,"#_{a,O}",CPN SRD,a,n,1.5,0.75,0.0
0,16.0,N-,"#_{a,O}",CAS ESP,a,n,1.5,0.75,0.0
0,16.0,N-,"#_{a,O}",ARP,a,n,1.5,0.75,0.0
0,16.0,N-,"#_{a,O}",BR POR,a,n,1.5,0.75,0.0
0,16.0,N-,"#_{a,O}",BAL,a,n,1.5,0.75,0.0
0,16.0,N-,"#_{a,O}",ASL,a,n~ɲ,1.5,-0.625,0.0
0,16.0,N-,"#_{a,O}",AMR ESP,a,n,1.5,0.75,0.0
0,16.0,N-,"#_{a,O}",AND ESP,a,n,1.5,0.75,0.0
0,16.0,N-,"#_{a,O}",RMH,a,n,1.5,0.75,0.0
0,16.0,N-,"#_{a,O}",ROM,a,n̪,1.5,1.666666667,0.0
0,16.5,M-,#_,LOG SRD,a,m,1.5,3.0,0.0
0,16.5,M-,#_,ABR,a,m,1.5,3.0,0.0
0,16.5,M-,#_,PGL,a,m,1.5,3.0,0.0
0,16.5,M-,#_,CAS ESP,a,m,1.5,3.0,0.0
0,16.5,M-,#_,CAT,a,m,1.5,3.0,0.0
0,16.5,M-,#_,OCC,a,m,1.5,3.0,0.0
0,16.5,M-,#_,CPN SRD,a,m,1.5,3.0,0.0
0,16.5,M-,#_,VAL,a,m,1.5,3.0,0.0
0,16.5,M-,#_,VEN,a,m,1.5,3.0,0.0
0,16.5,M-,#_,WAL,a,m,1.5,3.0,0.0
0,16.5,M-,#_,GAS OCC,a,m,1.5,3.0,0.0
0,16.5,M-,#_,LAT,a,m,1.5,3.0,0.0
0,16.5,M-,#_,ITA,a,m,1.5,3.0,0.0
0,16.5,M-,#_,COR,a,m,1.5,3.0,0.0
0,16.5,M-,#_,SCN,a,m,1.5,3.0,0.0
0,16.5,M-,#_,RMH,a,m,1.5,3.0,0.0
0,16.5,M-,#_,ROM,a,m,1.5,3.0,0.0
0,16.5,M-,#_,EU POR,a,m,1.5,3.0,0.0
0,16.5,M-,#_,EU FRA,a,m,1.5,3.0,0.0
0,16.5,M-,#_,GAL,a,m,1.5,3.0,0.0
0,16.5,M-,#_,FUR,a,m,1.5,3.0,0.0
0,16.5,M-,#_,ARG,a,m,1.5,3.0,0.0
0,16.5,M-,#_,AND ESP,a,m,1.5,3.0,0.0
0,16.5,M-,#_,BR POR,a,m,1.5,3.0,0.0
0,16.5,M-,#_,CAM,a,m,1.5,3.0,0.0
0,16.5,M-,#_,ASL,a,m,1.5,3.0,0.0
0,16.5,M-,#_,BAL,a,m,1.5,3.0,0.0
0,16.5,M-,#_,ARP,a,m,1.5,3.0,0.0
0,16.5,M-,#_,ARO,a,m,1.5,3.0,0.0
0,16.5,M-,#_,LIG,a,m,1.5,3.0,0.0
0,16.5,M-,#_,AMR ESP,a,m,1.5,3.0,0.0
0,16.5,M-,#_,QBC FRA,a,m,1.5,3.0,0.0
0,16.5,M-,#_,LMO,a,m,1.5,3.0,0.0
0,17.0,F-,"ˈ#_{ĕ,ŏ}",ARO,a,f,2.0,2.5,255.0
0,17.0,F-,"ˈ#_{ĕ,ŏ}",ARG,a,f,2.0,2.5,255.0
0,17.0,F-,"ˈ#_{ĕ,ŏ}",BR POR,a,f,2.0,2.5,255.0
0,17.0,F-,"ˈ#_{ĕ,ŏ}",BAL,a,f,2.0,2.5,255.0
0,17.0,F-,"ˈ#_{ĕ,ŏ}",ASL,a,f(h),2.0,-0.166666667,255.0
0,17.0,F-,"ˈ#_{ĕ,ŏ}",ABR,a,f,2.0,2.5,255.0
0,17.0,F-,"ˈ#_{ĕ,ŏ}",AND ESP,a,ɸ~f,2.0,2.75,255.0
0,17.0,F-,"ˈ#_{ĕ,ŏ}",AMR ESP,a,ɸ~f,2.0,2.75,255.0
0,17.0,F-,"ˈ#_{ĕ,ŏ}",CAS ESP,a,ɸ~f,2.0,2.75,255.0
0,17.0,F-,"ˈ#_{ĕ,ŏ}",CAM,a,f,2.0,2.5,255.0
0,17.0,F-,"ˈ#_{ĕ,ŏ}",GAL,a,f,2.0,2.5,255.0
0,17.0,F-,"ˈ#_{ĕ,ŏ}",FUR,a,f,2.0,2.5,255.0
0,17.0,F-,"ˈ#_{ĕ,ŏ}",EU FRA,a,f,2.0,2.5,255.0
0,17.0,F-,"ˈ#_{ĕ,ŏ}",ARP,a,f,2.0,2.5,255.0
0,17.0,F-,"ˈ#_{ĕ,ŏ}",OCC,a,f,2.0,2.5,255.0
0,17.0,F-,"ˈ#_{ĕ,ŏ}",GAS OCC,a,f,2.0,2.5,255.0
0,17.0,F-,"ˈ#_{ĕ,ŏ}",ITA,a,f,2.0,2.5,255.0
0,17.0,F-,"ˈ#_{ĕ,ŏ}",LAT,a,ɸ~f,2.0,2.75,255.0
0,17.0,F-,"ˈ#_{ĕ,ŏ}",VEN,a,f,2.0,2.5,255.0
0,17.0,F-,"ˈ#_{ĕ,ŏ}",WAL,a,f,2.0,2.5,255.0
0,17.0,F-,"ˈ#_{ĕ,ŏ}",VAL,a,f,2.0,2.5,255.0
0,17.0,F-,"ˈ#_{ĕ,ŏ}",CPN SRD,a,f,2.0,2.5,255.0
0,17.0,F-,"ˈ#_{ĕ,ŏ}",LMO,a,f,2.0,2.5,255.0
0,17.0,F-,"ˈ#_{ĕ,ŏ}",CAT,a,f,2.0,2.5,255.0
0,17.0,F-,"ˈ#_{ĕ,ŏ}",COR,a,f,2.0,2.5,255.0
0,17.0,F-,"ˈ#_{ĕ,ŏ}",EU POR,a,f,2.0,2.5,255.0
0,17.0,F-,"ˈ#_{ĕ,ŏ}",LIG,a,f,2.0,2.5,255.0
0,17.0,F-,"ˈ#_{ĕ,ŏ}",LOG SRD,a,f,2.0,2.5,255.0
0,17.0,F-,"ˈ#_{ĕ,ŏ}",RMH,a,f,2.0,2.5,255.0
0,17.0,F-,"ˈ#_{ĕ,ŏ}",QBC FRA,a,f,2.0,2.5,255.0
0,17.0,F-,"ˈ#_{ĕ,ŏ}",PGL,a,f,2.0,2.5,255.0
0,17.0,F-,"ˈ#_{ĕ,ŏ}",ROM,a,f,2.0,2.5,255.0
0,17.0,F-,"ˈ#_{ĕ,ŏ}",SCN,a,f,2.0,2.5,255.0
0,18.0,F-,"#_{a,ē,i,ō,u}",EU POR,a,f,2.0,2.5,255.0
0,18.0,F-,"#_{a,ē,i,ō,u}",OCC,a,f,2.0,2.5,255.0
0,18.0,F-,"#_{a,ē,i,ō,u}",PGL,a,f,2.0,2.5,255.0
0,18.0,F-,"#_{a,ē,i,ō,u}",WAL,a,f,2.0,2.5,255.0
0,18.0,F-,"#_{a,ē,i,ō,u}",ARO,a,f,2.0,2.5,255.0
0,18.0,F-,"#_{a,ē,i,ō,u}",ARP,a,f,2.0,2.5,255.0
0,18.0,F-,"#_{a,ē,i,ō,u}",ASL,a,f(h),2.0,-0.166666667,255.0
0,18.0,F-,"#_{a,ē,i,ō,u}",BAL,a,f,2.0,2.5,255.0
0,18.0,F-,"#_{a,ē,i,ō,u}",EU FRA,a,f,2.0,2.5,255.0
0,18.0,F-,"#_{a,ē,i,ō,u}",CPN SRD,a,f,2.0,2.5,255.0
0,18.0,F-,"#_{a,ē,i,ō,u}",COR,a,f,2.0,2.5,255.0
0,18.0,F-,"#_{a,ē,i,ō,u}",GAS OCC,a,f,2.0,2.5,255.0
0,18.0,F-,"#_{a,ē,i,ō,u}",ITA,a,f,2.0,2.5,255.0
0,18.0,F-,"#_{a,ē,i,ō,u}",CAT,a,f,2.0,2.5,255.0
0,18.0,F-,"#_{a,ē,i,ō,u}",CAS ESP,a,∅,0.0,0.0,255.0
0,18.0,F-,"#_{a,ē,i,ō,u}",CAM,a,f,2.0,2.5,255.0
0,18.0,F-,"#_{a,ē,i,ō,u}",BR POR,a,f,2.0,2.5,255.0
0,18.0,F-,"#_{a,ē,i,ō,u}",LOG SRD,a,f,2.0,2.5,255.0
0,18.0,F-,"#_{a,ē,i,ō,u}",VAL,a,f,2.0,2.5,255.0
0,18.0,F-,"#_{a,ē,i,ō,u}",SCN,a,f,2.0,2.5,255.0
0,18.0,F-,"#_{a,ē,i,ō,u}",ROM,a,f,2.0,2.5,255.0
0,18.0,F-,"#_{a,ē,i,ō,u}",LIG,a,f,2.0,2.5,255.0
0,18.0,F-,"#_{a,ē,i,ō,u}",LMO,a,f,2.0,2.5,255.0
0,18.0,F-,"#_{a,ē,i,ō,u}",LAT,a,ɸ~f,2.0,2.75,255.0
0,18.0,F-,"#_{a,ē,i,ō,u}",VEN,a,f,2.0,2.5,255.0
0,18.0,F-,"#_{a,ē,i,ō,u}",FUR,a,f,2.0,2.5,255.0
0,18.0,F-,"#_{a,ē,i,ō,u}",GAL,a,f,2.0,2.5,255.0
0,18.0,F-,"#_{a,ē,i,ō,u}",QBC FRA,a,f,2.0,2.5,255.0
0,18.0,F-,"#_{a,ē,i,ō,u}",RMH,a,f,2.0,2.5,255.0
0,18.0,F-,"#_{a,ē,i,ō,u}",ABR,a,f,2.0,2.5,255.0
0,18.0,F-,"#_{a,ē,i,ō,u}",ARG,a,f,2.0,2.5,255.0
0,18.0,F-,"#_{a,ē,i,ō,u}",AND ESP,a,h~∅,1.0,-6.0,255.0
0,18.0,F-,"#_{a,ē,i,ō,u}",AMR ESP,a,∅,0.0,0.0,255.0
0,19.0,V-,#_E,GAL,a,b,4.0,3.0,0.0
0,19.0,V-,#_E,LOG SRD,a,b,4.0,3.0,0.0
0,19.0,V-,#_E,OCC,a,b~v,3.0,2.75,0.0
0,19.0,V-,#_E,QBC FRA,a,v,2.0,2.5,0.0
0,19.0,V-,#_E,CAS ESP,a,b,4.0,3.0,0.0
0,19.0,V-,#_E,GAS OCC,a,b,4.0,3.0,0.0
0,19.0,V-,#_E,EU FRA,a,v,2.0,2.5,0.0
0,19.0,V-,#_E,EU POR,a,v(b),2.5,2.625,0.0
0,19.0,V-,#_E,LMO,a,v,2.0,2.5,0.0
0,19.0,V-,#_E,VEN,a,v,2.0,2.5,0.0
0,19.0,V-,#_E,CAT,a,b,4.0,3.0,0.0
0,19.0,V-,#_E,CPN SRD,a,b,4.0,3.0,0.0
0,19.0,V-,#_E,ITA,a,v,2.0,2.5,0.0
0,19.0,V-,#_E,LAT,a,w,0.333333333,0.0,0.0
0,19.0,V-,#_E,BAL,a,v,2.0,2.5,0.0
0,19.0,V-,#_E,ASL,a,b,4.0,3.0,0.0
0,19.0,V-,#_E,AND ESP,a,b,4.0,3.0,0.0
0,19.0,V-,#_E,AMR ESP,a,b,4.0,3.0,0.0
0,19.0,V-,#_E,ARO,a,v,2.0,2.5,0.0
0,19.0,V-,#_E,BR POR,a,v,2.0,2.5,0.0
0,19.0,V-,#_E,ARP,a,v,2.0,2.5,0.0
0,19.0,V-,#_E,CAM,a,v,2.0,2.5,0.0
0,19.0,V-,#_E,SCN,a,v,2.0,2.5,0.0
0,19.0,V-,#_E,ROM,a,v,2.0,2.5,0.0
0,19.0,V-,#_E,VAL,a,v,2.0,2.5,0.0
0,20.0,V-,"#_{a,O}",GAS OCC,a,b,4.0,3.0,0.0
0,20.0,V-,"#_{a,O}",ITA,a,v,2.0,2.5,0.0
0,20.0,V-,"#_{a,O}",LAT,a,w,0.333333333,0.0,0.0
0,20.0,V-,"#_{a,O}",LMO,a,v,2.0,2.5,0.0
0,20.0,V-,"#_{a,O}",LOG SRD,a,b,4.0,3.0,0.0
0,20.0,V-,"#_{a,O}",OCC,a,b~v,3.0,2.75,0.0
0,20.0,V-,"#_{a,O}",QBC FRA,a,v,2.0,2.5,0.0
0,20.0,V-,"#_{a,O}",ARP,a,v,2.0,2.5,0.0
0,20.0,V-,"#_{a,O}",AND ESP,a,b,4.0,3.0,0.0
0,20.0,V-,"#_{a,O}",ARO,a,v,2.0,2.5,0.0
0,20.0,V-,"#_{a,O}",AMR ESP,a,b,4.0,3.0,0.0
0,20.0,V-,"#_{a,O}",EU POR,a,v(b),2.5,2.625,0.0
0,20.0,V-,"#_{a,O}",CAT,a,b,4.0,3.0,0.0
0,20.0,V-,"#_{a,O}",CAS ESP,a,b,4.0,3.0,0.0
0,20.0,V-,"#_{a,O}",EU FRA,a,v,2.0,2.5,0.0
0,20.0,V-,"#_{a,O}",CPN SRD,a,b,4.0,3.0,0.0
0,20.0,V-,"#_{a,O}",BR POR,a,v,2.0,2.5,0.0
0,20.0,V-,"#_{a,O}",CAM,a,v,2.0,2.5,0.0
0,20.0,V-,"#_{a,O}",VEN,a,v,2.0,2.5,0.0
0,20.0,V-,"#_{a,O}",GAL,a,b,4.0,3.0,0.0
0,20.0,V-,"#_{a,O}",SCN,a,v,2.0,2.5,0.0
0,20.0,V-,"#_{a,O}",VAL,a,v,2.0,2.5,0.0
0,20.0,V-,"#_{a,O}",ROM,a,v,2.0,2.5,0.0
0,20.0,V-,"#_{a,O}",BAL,a,v,2.0,2.5,0.0
0,20.0,V-,"#_{a,O}",ASL,a,b,4.0,3.0,0.0
0,21.0,S-,ˈ#_E,CPN SRD,a,s(s̠),2.0,0.875,255.0
0,21.0,S-,ˈ#_E,LMO,a,s̠,2.0,0.5,255.0
0,21.0,S-,ˈ#_E,LIG,a,s,2.0,1.0,255.0
0,21.0,S-,ˈ#_E,OCC,a,s̠,2.0,0.5,255.0
0,21.0,S-,ˈ#_E,BR POR,a,s,2.0,1.0,255.0
0,21.0,S-,ˈ#_E,ASL,a,s̠,2.0,0.5,255.0
0,21.0,S-,ˈ#_E,LOG SRD,a,s̠,2.0,0.5,255.0
0,21.0,S-,ˈ#_E,CAM,a,s,2.0,1.0,255.0
0,21.0,S-,ˈ#_E,CAS ESP,a,s̠,2.0,0.5,255.0
0,21.0,S-,ˈ#_E,AND ESP,a,s̟,2.0,1.666666667,255.0
0,21.0,S-,ˈ#_E,ABR,a,s,2.0,1.0,255.0
0,21.0,S-,ˈ#_E,ARG,a,s̠,2.0,0.5,255.0
0,21.0,S-,ˈ#_E,AMR ESP,a,s,2.0,1.0,255.0
0,21.0,S-,ˈ#_E,CAT,a,s̠,2.0,0.5,255.0
0,21.0,S-,ˈ#_E,BAL,a,s̠,2.0,0.5,255.0
0,21.0,S-,ˈ#_E,GAL,a,s̠(s),2.0,0.625,255.0
0,21.0,S-,ˈ#_E,GAS OCC,a,s̠,2.0,0.5,255.0
0,21.0,S-,ˈ#_E,ITA,a,s,2.0,1.0,255.0
0,21.0,S-,ˈ#_E,ARO,a,s̪,2.0,1.333333333,255.0
0,21.0,S-,ˈ#_E,RMH,a,s,2.0,1.0,255.0
0,21.0,S-,ˈ#_E,QBC FRA,a,s̪,2.0,1.333333333,255.0
0,21.0,S-,ˈ#_E,PGL,a,s,2.0,1.0,255.0
0,21.0,S-,ˈ#_E,COR,a,s,2.0,1.0,255.0
0,21.0,S-,ˈ#_E,LAT,a,s̠,2.0,0.5,255.0
0,21.0,S-,ˈ#_E,EU FRA,a,s̪,2.0,1.333333333,255.0
0,21.0,S-,ˈ#_E,FUR,a,s̠~s,2.0,0.75,255.0
0,21.0,S-,ˈ#_E,EU POR,a,s(s̠),2.0,0.875,255.0
0,21.0,S-,ˈ#_E,ARP,a,s,2.0,1.0,255.0
0,21.0,S-,ˈ#_E,ROM,a,s̪,2.0,1.333333333,255.0
0,21.0,S-,ˈ#_E,WAL,a,s̪,2.0,1.333333333,255.0
0,21.0,S-,ˈ#_E,VEN,a,s̠,2.0,0.5,255.0
0,21.0,S-,ˈ#_E,VAL,a,s̠,2.0,0.5,255.0
0,21.0,S-,ˈ#_E,ROM,b,ʃ,2.0,-0.5,255.0
0,21.0,S-,ˈ#_E,SCN,a,s,2.0,1.0,255.0
0,22.0,S-,#_Eˈ,SCN,a,s,2.0,1.0,255.0
0,22.0,S-,#_Eˈ,ROM,b,ʃ,2.0,-0.5,255.0
0,22.0,S-,#_Eˈ,RMH,a,s,2.0,1.0,255.0
0,22.0,S-,#_Eˈ,QBC FRA,a,s̪,2.0,1.333333333,255.0
0,22.0,S-,#_Eˈ,ROM,a,s̪,2.0,1.333333333,255.0
0,22.0,S-,#_Eˈ,ARO,a,s̪,2.0,1.333333333,255.0
0,22.0,S-,#_Eˈ,ARG,a,s̠,2.0,0.5,255.0
0,22.0,S-,#_Eˈ,AND ESP,a,s̟,2.0,1.666666667,255.0
0,22.0,S-,#_Eˈ,GAL,a,s̠(s),2.0,0.625,255.0
0,22.0,S-,#_Eˈ,LIG,a,s,2.0,1.0,255.0
0,22.0,S-,#_Eˈ,LMO,a,s̠,2.0,0.5,255.0
0,22.0,S-,#_Eˈ,LOG SRD,a,s̠,2.0,0.5,255.0
0,22.0,S-,#_Eˈ,OCC,a,s̠,2.0,0.5,255.0
0,22.0,S-,#_Eˈ,CPN SRD,a,s(s̠),2.0,0.875,255.0
0,22.0,S-,#_Eˈ,EU FRA,a,s̪,2.0,1.333333333,255.0
0,22.0,S-,#_Eˈ,EU POR,a,s(s̠),2.0,0.875,255.0
0,22.0,S-,#_Eˈ,FUR,a,s̠~s,2.0,0.75,255.0
0,22.0,S-,#_Eˈ,PGL,a,s,2.0,1.0,255.0
0,22.0,S-,#_Eˈ,CAS ESP,a,s̠,2.0,0.5,255.0
0,22.0,S-,#_Eˈ,CAT,a,s̠,2.0,0.5,255.0
0,22.0,S-,#_Eˈ,COR,a,s,2.0,1.0,255.0
0,22.0,S-,#_Eˈ,CAM,a,s,2.0,1.0,255.0
0,22.0,S-,#_Eˈ,GAS OCC,a,s̠,2.0,0.5,255.0
0,22.0,S-,#_Eˈ,AMR ESP,a,s,2.0,1.0,255.0
0,22.0,S-,#_Eˈ,ABR,a,s,2.0,1.0,255.0
0,22.0,S-,#_Eˈ,BR POR,a,s,2.0,1.0,255.0
0,22.0,S-,#_Eˈ,BAL,a,s̠,2.0,0.5,255.0
0,22.0,S-,#_Eˈ,ASL,a,s̠,2.0,0.5,255.0
0,22.0,S-,#_Eˈ,ARP,a,s,2.0,1.0,255.0
0,22.0,S-,#_Eˈ,ITA,a,s,2.0,1.0,255.0
0,22.0,S-,#_Eˈ,LAT,a,s̠,2.0,0.5,255.0
0,22.0,S-,#_Eˈ,VAL,a,s̠,2.0,0.5,255.0
0,22.0,S-,#_Eˈ,WAL,a,s̪,2.0,1.333333333,255.0
0,22.0,S-,#_Eˈ,VEN,a,s̠,2.0,0.5,255.0
0,23.0,S-,"#_{a,O}",AMR ESP,a,s,2.0,1.0,255.0
0,23.0,S-,"#_{a,O}",AND ESP,a,s̟,2.0,1.666666667,255.0
0,23.0,S-,"#_{a,O}",ARG,a,s̠,2.0,0.5,255.0
0,23.0,S-,"#_{a,O}",PGL,a,s,2.0,1.0,255.0
0,23.0,S-,"#_{a,O}",QBC FRA,a,s̪,2.0,1.333333333,255.0
0,23.0,S-,"#_{a,O}",RMH,a,s,2.0,1.0,255.0
0,23.0,S-,"#_{a,O}",ROM,a,s̪,2.0,1.333333333,255.0
0,23.0,S-,"#_{a,O}",SCN,a,s,2.0,1.0,255.0
0,23.0,S-,"#_{a,O}",VAL,a,s̠,2.0,0.5,255.0
0,23.0,S-,"#_{a,O}",VEN,a,s̠,2.0,0.5,255.0
0,23.0,S-,"#_{a,O}",CAM,a,s,2.0,1.0,255.0
0,23.0,S-,"#_{a,O}",GAL,a,s̠(s),2.0,0.625,255.0
0,23.0,S-,"#_{a,O}",GAS OCC,a,s̠,2.0,0.5,255.0
0,23.0,S-,"#_{a,O}",ITA,a,s,2.0,1.0,255.0
0,23.0,S-,"#_{a,O}",LAT,a,s̠,2.0,0.5,255.0
0,23.0,S-,"#_{a,O}",LIG,a,s,2.0,1.0,255.0
0,23.0,S-,"#_{a,O}",LMO,a,s̠,2.0,0.5,255.0
0,23.0,S-,"#_{a,O}",LOG SRD,a,s̠,2.0,0.5,255.0
0,23.0,S-,"#_{a,O}",BR POR,a,s,2.0,1.0,255.0
0,23.0,S-,"#_{a,O}",OCC,a,s̠,2.0,0.5,255.0
0,23.0,S-,"#_{a,O}",CAS ESP,a,s̠,2.0,0.5,255.0
0,23.0,S-,"#_{a,O}",CAT,a,s̠,2.0,0.5,255.0
0,23.0,S-,"#_{a,O}",COR,a,s,2.0,1.0,255.0
0,23.0,S-,"#_{a,O}",CPN SRD,a,s(s̠),2.0,0.875,255.0
0,23.0,S-,"#_{a,O}",EU FRA,a,s̪,2.0,1.333333333,255.0
0,23.0,S-,"#_{a,O}",EU POR,a,s(s̠),2.0,0.875,255.0
0,23.0,S-,"#_{a,O}",FUR,a,s̠~s,2.0,0.75,255.0
0,23.0,S-,"#_{a,O}",ABR,a,s,2.0,1.0,255.0
0,23.0,S-,"#_{a,O}",ASL,a,s̠,2.0,0.5,255.0
0,23.0,S-,"#_{a,O}",WAL,a,s̪,2.0,1.333333333,255.0
0,23.0,S-,"#_{a,O}",ARP,a,s,2.0,1.0,255.0
0,23.0,S-,"#_{a,O}",BAL,a,s̠,2.0,0.5,255.0
0,23.0,S-,"#_{a,O}",ARO,a,s̪,2.0,1.333333333,255.0
0,24.0,H-,#_,LOG SRD,a,∅,0.0,0.0,255.0
0,24.0,H-,#_,QBC FRA,a,∅,0.0,0.0,255.0
0,24.0,H-,#_,ARP,a,∅,0.0,0.0,255.0
0,24.0,H-,#_,ARG,a,∅,0.0,0.0,255.0
0,24.0,H-,#_,AND ESP,a,∅,0.0,0.0,255.0
0,24.0,H-,#_,ABR,a,∅,0.0,0.0,255.0
0,24.0,H-,#_,ASL,a,∅,0.0,0.0,255.0
0,24.0,H-,#_,ARO,a,∅,0.0,0.0,255.0
0,24.0,H-,#_,AMR ESP,a,∅,0.0,0.0,255.0
0,24.0,H-,#_,RMH,a,∅,0.0,0.0,255.0
0,24.0,H-,#_,ROM,a,∅,0.0,0.0,255.0
0,24.0,H-,#_,LIG,a,∅,0.0,0.0,255.0
0,24.0,H-,#_,BR POR,a,∅,0.0,0.0,255.0
0,24.0,H-,#_,SCN,a,∅,0.0,0.0,255.0
0,24.0,H-,#_,SCN,b,∅,0.0,0.0,255.0
0,24.0,H-,#_,VAL,a,∅,0.0,0.0,255.0
0,24.0,H-,#_,VEN,a,∅,0.0,0.0,255.0
0,24.0,H-,#_,WAL,a,h~∅,1.0,-6.0,255.0
0,24.0,H-,#_,GAL,a,∅,0.0,0.0,255.0
0,24.0,H-,#_,ITA,b,∅,0.0,0.0,255.0
0,24.0,H-,#_,ITA,a,∅,0.0,0.0,255.0
0,24.0,H-,#_,GAS OCC,a,∅,0.0,0.0,255.0
0,24.0,H-,#_,EU POR,a,∅,0.0,0.0,255.0
0,24.0,H-,#_,FUR,a,∅,0.0,0.0,255.0
0,24.0,H-,#_,EU FRA,a,∅,0.0,0.0,255.0
0,24.0,H-,#_,LAT,a,h~∅,1.0,-6.0,255.0
0,24.0,H-,#_,WAL,b,∅,0.0,0.0,255.0
0,24.0,H-,#_,BAL,a,∅,0.0,0.0,255.0
0,24.0,H-,#_,CAM,b,∅,0.0,0.0,255.0
0,24.0,H-,#_,CAM,a,∅,0.0,0.0,255.0
0,24.0,H-,#_,CAS ESP,a,∅,0.0,0.0,255.0
0,24.0,H-,#_,CAT,a,∅,0.0,0.0,255.0
0,24.0,H-,#_,COR,a,∅,0.0,0.0,255.0
0,24.0,H-,#_,CPN SRD,a,∅,0.0,0.0,255.0
0,24.0,H-,#_,OCC,a,∅,0.0,0.0,255.0
0,24.0,H-,#_,PGL,a,∅,0.0,0.0,255.0
0,24.0,H-,#_,LMO,a,∅,0.0,0.0,255.0
0,25.0,R-,#_,OCC,a,r(ʀ),1.25,-0.833333333,0.0
0,25.0,R-,#_,PGL,a,r,1.25,0.75,0.0
0,25.0,R-,#_,LMO,a,r,1.25,0.75,0.0
0,25.0,R-,#_,LIG,a,r,1.25,0.75,0.0
0,25.0,R-,#_,ITA,a,r,1.25,0.75,0.0
0,25.0,R-,#_,LAT,a,r,1.25,0.75,0.0
0,25.0,R-,#_,GAS OCC,a,r,1.25,0.75,0.0
0,25.0,R-,#_,WAL,a,ʀ,1.25,-4.0,0.0
0,25.0,R-,#_,VEN,a,r,1.25,0.75,0.0
0,25.0,R-,#_,GAL,a,r,1.25,0.75,0.0
0,25.0,R-,#_,VAL,a,r̠,1.25,-0.5,0.0
0,25.0,R-,#_,SCN,a,ʐː~rː,2.03125,-0.25,0.0
0,25.0,R-,#_,RMH,a,r(ʁ),1.5,-0.833333333,0.0
0,25.0,R-,#_,ROM,a,ɾ̪,1.0,1.666666667,0.0
0,25.0,R-,#_,QBC FRA,a,ʁ(ʀ),1.75,-4.0,0.0
0,25.0,R-,#_,LOG SRD,a,r,1.25,0.75,0.0
0,25.0,R-,#_,AND ESP,a,r,1.25,0.75,0.0
0,25.0,R-,#_,ARG,a,r,1.25,0.75,0.0
0,25.0,R-,#_,ABR,a,r,1.25,0.75,0.0
0,25.0,R-,#_,CAS ESP,a,r,1.25,0.75,0.0
0,25.0,R-,#_,EU POR,a,ʁ(r),1.75,2.416666667,0.0
0,25.0,R-,#_,EU FRA,a,ʁ(ʀ),1.75,-4.0,0.0
0,25.0,R-,#_,CPN SRD,a,r,1.25,0.75,0.0
0,25.0,R-,#_,COR,a,r,1.25,0.75,0.0
0,25.0,R-,#_,CAT,a,r̠,1.25,-0.5,0.0
0,25.0,R-,#_,CAM,a,r,1.25,0.75,0.0
0,25.0,R-,#_,BR POR,a,x~h,2.0,-4.5,255.0
0,25.0,R-,#_,BAL,a,r̠,1.25,-0.5,0.0
0,25.0,R-,#_,ASL,a,r,1.25,0.75,0.0
0,25.0,R-,#_,ARP,a,r(ʀ),1.25,-0.833333333,0.0
0,25.0,R-,#_,ARO,a,ɾ̪,1.0,1.666666667,0.0
0,25.0,R-,#_,AMR ESP,a,r,1.25,0.75,0.0
0,25.0,R-,#_,FUR,a,r,1.25,0.75,0.0
0,26.0,L-,#_E,CPN SRD,a,l,0.75,0.75,0.0
0,26.0,L-,#_E,EU POR,a,ɫ̪,0.75,-1.166666667,0.0
0,26.0,L-,#_E,EU FRA,a,l,0.75,0.75,0.0
0,26.0,L-,#_E,COR,a,l,0.75,0.75,0.0
0,26.0,L-,#_E,AMR ESP,a,l,0.75,0.75,0.0
0,26.0,L-,#_E,BAL,a,ȴ[ʎ̟],0.75,0.0,0.0
0,26.0,L-,#_E,CAS ESP,a,l,0.75,0.75,0.0
0,26.0,L-,#_E,CAT,a,ȴ[ʎ̟],0.75,0.0,0.0
0,26.0,L-,#_E,FUR,a,l,0.75,0.75,0.0
0,26.0,L-,#_E,QBC FRA,a,l,0.75,0.75,0.0
0,26.0,L-,#_E,RMH,a,l,0.75,0.75,0.0
0,26.0,L-,#_E,PGL,a,l,0.75,0.75,0.0
0,26.0,L-,#_E,LMO,a,l,0.75,0.75,0.0
0,26.0,L-,#_E,WAL,a,l,0.75,0.75,0.0
0,26.0,L-,#_E,SCN,a,l,0.75,0.75,0.0
0,26.0,L-,#_E,LOG SRD,a,l,0.75,0.75,0.0
0,26.0,L-,#_E,LIG,a,l,0.75,0.75,0.0
0,26.0,L-,#_E,LAT,a,ɫ̪,0.75,-1.166666667,0.0
0,26.0,L-,#_E,ITA,a,l,0.75,0.75,0.0
0,26.0,L-,#_E,VEN,a,l(ɰ),0.611111111,-0.5,0.0
0,26.0,L-,#_E,GAS OCC,a,l,0.75,0.75,0.0
0,26.0,L-,#_E,VAL,a,ȴ[ʎ̟],0.75,0.0,0.0
0,26.0,L-,#_E,OCC,a,l,0.75,0.75,0.0
0,26.0,L-,#_E,GAL,a,l,0.75,0.75,0.0
0,26.0,L-,#_E,ASL,a,ȴ[ʎ̟](ʈ͡ʂ),1.5,-0.416666667,85.0
0,26.0,L-,#_E,BR POR,a,l,0.75,0.75,0.0
0,26.0,L-,#_E,CAM,a,l,0.75,0.75,0.0
0,26.0,L-,#_E,ARO,a,l,0.75,0.75,0.0
0,26.0,L-,#_E,ARP,a,l,0.75,0.75,0.0
0,26.0,L-,#_E,AND ESP,a,l,0.75,0.75,0.0
0,26.0,L-,#_E,ABR,a,l,0.75,0.75,0.0
0,26.0,L-,#_E,LAT,b,l̪ʲ,0.75,-0.166666667,0.0
0,26.0,L-,#_E,RMH,b,ȴ[ʎ̟],0.75,0.0,0.0
0,26.0,L-,#_E,ROM,a,l,0.75,0.75,0.0
0,27.0,L-,"#_{a,O}",QBC FRA,a,l,0.75,0.75,0.0
0,27.0,L-,"#_{a,O}",LAT,a,ɫ̪,0.75,-1.166666667,0.0
0,27.0,L-,"#_{a,O}",LIG,a,l,0.75,0.75,0.0
0,27.0,L-,"#_{a,O}",PGL,a,l,0.75,0.75,0.0
0,27.0,L-,"#_{a,O}",OCC,a,l,0.75,0.75,0.0
0,27.0,L-,"#_{a,O}",RMH,a,l,0.75,0.75,0.0
0,27.0,L-,"#_{a,O}",SCN,a,l,0.75,0.75,0.0
0,27.0,L-,"#_{a,O}",ROM,a,l,0.75,0.75,0.0
0,27.0,L-,"#_{a,O}",RMH,b,ȴ[ʎ̟],0.75,0.0,0.0
0,27.0,L-,"#_{a,O}",ITA,a,l,0.75,0.75,0.0
0,27.0,L-,"#_{a,O}",GAS OCC,a,l,0.75,0.75,0.0
0,27.0,L-,"#_{a,O}",GAL,a,l,0.75,0.75,0.0
0,27.0,L-,"#_{a,O}",FUR,a,l,0.75,0.75,0.0
0,27.0,L-,"#_{a,O}",CAM,a,l,0.75,0.75,0.0
0,27.0,L-,"#_{a,O}",COR,a,l,0.75,0.75,0.0
0,27.0,L-,"#_{a,O}",CPN SRD,a,l,0.75,0.75,0.0
0,27.0,L-,"#_{a,O}",CAS ESP,a,l,0.75,0.75,0.0
0,27.0,L-,"#_{a,O}",CAT,a,ȴ[ʎ̟],0.75,0.0,0.0
0,27.0,L-,"#_{a,O}",BR POR,a,l,0.75,0.75,0.0
0,27.0,L-,"#_{a,O}",LMO,a,l,0.75,0.75,0.0
0,27.0,L-,"#_{a,O}",LOG SRD,a,l,0.75,0.75,0.0
0,27.0,L-,"#_{a,O}",VAL,a,ȴ[ʎ̟],0.75,0.0,0.0
0,27.0,L-,"#_{a,O}",VEN,a,l(ɰ),0.611111111,-0.5,0.0
0,27.0,L-,"#_{a,O}",BAL,a,ȴ[ʎ̟],0.75,0.0,0.0
0,27.0,L-,"#_{a,O}",WAL,a,l,0.75,0.75,0.0
0,27.0,L-,"#_{a,O}",EU FRA,a,l,0.75,0.75,0.0
0,27.0,L-,"#_{a,O}",EU POR,a,ɫ̪,0.75,-1.166666667,0.0
0,27.0,L-,"#_{a,O}",ABR,a,l,0.75,0.75,0.0
0,27.0,L-,"#_{a,O}",ASL,a,ȴ[ʎ̟](ʈ͡ʂ),1.5,-0.416666667,85.0
0,27.0,L-,"#_{a,O}",AMR ESP,a,l,0.75,0.75,0.0
0,27.0,L-,"#_{a,O}",AND ESP,a,l,0.75,0.75,0.0
0,27.0,L-,"#_{a,O}",ARO,a,l,0.75,0.75,0.0
0,27.0,L-,"#_{a,O}",ARP,a,l,0.75,0.75,0.0
0,28.0,J-,#_O,LOG SRD,a,j,0.333333333,-2.0,0.0
0,28.0,J-,#_O,OCC,a,̠d̠͡ʒ(d͡z̠),3.0,-0.166666667,0.0
0,28.0,J-,#_O,QBC FRA,a,ʒ,2.0,-0.5,0.0
0,28.0,J-,#_O,VAL,a,d̠͡ʒ,3.0,-0.5,0.0
0,28.0,J-,#_O,WAL,a,d̠͡ʒ,3.0,-0.5,0.0
0,28.0,J-,#_O,LAT,a,j,0.333333333,-2.0,0.0
0,28.0,J-,#_O,LMO,a,d̠͡ʒ~z,2.5,0.25,0.0
0,28.0,J-,#_O,LIG,a,z(d͡z),2.333333333,1.0,0.0
0,28.0,J-,#_O,EU FRA,a,ʒ,2.0,-0.5,0.0
0,28.0,J-,#_O,CPN SRD,a,d̠͡ʒ,3.0,-0.5,0.0
0,28.0,J-,#_O,EU POR,a,ʒ,2.0,-0.5,0.0
0,28.0,J-,#_O,CAT,a,ʒ,2.0,-0.5,0.0
0,28.0,J-,#_O,ROM,a,ʒ,2.0,-0.5,0.0
0,28.0,J-,#_O,SCN,a,j,0.333333333,-2.0,0.0
0,28.0,J-,#_O,CAM,a,j,0.333333333,-2.0,0.0
0,28.0,J-,#_O,BR POR,a,ʒ,2.0,-0.5,0.0
0,28.0,J-,#_O,GAL,a,ʃ,2.0,-0.5,255.0
0,28.0,J-,#_O,AND ESP,a,h,2.0,-6.0,0.0
0,28.0,J-,#_O,AMR ESP,a,h,2.0,-6.0,0.0
0,28.0,J-,#_O,ARG,a,t̠͡ʃ,3.0,-0.5,255.0
0,28.0,J-,#_O,CAS ESP,a,x,2.0,-3.0,255.0
0,28.0,J-,#_O,BAL,a,ʒ,2.0,-0.5,0.0
0,28.0,J-,#_O,ASL,a,ʃ,2.0,-0.5,255.0
0,28.0,J-,#_O,ARP,a,d͡z~ð,2.5,1.5,0.0
0,28.0,J-,#_O,ITA,a,d̠͡ʒ,3.0,-0.5,0.0
0,28.0,J-,#_O,GAS OCC,a,ʒ,2.0,-0.5,0.0
0,29.0,J-,"#_{a,E}ˈ",SCN,a,j,0.333333333,-2.0,0.0
0,29.0,J-,"#_{a,E}ˈ",WAL,a,d̠͡ʒ,3.0,-0.5,0.0
0,29.0,J-,"#_{a,E}ˈ",ROM,a,ʒ,2.0,-0.5,0.0
0,29.0,J-,"#_{a,E}ˈ",AND ESP,a,∅,0.0,0.0,0.0
0,29.0,J-,"#_{a,E}ˈ",AMR ESP,a,∅,0.0,0.0,0.0
0,29.0,J-,"#_{a,E}ˈ",VAL,a,d̠͡ʒ,3.0,-0.5,0.0
0,29.0,J-,"#_{a,E}ˈ",CAM,a,j,0.333333333,-2.0,0.0
0,29.0,J-,"#_{a,E}ˈ",CAT,a,ʒ,2.0,-0.5,0.0
0,29.0,J-,"#_{a,E}ˈ",EU POR,a,ʒ,2.0,-0.5,0.0
0,29.0,J-,"#_{a,E}ˈ",QBC FRA,a,ʒ,2.0,-0.5,0.0
0,29.0,J-,"#_{a,E}ˈ",GAS OCC,a,ʒ,2.0,-0.5,0.0
0,29.0,J-,"#_{a,E}ˈ",CAS ESP,a,∅,0.0,0.0,0.0
0,29.0,J-,"#_{a,E}ˈ",ARP,a,d͡z~ð,2.5,1.5,0.0
0,29.0,J-,"#_{a,E}ˈ",BR POR,a,ʒ,2.0,-0.5,0.0
0,29.0,J-,"#_{a,E}ˈ",EU FRA,a,ʒ,2.0,-0.5,0.0
0,29.0,J-,"#_{a,E}ˈ",LIG,a,z(d͡z),2.333333333,1.0,0.0
0,29.0,J-,"#_{a,E}ˈ",LMO,a,d̠͡ʒ~z,2.5,0.25,0.0
0,29.0,J-,"#_{a,E}ˈ",ITA,a,d̠͡ʒ,3.0,-0.5,0.0
0,29.0,J-,"#_{a,E}ˈ",LAT,a,j,0.333333333,-2.0,0.0
0,29.0,J-,"#_{a,E}ˈ",OCC,a,̠d̠͡ʒ(d͡z̠),3.0,-0.166666667,0.0
0,29.0,J-,"#_{a,E}ˈ",ARG,a,t̠͡ʃ,3.0,-0.5,255.0
0,29.0,J-,"#_{a,E}ˈ",GAL,a,ʃ,2.0,-0.5,255.0
0,29.0,J-,"#_{a,E}ˈ",BAL,a,ʒ,2.0,-0.5,0.0
0,29.0,J-,"#_{a,E}ˈ",ASL,a,ʃ,2.0,-0.5,255.0
0,30.0,J-,"ˈ#_{a,E}",ARG,a,t̠͡ʃ,3.0,-0.5,255.0
0,30.0,J-,"ˈ#_{a,E}",EU FRA,a,ʒ,2.0,-0.5,0.0
0,30.0,J-,"ˈ#_{a,E}",CAT,a,ʒ,2.0,-0.5,0.0
0,30.0,J-,"ˈ#_{a,E}",WAL,a,d̠͡ʒ,3.0,-0.5,0.0
0,30.0,J-,"ˈ#_{a,E}",SCN,a,j,0.333333333,-2.0,0.0
0,30.0,J-,"ˈ#_{a,E}",CAS ESP,a,ɟ͡ʝ,3.0,-2.0,0.0
0,30.0,J-,"ˈ#_{a,E}",QBC FRA,a,ʒ,2.0,-0.5,0.0
0,30.0,J-,"ˈ#_{a,E}",ASL,a,ʃ,2.0,-0.5,255.0
0,30.0,J-,"ˈ#_{a,E}",BAL,a,ʒ,2.0,-0.5,0.0
0,30.0,J-,"ˈ#_{a,E}",AMR ESP,a,ɟ͡ʝ,3.0,-2.0,0.0
0,30.0,J-,"ˈ#_{a,E}",GAL,a,ʃ,2.0,-0.5,255.0
0,30.0,J-,"ˈ#_{a,E}",CPN SRD,a,d̠͡ʒ,3.0,-0.5,0.0
0,30.0,J-,"ˈ#_{a,E}",CAM,a,j,0.333333333,-2.0,0.0
0,30.0,J-,"ˈ#_{a,E}",VAL,a,d̠͡ʒ,3.0,-0.5,0.0
0,30.0,J-,"ˈ#_{a,E}",LAT,a,j,0.333333333,-2.0,0.0
0,30.0,J-,"ˈ#_{a,E}",ITA,a,d̠͡ʒ,3.0,-0.5,0.0
0,30.0,J-,"ˈ#_{a,E}",GAS OCC,a,ʒ,2.0,-0.5,0.0
0,30.0,J-,"ˈ#_{a,E}",OCC,a,̠d̠͡ʒ(d͡z̠),3.0,-0.166666667,0.0
0,30.0,J-,"ˈ#_{a,E}",ROM,a,ʒ,2.0,-0.5,0.0
0,30.0,J-,"ˈ#_{a,E}",BR POR,a,ʒ,2.0,-0.5,0.0
0,30.0,J-,"ˈ#_{a,E}",LMO,a,d̠͡ʒ~z,2.5,0.25,0.0
0,30.0,J-,"ˈ#_{a,E}",ARP,a,d͡z~ð,2.5,1.5,0.0
0,30.0,J-,"ˈ#_{a,E}",LIG,a,z(d͡z),2.333333333,1.0,0.0
0,30.0,J-,"ˈ#_{a,E}",EU POR,a,ʒ,2.0,-0.5,0.0
0,30.0,J-,"ˈ#_{a,E}",AND ESP,a,ɟ͡ʝ,3.0,-2.0,0.0
0,30.0,J-,"ˈ#_{a,E}",ARO,a,d͡z̪,3.0,1.333333333,0.0
0,31.0,W-,#_E,ITA,a,ɡw,2.1666666665,-1.5,0.0
0,31.0,W-,#_E,FUR,a,vw~w,0.6666666665000001,1.25,63.75
0,31.0,W-,#_E,QBC FRA,a,ɡ,4.0,-3.0,0.0
0,31.0,W-,#_a,AND ESP,a,ɡw,2.1666666665,-1.5,0.0
0,31.0,W-,#_E,OCC,a,ɡ,4.0,-3.0,0.0
0,31.0,W-,#_E,VEN,a,ɡw~v,1.75,-0.875,63.75
0,31.0,W-,#_a,AMR ESP,a,ɡw,2.1666666665,-1.5,0.0
0,31.0,W-,#_E,WAL,a,w,0.333333333,0.0,0.0
0,31.0,W-,#_E,LMO,a,ɡw,2.1666666665,-1.5,0.0
0,31.0,W-,#_a,EU FRA,a,ɡ,4.0,-3.0,0.0
0,31.0,W-,#_a,CAT,a,ɡw,2.1666666665,-1.5,0.0
0,31.0,W-,#_a,WAL,a,w,0.333333333,0.0,0.0
0,31.0,W-,#_a,EU POR,a,ɡw,2.1666666665,-1.5,0.0
0,31.0,W-,#_a,FUR,a,vw~w,0.6666666665000001,1.25,63.75
0,31.0,W-,#_a,GAL,a,ɡw~ɡ,2.0833333335,-1.5,63.75
0,31.0,W-,#_a,GAS OCC,a,ɡw~∅,1.0833333335,-1.5,127.5
0,31.0,W-,#_a,ITA,a,ɡw,2.1666666665,-1.5,0.0
0,31.0,W-,#_E,GAS OCC,a,ɡ,4.0,-3.0,0.0
0,31.0,W-,#_E,LIG,a,ɡw,2.1666666665,-1.5,0.0
0,31.0,W-,#_E,LAT,a,w,0.333333333,0.0,0.0
0,31.0,W-,#_a,CPN SRD,a,ɡw,2.1666666665,-1.5,0.0
0,31.0,W-,#_a,ARP,a,ɡ~w,2.25,-1.5,0.0
0,31.0,W-,#_a,LIG,a,ɡw,2.1666666665,-1.5,0.0
0,31.0,W-,#_a,CAS ESP,a,ɡw,2.1666666665,-1.5,0.0
0,31.0,W-,#_a,CAM,a,ɡw~v,1.75,-0.875,63.75
0,31.0,W-,#_a,BR POR,a,ɡw,2.1666666665,-1.5,0.0
0,31.0,W-,#_E,VAL,a,ɡ,4.0,-3.0,0.0
0,31.0,W-,#_E,RMH,a,ɡw~ɡ,2.0833333335,-1.5,63.75
0,31.0,W-,#_E,GAL,a,ɡ,4.0,-3.0,0.0
0,31.0,W-,#_E,ARG,a,ɡ,4.0,-3.0,0.0
0,31.0,W-,#_E,ARP,a,ɡ,4.0,-3.0,0.0
0,31.0,W-,#_a,LMO,a,ɡw,2.1666666665,-1.5,0.0
0,31.0,W-,#_a,VAL,a,ɡw,2.1666666665,-1.5,0.0
0,31.0,W-,#_a,LOG SRD,a,ɡw~ɡ,2.0833333335,-1.5,63.75
0,31.0,W-,#_a,OCC,a,ɡ,4.0,-3.0,0.0
0,31.0,W-,#_a,QBC FRA,a,ɡ,4.0,-3.0,0.0
0,31.0,W-,#_E,LOG SRD,a,ɡw~ɡ,2.0833333335,-1.5,63.75
0,31.0,W-,#_E,BAL,a,ɡ,4.0,-3.0,0.0
0,31.0,W-,#_E,BR POR,a,ɡ,4.0,-3.0,0.0
0,31.0,W-,#_E,CAM,a,ɡw~v,1.75,-0.875,63.75
0,31.0,W-,#_E,CAS ESP,a,ɡ,4.0,-3.0,0.0
0,31.0,W-,#_E,CAT,a,ɡ,4.0,-3.0,0.0
0,31.0,W-,#_E,CPN SRD,a,ɡw,2.1666666665,-1.5,0.0
0,31.0,W-,#_E,EU FRA,a,ɡ,4.0,-3.0,0.0
0,31.0,W-,#_a,ASL,a,ɡw,2.1666666665,-1.5,0.0
0,31.0,W-,#_a,BAL,a,ɡw,2.1666666665,-1.5,0.0
0,31.0,W-,#_E,AND ESP,a,ɡ,4.0,-3.0,0.0
0,31.0,W-,#_E,AMR ESP,a,ɡ,4.0,-3.0,0.0
0,31.0,W-,#_E,EU POR,a,ɡ,4.0,-3.0,0.0
0,31.0,W-,#_a,RMH,a,ɡw~ɡ,2.0833333335,-1.5,63.75
0,31.0,W-,#_a,VEN,a,ɡw~v,1.75,-0.875,63.75
0,31.0,W-,#_E,ASL,a,ɡ,4.0,-3.0,0.0
0,31.0,W-,#_a,LAT,a,w,0.333333333,0.0,0.0
0,32.0,PL-,#_,LAT,a,pɫ̪,2.375,0.9166666665,127.5
0,32.0,PL-,#_,ITA,a,pj,2.1666666665,0.5,127.5
0,32.0,PL-,#_,LAT,b,pl̪ʲ,2.375,1.4166666665,127.5
0,32.0,PL-,#_,LIG,a,t̠͡ʃ,3.0,-0.5,255.0
0,32.0,PL-,#_,SCN,a,c,4.0,-2.0,255.0
0,32.0,PL-,#_,VAL,a,pɫ,2.375,0.6875,127.5
0,32.0,PL-,#_,ROM,a,pl,2.375,1.875,127.5
0,32.0,PL-,#_,QBC FRA,a,pl,2.375,1.875,127.5
0,32.0,PL-,#_,LMO,a,pj,2.1666666665,0.5,127.5
0,32.0,PL-,#_,RMH,a,pl,2.375,1.875,127.5
0,32.0,PL-,#_,AND ESP,a,ɟ͡ʝ,3.0,-2.0,0.0
0,32.0,PL-,#_,ARG,a,p,4.0,3.0,255.0
0,32.0,PL-,#_,ARO,a,pl,2.375,1.875,127.5
0,32.0,PL-,#_,ARP,a,pl(pȴ~j),2.3333333335,1.5833333335,127.5
0,32.0,PL-,#_,ASL,a,ȴ[ʎ̟](ʈ͡ʂ),1.5,-0.416666667,85.0
0,32.0,PL-,#_,BAL,a,pʟ,2.375,0.0,127.5
0,32.0,PL-,#_,LOG SRD,a,pɾ,2.5,1.875,127.5
0,32.0,PL-,#_,PGL,a,c,4.0,-2.0,255.0
0,32.0,PL-,#_,VEN,a,pj,2.1666666665,0.5,127.5
0,32.0,PL-,#_,OCC,a,pl,2.375,1.875,127.5
0,32.0,PL-,#_,WAL,a,pl,2.375,1.875,127.5
0,32.0,PL-,#_,BR POR,a,ʃ,2.0,-0.5,255.0
0,32.0,PL-,#_,CAM,a,c,4.0,-2.0,255.0
0,32.0,PL-,#_,CAS ESP,a,ʎ,0.75,-2.0,0.0
0,32.0,PL-,#_,CAT,a,pl,2.375,1.875,127.5
0,32.0,PL-,#_,COR,a,pj,2.1666666665,0.5,127.5
0,32.0,PL-,#_,CPN SRD,a,pɾ,2.5,1.875,127.5
0,32.0,PL-,#_,EU FRA,a,pl,2.375,1.875,127.5
0,32.0,PL-,#_,EU POR,a,ʃ,2.0,-0.5,255.0
0,32.0,PL-,#_,FUR,a,pl,2.375,1.875,127.5
0,32.0,PL-,#_,GAL,a,t̠͡ʃ,3.0,-0.5,255.0
0,32.0,PL-,#_,AMR ESP,a,ɟ͡ʝ,3.0,-2.0,0.0
0,32.0,PL-,#_,ABR,a,pj,2.1666666665,0.5,127.5
0,32.0,PL-,#_,GAS OCC,a,pl,2.375,1.875,127.5
0,33.0,BR-,#_,CAM,a,vɾ,1.5,1.625,0.0
0,33.0,BR-,#_,CAT,a,bɾ,2.5,1.875,0.0
0,33.0,BR-,#_,CAS ESP,a,bɾ,2.5,1.875,0.0
0,33.0,BR-,#_,COR,a,bɾ,2.5,1.875,0.0
0,33.0,BR-,#_,CPN SRD,a,bɾ,2.5,1.875,0.0
0,33.0,BR-,#_,QBC FRA,a,bʁ(bʀ),2.875,-0.5,0.0
0,33.0,BR-,#_,PGL,a,vɾ,1.5,1.625,0.0
0,33.0,BR-,#_,ROM,a,bɾ̪,2.5,2.3333333335,0.0
0,33.0,BR-,#_,BR POR,a,bɾ,2.5,1.875,0.0
0,33.0,BR-,#_,BAL,a,bɾ,2.5,1.875,0.0
0,33.0,BR-,#_,LIG,a,bɾ,2.5,1.875,0.0
0,33.0,BR-,#_,ASL,a,bɾ,2.5,1.875,0.0
0,33.0,BR-,#_,LAT,a,bɾ,2.5,1.875,0.0
0,33.0,BR-,#_,ITA,a,bɾ,2.5,1.875,0.0
0,33.0,BR-,#_,GAS OCC,a,bɾ,2.5,1.875,0.0
0,33.0,BR-,#_,GAL,a,bɾ,2.5,1.875,0.0
0,33.0,BR-,#_,RMH,a,bɾ,2.5,1.875,0.0
0,33.0,BR-,#_,LOG SRD,a,bɾ,2.5,1.875,0.0
0,33.0,BR-,#_,OCC,a,bɾ(bʀ),2.6666666665,1.0833333335,0.0
0,33.0,BR-,#_,VAL,a,bɾ,2.5,1.875,0.0
0,33.0,BR-,#_,WAL,a,bʀ,2.625,-0.5,0.0
0,33.0,BR-,#_,VEN,a,bɾ,2.5,1.875,0.0
0,33.0,BR-,#_,AMR ESP,a,bɾ,2.5,1.875,0.0
0,33.0,BR-,#_,AND ESP,a,bɾ,2.5,1.875,0.0
0,33.0,BR-,#_,ABR,a,vɾ,1.5,1.625,0.0
0,33.0,BR-,#_,ARG,a,bɾ,2.5,1.875,0.0
0,33.0,BR-,#_,ARO,a,bɾ̪,2.5,2.3333333335,0.0
0,33.0,BR-,#_,ARP,a,bɾ(bʀ),2.6666666665,1.0833333335,0.0
0,33.0,BR-,#_,FUR,a,bɾ,2.5,1.875,0.0
0,33.0,BR-,#_,EU POR,a,bɾ,2.5,1.875,0.0
0,33.0,BR-,#_,EU FRA,a,bʁ(bʀ),2.875,-0.5,0.0
0,33.0,BR-,#_,SCN,a,vɾ,1.5,1.625,0.0
0,33.0,BR-,#_,LMO,a,bɾ,2.5,1.875,0.0
0,34.0,BL-,#_,BAL,a,bʟ,2.375,0.0,0.0
0,34.0,BL-,#_,ASL,b,bl,2.375,1.875,0.0
0,34.0,BL-,#_,ASL,a,l,0.375,0.375,127.5
0,34.0,BL-,#_,CAT,a,bl,2.375,1.875,0.0
0,34.0,BL-,#_,COR,a,bj,2.1666666665,0.5,0.0
0,34.0,BL-,#_,CPN SRD,a,bɾ,2.5,1.875,0.0
0,34.0,BL-,#_,BR POR,b,l,0.375,0.375,127.5
0,34.0,BL-,#_,EU FRA,a,bl,2.375,1.875,0.0
0,34.0,BL-,#_,ITA,a,bj,2.1666666665,0.5,0.0
0,34.0,BL-,#_,GAS OCC,a,bl,2.375,1.875,0.0
0,34.0,BL-,#_,GAL,b,bɾ,2.5,1.875,0.0
0,34.0,BL-,#_,ARP,a,bl(bȴ~j),2.3333333335,1.5833333335,0.0
0,34.0,BL-,#_,ARO,a,bl,2.375,1.875,0.0
0,34.0,BL-,#_,ARG,a,b,4.0,3.0,0.0
0,34.0,BL-,#_,LAT,b,bl̪ʲ,2.375,1.4166666665,0.0
0,34.0,BL-,#_,BR POR,a,bɾ,2.5,1.875,0.0
0,34.0,BL-,#_,RMH,a,bl,2.375,1.875,0.0
0,34.0,BL-,#_,FUR,a,bl,2.375,1.875,0.0
0,34.0,BL-,#_,LOG SRD,a,bɾ,2.5,1.875,0.0
0,34.0,BL-,#_,ROM,a,bl,2.375,1.875,0.0
0,34.0,BL-,#_,WAL,a,bl,2.375,1.875,0.0
0,34.0,BL-,#_,VEN,a,bj,2.1666666665,0.5,0.0
0,34.0,BL-,#_,SCN,a,j,0.1666666665,-1.0,127.5
0,34.0,BL-,#_,LMO,a,bj,2.1666666665,0.5,0.0
0,34.0,BL-,#_,GAL,a,l,0.375,0.375,127.5
0,34.0,BL-,#_,PGL,a,j,0.1666666665,-1.0,127.5
0,34.0,BL-,#_,VAL,a,bɫ,2.375,0.6875,0.0
0,34.0,BL-,#_,LIG,a,d̠͡ʒ,1.5,-0.25,127.5
0,34.0,BL-,#_,OCC,a,bl,2.375,1.875,0.0
0,34.0,BL-,#_,QBC FRA,a,bl,2.375,1.875,0.0
0,34.0,BL-,#_,EU POR,b,ɫ̪,0.375,-0.5833333335,127.5
0,34.0,BL-,#_,CAS ESP,b,bl,2.375,1.875,0.0
0,34.0,BL-,#_,CAS ESP,a,l,0.375,0.375,127.5
0,34.0,BL-,#_,CAM,a,j,0.1666666665,-1.0,127.5
0,34.0,BL-,#_,LAT,a,bɫ̪,2.375,0.9166666665,0.0
0,34.0,BL-,#_,EU POR,a,bɾ,2.5,1.875,0.0
0,34.0,BL-,#_,AMR ESP,b,l,0.375,0.375,127.5
0,34.0,BL-,#_,AMR ESP,a,bl,2.375,1.875,0.0
0,34.0,BL-,#_,ABR,a,bj,2.1666666665,0.5,0.0
0,34.0,BL-,#_,AND ESP,b,bl,2.375,1.875,0.0
0,34.0,BL-,#_,AND ESP,a,l,0.375,0.375,127.5
0,35.0,TR-,#_,ARP,a,t̪ɾ(t̪ʀ),2.6666666665,0.41666666700000005,127.5
0,35.0,TR-,#_,ARO,a,t̪ɾ̪,2.5,1.666666667,127.5
0,35.0,TR-,#_,ITA,a,t̪ɾ,2.5,1.2083333335000002,127.5
0,35.0,TR-,#_,CPN SRD,a,t̪ɾ,2.5,1.2083333335000002,127.5
0,35.0,TR-,#_,COR,a,t̪ɾ~ʈɽ,2.5,0.1458333335,127.5
0,35.0,TR-,#_,LAT,a,t̪ɾ,2.5,1.2083333335000002,127.5
0,35.0,TR-,#_,EU POR,a,t̪ɾ,2.5,1.2083333335000002,127.5
0,35.0,TR-,#_,FUR,a,t̪ɾ,2.5,1.2083333335000002,127.5
0,35.0,TR-,#_,LMO,a,t̪ɾ,2.5,1.2083333335000002,127.5
0,35.0,TR-,#_,LIG,a,t̪ɾ,2.5,1.2083333335000002,127.5
0,35.0,TR-,#_,EU FRA,a,t̪ʁ(t̪ʀ),2.875,-1.1666666664999998,127.5
0,35.0,TR-,#_,AND ESP,a,t̪ɾ,2.5,1.2083333335000002,127.5
0,35.0,TR-,#_,ARG,a,t̪ɾ,2.5,1.2083333335000002,127.5
0,35.0,TR-,#_,GAS OCC,a,t̪ɾ,2.5,1.2083333335000002,127.5
0,35.0,TR-,#_,CAT,a,t̪ɾ,2.5,1.2083333335000002,127.5
0,35.0,TR-,#_,BR POR,a,t̪ɾ,2.5,1.2083333335000002,127.5
0,35.0,TR-,#_,CAM,a,t̪ɾ,2.5,1.2083333335000002,127.5
0,35.0,TR-,#_,CAS ESP,a,t̪ɾ,2.5,1.2083333335000002,127.5
0,35.0,TR-,#_,BAL,a,t̪ɾ,2.5,1.2083333335000002,127.5
0,35.0,TR-,#_,GAL,a,t̪ɾ,2.5,1.2083333335000002,127.5
0,35.0,TR-,#_,ABR,a,t̪ɾ,2.5,1.2083333335000002,127.5
0,35.0,TR-,#_,AMR ESP,a,t̪ɾ,2.5,1.2083333335000002,127.5
0,35.0,TR-,#_,ASL,a,t̪ɾ,2.5,1.2083333335000002,127.5
0,35.0,TR-,#_,VAL,a,t̪ɾ,2.5,1.2083333335000002,127.5
0,35.0,TR-,#_,WAL,a,t̪ʀ,2.625,-1.1666666664999998,127.5
0,35.0,TR-,#_,LOG SRD,a,t̪ɾ,2.5,1.2083333335000002,127.5
0,35.0,TR-,#_,PGL,a,t̪ɾ,2.5,1.2083333335000002,127.5
0,35.0,TR-,#_,OCC,a,t̪ɾ(t̪ʀ),2.6666666665,0.41666666700000005,127.5
0,35.0,TR-,#_,SCN,a,ʈɽ,2.5,-1.25,127.5
0,35.0,TR-,#_,ROM,a,t̪ɾ̪,2.5,1.666666667,127.5
0,35.0,TR-,#_,VEN,a,t̪ɾ,2.5,1.2083333335000002,127.5
0,35.0,TR-,#_,RMH,a,t̪ɾ,2.5,1.2083333335000002,127.5
0,35.0,TR-,#_,QBC FRA,a,t̪ʁ(t̪ʀ),2.875,-1.1666666664999998,127.5
0,36.0,DR-,#_,SCN,a,ɖɽ,2.5,-1.25,0.0
0,36.0,DR-,#_,RMH,a,d̪ɾ,2.5,1.2083333335000002,0.0
0,36.0,DR-,#_,ROM,a,d̪ɾ̪,2.5,1.666666667,0.0
0,36.0,DR-,#_,WAL,a,d̪ʀ,2.625,-1.1666666664999998,0.0
0,36.0,DR-,#_,VEN,a,d̪ɾ,2.5,1.2083333335000002,0.0
0,36.0,DR-,#_,VAL,a,d̪ɾ,2.5,1.2083333335000002,0.0
0,36.0,DR-,#_,LIG,a,d̪ɾ,2.5,1.2083333335000002,0.0
0,36.0,DR-,#_,ITA,a,d̪ɾ,2.5,1.2083333335000002,0.0
0,36.0,DR-,#_,LAT,a,d̪ɾ,2.5,1.2083333335000002,0.0
0,36.0,DR-,#_,QBC FRA,a,d̪ʁ(d̪ʀ),2.875,-1.1666666664999998,0.0
0,36.0,DR-,#_,CAT,a,d̪ɾ,2.5,1.2083333335000002,0.0
0,36.0,DR-,#_,COR,a,d̪ɾ~ɖɽ,2.5,0.1458333335,0.0
0,36.0,DR-,#_,CPN SRD,a,d̪ɾ,2.5,1.2083333335000002,0.0
0,36.0,DR-,#_,LOG SRD,a,d̪ɾ,2.5,1.2083333335000002,0.0
0,36.0,DR-,#_,OCC,a,d̪ɾ(d̪ʀ),2.6666666665,0.41666666700000005,0.0
0,36.0,DR-,#_,LMO,a,d̪ɾ,2.5,1.2083333335000002,0.0
0,36.0,DR-,#_,PGL,a,d̪ɾ,2.5,1.2083333335000002,0.0
0,36.0,DR-,#_,GAS OCC,a,d̪ɾ,2.5,1.2083333335000002,0.0
0,36.0,DR-,#_,ARG,a,d̪ɾ,2.5,1.2083333335000002,0.0
0,36.0,DR-,#_,ARO,a,d̪ɾ̪,2.5,1.666666667,0.0
0,36.0,DR-,#_,ARP,a,d̪ɾ(d̪ʀ),2.6666666665,0.41666666700000005,0.0
0,36.0,DR-,#_,CAM,a,d̪ɾ,2.5,1.2083333335000002,0.0
0,36.0,DR-,#_,EU POR,a,d̪ɾ,2.5,1.2083333335000002,0.0
0,36.0,DR-,#_,FUR,a,d̪ɾ,2.5,1.2083333335000002,0.0
0,36.0,DR-,#_,CAS ESP,a,d̪ɾ,2.5,1.2083333335000002,0.0
0,36.0,DR-,#_,GAL,a,d̪ɾ,2.5,1.2083333335000002,0.0
0,36.0,DR-,#_,EU FRA,a,d̪ʁ(d̪ʀ),2.875,-1.1666666664999998,0.0
0,36.0,DR-,#_,AMR ESP,a,d̪ɾ,2.5,1.2083333335000002,0.0
0,36.0,DR-,#_,ABR,a,d̪ɾ,2.5,1.2083333335000002,0.0
0,36.0,DR-,#_,AND ESP,a,d̪ɾ,2.5,1.2083333335000002,0.0
0,36.0,DR-,#_,ASL,a,d̪ɾ,2.5,1.2083333335000002,0.0
0,36.0,DR-,#_,BAL,a,d̪ɾ,2.5,1.2083333335000002,0.0
0,36.0,DR-,#_,BR POR,a,d̪ɾ,2.5,1.2083333335000002,0.0
0,37.0,CR-,#_,ROM,a,kɾ̪,2.5,-0.6666666665,127.5
0,37.0,CR-,#_,RMH,a,kɾ,2.5,-1.125,127.5
0,37.0,CR-,#_,GAL,a,kɾ,2.5,-1.125,127.5
0,37.0,CR-,#_,AND ESP,a,kɾ,2.5,-1.125,127.5
0,37.0,CR-,#_,ABR,a,kɾ,2.5,-1.125,127.5
0,37.0,CR-,#_,AMR ESP,a,kɾ,2.5,-1.125,127.5
0,37.0,CR-,#_,CPN SRD,a,kɾ,2.5,-1.125,127.5
0,37.0,CR-,#_,BR POR,a,kɾ,2.5,-1.125,127.5
0,37.0,CR-,#_,CAM,a,kɾ,2.5,-1.125,127.5
0,37.0,CR-,#_,EU FRA,a,kʁ(kʀ),2.875,-3.5,127.5
0,37.0,CR-,#_,EU POR,a,kɾ,2.5,-1.125,127.5
0,37.0,CR-,#_,BAL,a,kɾ,2.5,-1.125,127.5
0,37.0,CR-,#_,ASL,a,kɾ,2.5,-1.125,127.5
0,37.0,CR-,#_,ARP,a,kɾ(kʀ),2.6666666665,-1.9166666665,127.5
0,37.0,CR-,#_,QBC FRA,a,kʁ(kʀ),2.875,-3.5,127.5
0,37.0,CR-,#_,WAL,a,kʀ,2.625,-3.5,127.5
0,37.0,CR-,#_,SCN,a,kɾ,2.5,-1.125,127.5
0,37.0,CR-,#_,VAL,a,kɾ,2.5,-1.125,127.5
0,37.0,CR-,#_,ARO,a,kɾ̪,2.5,-0.6666666665,127.5
0,37.0,CR-,#_,FUR,a,kɾ,2.5,-1.125,127.5
0,37.0,CR-,#_,OCC,a,kɾ(kʀ),2.6666666665,-1.9166666665,127.5
0,37.0,CR-,#_,LOG SRD,a,kɾ,2.5,-1.125,127.5
0,37.0,CR-,#_,LMO,a,kɾ,2.5,-1.125,127.5
0,37.0,CR-,#_,LIG,a,kɾ,2.5,-1.125,127.5
0,37.0,CR-,#_,VEN,a,kɾ,2.5,-1.125,127.5
0,37.0,CR-,#_,ARG,a,kɾ,2.5,-1.125,127.5
0,37.0,CR-,#_,ITA,a,kɾ,2.5,-1.125,127.5
0,37.0,CR-,#_,LAT,a,kɾ,2.5,-1.125,127.5
0,37.0,CR-,#_,PGL,a,kɾ,2.5,-1.125,127.5
0,37.0,CR-,#_,CAS ESP,a,kɾ,2.5,-1.125,127.5
0,37.0,CR-,#_,CAT,a,kɾ,2.5,-1.125,127.5
0,37.0,CR-,#_,COR,a,kɾ,2.5,-1.125,127.5
0,37.0,CR-,#_,GAS OCC,a,kɾ,2.5,-1.125,127.5
0,38.0,CL-,#_,VEN,a,t̠͡ʃ,1.5,-0.25,255.0
0,38.0,CL-,#_,WAL,a,kl,2.375,-1.125,127.5
0,38.0,CL-,#_,OCC,a,kl,2.375,-1.125,127.5
0,38.0,CL-,#_,LOG SRD,a,kɾ,2.5,-1.125,127.5
0,38.0,CL-,#_,VAL,a,k,4.0,-3.0,255.0
0,38.0,CL-,#_,PGL,a,c,2.0,-1.0,255.0
0,38.0,CL-,#_,SCN,a,c,2.0,-1.0,255.0
0,38.0,CL-,#_,QBC FRA,a,kl,2.375,-1.125,127.5
0,38.0,CL-,#_,AMR ESP,a,ɟ͡ʝ,1.5,-1.0,127.5
0,38.0,CL-,#_,AND ESP,a,ɟ͡ʝ,1.5,-1.0,127.5
0,38.0,CL-,#_,ARG,a,k,4.0,-3.0,255.0
0,38.0,CL-,#_,EU POR,a,ʃ,1.0,-0.25,255.0
0,38.0,CL-,#_,RMH,a,kl,2.375,-1.125,127.5
0,38.0,CL-,#_,ROM,a,kj~c,2.0833333335,-2.25,191.25
0,38.0,CL-,#_,ASL,a,ȴ[ʎ̟](ʈ͡ʂ),0.75,-0.2083333335,170.0
0,38.0,CL-,#_,ABR,a,c,2.0,-1.0,255.0
0,38.0,CL-,#_,ARO,a,kʎ,2.375,-2.5,127.5
0,38.0,CL-,#_,BAL,a,kʟ,2.375,-3.0,127.5
0,38.0,CL-,#_,EU FRA,a,kl,2.375,-1.125,127.5
0,38.0,CL-,#_,EU FRA,b,ɡl,2.375,-1.125,0.0
0,38.0,CL-,#_,BR POR,a,ʃ,1.0,-0.25,255.0
0,38.0,CL-,#_,ARP,a,kl~ȶj,2.2708333335,-1.0625,127.5
0,38.0,CL-,#_,COR,a,c,2.0,-1.0,255.0
0,38.0,CL-,#_,CPN SRD,a,kɾ,2.5,-1.125,127.5
0,38.0,CL-,#_,CAM,a,c,2.0,-1.0,255.0
0,38.0,CL-,#_,CAS ESP,a,ʎ,0.375,-1.0,127.5
0,38.0,CL-,#_,CAT,a,kl,2.375,-1.125,127.5
0,38.0,CL-,#_,ITA,a,kj,2.1666666665,-2.5,127.5
0,38.0,CL-,#_,FUR,a,kl,2.375,-1.125,127.5
0,38.0,CL-,#_,GAL,a,t̠͡ʃ,1.5,-0.25,255.0
0,38.0,CL-,#_,GAS OCC,a,kl,2.375,-1.125,127.5
0,38.0,CL-,#_,LMO,a,t̠͡ʃ,1.5,-0.25,255.0
0,38.0,CL-,#_,LAT,b,kl̪ʲ,2.375,-1.5833333335,127.5
0,38.0,CL-,#_,LIG,a,t̠͡ʃ,1.5,-0.25,255.0
0,38.0,CL-,#_,LAT,a,kɫ̪,2.375,-2.0833333335,127.5
0,39.0,QU-,ˈ#_a,VAL,a,kw,2.1666666665,-1.5,127.5
0,39.0,QU-,ˈ#_a,QBC FRA,a,k,2.0,-1.5,255.0
0,39.0,QU-,ˈ#_a,VEN,a,kw,2.1666666665,-1.5,127.5
0,39.0,QU-,ˈ#_a,WAL,a,kw~k,2.0833333335,-1.5,191.25
0,39.0,QU-,ˈ#_a,SCN,a,kw,2.1666666665,-1.5,127.5
0,39.0,QU-,ˈ#_a,EU POR,a,kw,2.1666666665,-1.5,127.5
0,39.0,QU-,ˈ#_a,FUR,a,kw,2.1666666665,-1.5,127.5
0,39.0,QU-,ˈ#_a,GAL,a,kw~k,2.0833333335,-1.5,191.25
0,39.0,QU-,ˈ#_a,BAL,a,kw,2.1666666665,-1.5,127.5
0,39.0,QU-,ˈ#_a,CPN SRD,b,k,2.0,-1.5,255.0
0,39.0,QU-,ˈ#_a,ASL,a,kw,2.1666666665,-1.5,127.5
0,39.0,QU-,ˈ#_a,ARP,a,k,2.0,-1.5,255.0
0,39.0,QU-,ˈ#_a,ITA,a,kw,2.1666666665,-1.5,127.5
0,39.0,QU-,ˈ#_a,OCC,a,k,2.0,-1.5,255.0
0,39.0,QU-,ˈ#_a,PGL,a,kw,2.1666666665,-1.5,127.5
0,39.0,QU-,ˈ#_a,EU FRA,a,k,2.0,-1.5,255.0
0,39.0,QU-,ˈ#_a,CPN SRD,a,kw,2.1666666665,-1.5,127.5
0,39.0,QU-,ˈ#_a,ARO,b,k,2.0,-1.5,255.0
0,39.0,QU-,ˈ#_a,LOG SRD,b,k,2.0,-1.5,255.0
0,39.0,QU-,ˈ#_a,LIG,a,kw,2.1666666665,-1.5,127.5
0,39.0,QU-,ˈ#_a,GAS OCC,a,kw,2.1666666665,-1.5,127.5
0,39.0,QU-,ˈ#_a,AND ESP,a,kw,2.1666666665,-1.5,127.5
0,39.0,QU-,ˈ#_a,ARG,a,kw,2.1666666665,-1.5,127.5
0,39.0,QU-,ˈ#_a,ARO,a,p,2.0,1.5,255.0
0,39.0,QU-,ˈ#_a,AMR ESP,a,kw,2.1666666665,-1.5,127.5
0,39.0,QU-,ˈ#_a,LAT,a,kʷ,4.0,-1.5,255.0
0,39.0,QU-,ˈ#_a,LOG SRD,a,b,2.0,1.5,127.5
0,39.0,QU-,ˈ#_a,ABR,a,kw,2.1666666665,-1.5,127.5
0,39.0,QU-,ˈ#_a,COR,a,kʷ,2.0,-0.75,255.0
0,39.0,QU-,ˈ#_a,CAT,a,kw,2.1666666665,-1.5,127.5
0,39.0,QU-,ˈ#_a,CAS ESP,a,kw,2.1666666665,-1.5,127.5
0,39.0,QU-,ˈ#_a,CAM,a,kw,2.1666666665,-1.5,127.5
0,39.0,QU-,ˈ#_a,BR POR,a,kw,2.1666666665,-1.5,127.5
0,39.0,QU-,ˈ#_a,RMH,a,kw,2.1666666665,-1.5,127.5
0,39.0,QU-,ˈ#_a,ROM,b,k,2.0,-1.5,255.0
0,39.0,QU-,ˈ#_a,ROM,a,p,2.0,1.5,255.0
0,39.0,QU-,ˈ#_a,LMO,a,kw,2.1666666665,-1.5,127.5
0,40.0,QU-,#_aˈ,WAL,b,kw~k,2.0833333335,-1.5,191.25
0,40.0,QU-,#_aˈ,LAT,a,kʷ,4.0,-1.5,255.0
0,40.0,QU-,#_aˈ,WAL,a,k,2.0,-1.5,255.0
0,40.0,QU-,#_aˈ,FUR,b,kw~k,2.0833333335,-1.5,191.25
0,40.0,QU-,#_aˈ,EU FRA,a,k,2.0,-1.5,255.0
0,40.0,QU-,#_aˈ,PGL,a,kw,2.1666666665,-1.5,127.5
0,40.0,QU-,#_aˈ,CPN SRD,a,k,2.0,-1.5,255.0
0,40.0,QU-,#_aˈ,GAL,a,k,2.0,-1.5,255.0
0,40.0,QU-,#_aˈ,ARO,a,p,2.0,1.5,255.0
0,40.0,QU-,#_aˈ,CAS ESP,a,k,2.0,-1.5,255.0
0,40.0,QU-,#_aˈ,AND ESP,a,k,2.0,-1.5,255.0
0,40.0,QU-,#_aˈ,AMR ESP,a,k,2.0,-1.5,255.0
0,40.0,QU-,#_aˈ,ABR,a,kw,2.1666666665,-1.5,127.5
0,40.0,QU-,#_aˈ,ITA,a,kw,2.1666666665,-1.5,127.5
0,40.0,QU-,#_aˈ,GAS OCC,a,k,2.0,-1.5,255.0
0,40.0,QU-,#_aˈ,BAL,a,k,2.0,-1.5,255.0
0,40.0,QU-,#_aˈ,CAM,a,kw,2.1666666665,-1.5,127.5
0,40.0,QU-,#_aˈ,BR POR,a,k,2.0,-1.5,255.0
0,40.0,QU-,#_aˈ,BAL,b,kw,2.1666666665,-1.5,127.5
0,40.0,QU-,#_aˈ,RMH,a,kw~k,2.0833333335,-1.5,191.25
0,40.0,QU-,#_aˈ,QBC FRA,a,k,2.0,-1.5,255.0
0,40.0,QU-,#_aˈ,SCN,a,kw,2.1666666665,-1.5,127.5
0,40.0,QU-,#_aˈ,ROM,a,p,2.0,1.5,255.0
0,40.0,QU-,#_aˈ,CAT,b,kw,2.1666666665,-1.5,127.5
0,40.0,QU-,#_aˈ,VAL,b,kw,2.1666666665,-1.5,127.5
0,40.0,QU-,#_aˈ,LOG SRD,a,b,2.0,1.5,127.5
0,40.0,QU-,#_aˈ,LMO,a,kw,2.1666666665,-1.5,127.5
0,40.0,QU-,#_aˈ,LIG,a,kw,2.1666666665,-1.5,127.5
0,40.0,QU-,#_aˈ,OCC,a,k,2.0,-1.5,255.0
0,40.0,QU-,#_aˈ,ARG,a,k,2.0,-1.5,255.0
0,40.0,QU-,#_aˈ,ASL,a,k,2.0,-1.5,255.0
0,40.0,QU-,#_aˈ,ARP,a,k,2.0,-1.5,255.0
0,40.0,QU-,#_aˈ,VAL,a,k,2.0,-1.5,255.0
0,40.0,QU-,#_aˈ,EU POR,a,k,2.0,-1.5,255.0
0,40.0,QU-,#_aˈ,VEN,a,kw,2.1666666665,-1.5,127.5
0,40.0,QU-,#_aˈ,FUR,a,k,2.0,-1.5,255.0
0,40.0,QU-,#_aˈ,COR,a,kʷ,2.0,-0.75,255.0
0,40.0,QU-,#_aˈ,CAT,a,k,2.0,-1.5,255.0
0,41.0,QU-,#_O,ASL,a,k,2.0,-1.5,255.0
0,41.0,QU-,#_O,CAM,a,k,2.0,-1.5,255.0
0,41.0,QU-,#_O,LIG,a,k,2.0,-1.5,255.0
0,41.0,QU-,#_O,ARP,a,k,2.0,-1.5,255.0
0,41.0,QU-,#_O,ARO,a,k,2.0,-1.5,255.0
0,41.0,QU-,#_O,ARG,a,k,2.0,-1.5,255.0
0,41.0,QU-,#_O,AND ESP,a,k,2.0,-1.5,255.0
0,41.0,QU-,#_O,AMR ESP,a,k,2.0,-1.5,255.0
0,41.0,QU-,#_O,EU FRA,a,k,2.0,-1.5,255.0
0,41.0,QU-,#_O,CAS ESP,a,k,2.0,-1.5,255.0
0,41.0,QU-,#_O,CPN SRD,a,k,2.0,-1.5,255.0
0,41.0,QU-,#_O,EU POR,a,k,2.0,-1.5,255.0
0,41.0,QU-,#_O,COR,a,k,2.0,-1.5,255.0
0,41.0,QU-,#_O,FUR,a,k,2.0,-1.5,255.0
0,41.0,QU-,#_O,LMO,a,k,2.0,-1.5,255.0
0,41.0,QU-,#_O,LOG SRD,a,k,2.0,-1.5,255.0
0,41.0,QU-,#_O,OCC,a,k,2.0,-1.5,255.0
0,41.0,QU-,#_O,CAT,a,k,2.0,-1.5,255.0
0,41.0,QU-,#_O,VAL,a,k,2.0,-1.5,255.0
0,41.0,QU-,#_O,GAL,a,k,2.0,-1.5,255.0
0,41.0,QU-,#_O,VEN,a,k,2.0,-1.5,255.0
0,41.0,QU-,#_O,PGL,a,k,2.0,-1.5,255.0
0,41.0,QU-,#_O,WAL,a,k,2.0,-1.5,255.0
0,41.0,QU-,#_O,BR POR,a,k,2.0,-1.5,255.0
0,41.0,QU-,#_O,BAL,a,k,2.0,-1.5,255.0
0,41.0,QU-,#_O,ABR,a,k,2.0,-1.5,255.0
0,41.0,QU-,#_O,SCN,a,k,2.0,-1.5,255.0
0,41.0,QU-,#_O,ROM,a,k,2.0,-1.5,255.0
0,41.0,QU-,#_O,RMH,a,k,2.0,-1.5,255.0
0,41.0,QU-,#_O,QBC FRA,a,k,2.0,-1.5,255.0
0,41.0,QU-,#_O,GAS OCC,a,k,2.0,-1.5,255.0
0,41.0,QU-,#_O,ITA,a,k,2.0,-1.5,255.0
0,41.0,QU-,#_O,LAT,a,kʷ,4.0,-1.5,255.0
0,42.0,QU-,#_E,ARG,a,k,2.0,-1.5,255.0
0,42.0,QU-,#_E,CPN SRD,a,k,2.0,-1.5,255.0
0,42.0,QU-,#_E,COR,b,kw,2.1666666665,-1.5,127.5
0,42.0,QU-,#_E,COR,a,k,2.0,-1.5,255.0
0,42.0,QU-,#_E,CAT,a,k,2.0,-1.5,255.0
0,42.0,QU-,#_E,CAS ESP,a,k,2.0,-1.5,255.0
0,42.0,QU-,#_E,LIG,b,kw,2.1666666665,-1.5,127.5
0,42.0,QU-,#_E,LIG,a,k,2.0,-1.5,255.0
0,42.0,QU-,#_E,LAT,a,kʷ,4.0,-1.5,255.0
0,42.0,QU-,#_E,ITA,b,kw,2.1666666665,-1.5,127.5
0,42.0,QU-,#_E,ITA,a,k,2.0,-1.5,255.0
0,42.0,QU-,#_E,GAS OCC,a,k,2.0,-1.5,255.0
0,42.0,QU-,#_E,GAL,a,k,2.0,-1.5,255.0
0,42.0,QU-,#_E,FUR,a,kw,2.1666666665,-1.5,127.5
0,42.0,QU-,#_E,RMH,a,c~t̠͡ʃ,1.75,-0.625,255.0
0,42.0,QU-,#_E,QBC FRA,a,k,2.0,-1.5,255.0
0,42.0,QU-,#_E,PGL,b,kw,2.1666666665,-1.5,127.5
0,42.0,QU-,#_E,OCC,a,k,2.0,-1.5,255.0
0,42.0,QU-,#_E,LOG SRD,b,b,2.0,1.5,127.5
0,42.0,QU-,#_E,LOG SRD,a,k,2.0,-1.5,255.0
0,42.0,QU-,#_E,LMO,b,kw,2.1666666665,-1.5,127.5
0,42.0,QU-,#_E,LMO,a,k,2.0,-1.5,255.0
0,42.0,QU-,#_E,AND ESP,a,k,2.0,-1.5,255.0
0,42.0,QU-,#_E,AMR ESP,a,k,2.0,-1.5,255.0
0,42.0,QU-,#_E,ABR,b,kw,2.1666666665,-1.5,127.5
0,42.0,QU-,#_E,CAM,b,kw,2.1666666665,-1.5,127.5
0,42.0,QU-,#_E,CAM,a,k,2.0,-1.5,255.0
0,42.0,QU-,#_E,BR POR,a,k,2.0,-1.5,255.0
0,42.0,QU-,#_E,BAL,a,k~c,2.0,-1.25,255.0
0,42.0,QU-,#_E,ASL,a,k,2.0,-1.5,255.0
0,42.0,QU-,#_E,ARP,a,k,2.0,-1.5,255.0
0,42.0,QU-,#_E,ARO,a,t͡s̪,1.5,0.6666666665,255.0
0,42.0,QU-,#_E,CPN SRD,b,kw,2.1666666665,-1.5,127.5
0,42.0,QU-,#_E,VAL,a,k,2.0,-1.5,255.0
0,42.0,QU-,#_E,SCN,b,kw,2.1666666665,-1.5,127.5
0,42.0,QU-,#_E,SCN,a,kw~k,2.0833333335,-1.5,191.25
0,42.0,QU-,#_E,ROM,a,t̠͡ʃ,1.5,-0.25,255.0
0,42.0,QU-,#_E,RMH,b,kw,2.1666666665,-1.5,127.5
0,42.0,QU-,#_E,WAL,a,kw~k,2.0833333335,-1.5,191.25
0,42.0,QU-,#_E,VEN,b,kw,2.1666666665,-1.5,127.5
0,42.0,QU-,#_E,VEN,a,k,2.0,-1.5,255.0
0,42.0,QU-,#_E,EU FRA,a,k,2.0,-1.5,255.0
0,42.0,QU-,#_E,EU POR,a,k,2.0,-1.5,255.0
0,43.0,GL-,#_,LOG SRD,a,ɡɾ,2.5,-1.125,0.0
0,43.0,GL-,#_,LMO,a,d̠͡ʒ,1.5,-0.25,127.5
0,43.0,GL-,#_,LIG,a,d̠͡ʒ,1.5,-0.25,127.5
0,43.0,GL-,#_,OCC,a,ɡl,2.375,-1.125,0.0
0,43.0,GL-,#_,LOG SRD,b,l,0.375,0.375,127.5
0,43.0,GL-,#_,FUR,a,ɡl,2.375,-1.125,0.0
0,43.0,GL-,#_,EU POR,a,ɫ̪,0.375,-0.5833333335,127.5
0,43.0,GL-,#_,EU FRA,b,l,0.375,0.375,127.5
0,43.0,GL-,#_,QBC FRA,b,l,0.375,0.375,127.5
0,43.0,GL-,#_,QBC FRA,a,ɡl,2.375,-1.125,0.0
0,43.0,GL-,#_,PGL,a,ɟ,2.0,-1.0,127.5
0,43.0,GL-,#_,COR,a,ɟ,2.0,-1.0,127.5
0,43.0,GL-,#_,CAT,a,ɡl,2.375,-1.125,0.0
0,43.0,GL-,#_,CAS ESP,a,l,0.375,0.375,127.5
0,43.0,GL-,#_,CAM,a,ȴ[ʎ̟]~j,0.2708333335,-0.5,127.5
0,43.0,GL-,#_,BR POR,a,l,0.375,0.375,127.5
0,43.0,GL-,#_,LAT,b,ɡl̪ʲ,2.375,-1.5833333335,0.0
0,43.0,GL-,#_,LAT,a,ɡɫ̪,2.375,-2.0833333335,0.0
0,43.0,GL-,#_,ITA,a,ɡj,2.1666666665,-2.5,0.0
0,43.0,GL-,#_,GAS OCC,a,ɡl,2.375,-1.125,0.0
0,43.0,GL-,#_,GAL,a,l,0.375,0.375,127.5
0,43.0,GL-,#_,ARG,a,ɡ,4.0,-3.0,0.0
0,43.0,GL-,#_,ARO,a,ɡʎ,2.375,-2.5,0.0
0,43.0,GL-,#_,ARP,a,ɡl~j,1.2708333335,-1.8125,63.75
0,43.0,GL-,#_,ASL,a,ȴ[ʎ̟](ʈ͡ʂ),0.75,-0.2083333335,170.0
0,43.0,GL-,#_,BAL,a,ɡʟ,2.375,-3.0,0.0
0,43.0,GL-,#_,VAL,a,ɡɫ,2.375,-2.3125,0.0
0,43.0,GL-,#_,RMH,a,ɡl,2.375,-1.125,0.0
0,43.0,GL-,#_,ROM,a,ɡj~ɟ,2.0833333335,-2.25,63.75
0,43.0,GL-,#_,VEN,a,d̠͡ʒ,1.5,-0.25,127.5
0,43.0,GL-,#_,WAL,a,ɡl,2.375,-1.125,0.0
0,43.0,GL-,#_,SCN,a,ɟȴ[ʎ̟]~j,1.2708333335,-1.5,63.75
0,43.0,GL-,#_,CPN SRD,b,l,0.375,0.375,127.5
0,43.0,GL-,#_,EU FRA,a,ɡl,2.375,-1.125,0.0
0,43.0,GL-,#_,ABR,a,ȴ[ʎ̟]~j,0.2708333335,-0.5,127.5
0,43.0,GL-,#_,AMR ESP,a,l,0.375,0.375,127.5
0,43.0,GL-,#_,AND ESP,a,l,0.375,0.375,127.5
0,43.0,GL-,#_,CPN SRD,a,d̠͡ʒ,1.5,-0.25,127.5
0,44.0,FR-,#_,ARO,a,fɾ̪,1.5,2.0833333335,127.5
0,44.0,FR-,#_,QBC FRA,a,fʁ(fʀ),1.875,-0.75,127.5
0,44.0,FR-,#_,ROM,a,fɾ̪,1.5,2.0833333335,127.5
0,44.0,FR-,#_,VAL,a,fɾ,1.5,1.625,127.5
0,44.0,FR-,#_,SCN,a,fɾ,1.5,1.625,127.5
0,44.0,FR-,#_,FUR,a,fɾ,1.5,1.625,127.5
0,44.0,FR-,#_,GAL,a,fɾ,1.5,1.625,127.5
0,44.0,FR-,#_,WAL,a,fʀ,1.625,-0.75,127.5
0,44.0,FR-,#_,VEN,a,fɾ,1.5,1.625,127.5
0,44.0,FR-,#_,RMH,a,fɾ,1.5,1.625,127.5
0,44.0,FR-,#_,PGL,a,fɾ,1.5,1.625,127.5
0,44.0,FR-,#_,CAS ESP,a,fɾ,1.5,1.625,127.5
0,44.0,FR-,#_,CAT,a,fɾ,1.5,1.625,127.5
0,44.0,FR-,#_,LAT,a,ɸɾ~fɾ,1.5,1.75,127.5
0,44.0,FR-,#_,LIG,a,fɾ,1.5,1.625,127.5
0,44.0,FR-,#_,CPN SRD,a,fɾ,1.5,1.625,127.5
0,44.0,FR-,#_,COR,a,fɾ,1.5,1.625,127.5
0,44.0,FR-,#_,EU FRA,a,fʁ(fʀ),1.875,-0.75,127.5
0,44.0,FR-,#_,EU POR,a,fɾ,1.5,1.625,127.5
0,44.0,FR-,#_,AND ESP,a,fɾ,1.5,1.625,127.5
0,44.0,FR-,#_,ARG,a,fɾ,1.5,1.625,127.5
0,44.0,FR-,#_,GAS OCC,a,fɾ,1.5,1.625,127.5
0,44.0,FR-,#_,ITA,a,fɾ,1.5,1.625,127.5
0,44.0,FR-,#_,LMO,a,fɾ,1.5,1.625,127.5
0,44.0,FR-,#_,LOG SRD,a,fɾ,1.5,1.625,127.5
0,44.0,FR-,#_,OCC,a,fɾ(fʀ),1.6666666664999998,0.8333333334999999,127.5
0,44.0,FR-,#_,ARP,a,fɾ(fʀ),1.6666666664999998,0.8333333334999999,127.5
0,44.0,FR-,#_,BAL,a,fɾ,1.5,1.625,127.5
0,44.0,FR-,#_,ASL,a,fɾ,1.5,1.625,127.5
0,44.0,FR-,#_,BR POR,a,fɾ,1.5,1.625,127.5
0,44.0,FR-,#_,CAM,a,fɾ,1.5,1.625,127.5
0,44.0,FR-,#_,ABR,a,fɾ,1.5,1.625,127.5
0,44.0,FR-,#_,AMR ESP,a,fɾ,1.5,1.625,127.5
0,45.0,FL-,#_,CAM,a,ʃ,1.0,-0.25,255.0
0,45.0,FL-,#_,CAS ESP,a,fl,1.375,1.625,127.5
0,45.0,FL-,#_,CAS ESP,b,ʎ,0.375,-1.0,127.5
0,45.0,FL-,#_,CAT,a,fl,1.375,1.625,127.5
0,45.0,FL-,#_,COR,a,fj,1.1666666665,0.25,127.5
0,45.0,FL-,#_,AMR ESP,a,ɟ͡ʝ,1.5,-1.0,127.5
0,45.0,FL-,#_,AMR ESP,b,fl,1.375,1.625,127.5
0,45.0,FL-,#_,AND ESP,a,fl,1.375,1.625,127.5
0,45.0,FL-,#_,EU POR,b,fɾ,1.5,1.625,127.5
0,45.0,FL-,#_,FUR,a,fl,1.375,1.625,127.5
0,45.0,FL-,#_,GAL,a,fɾ,1.5,1.625,127.5
0,45.0,FL-,#_,GAL,b,t̠͡ʃ,1.5,-0.25,255.0
0,45.0,FL-,#_,GAS OCC,a,fl,1.375,1.625,127.5
0,45.0,FL-,#_,BAL,a,fʟ,1.375,-0.25,127.5
0,45.0,FL-,#_,BR POR,a,ʃ,1.0,-0.25,255.0
0,45.0,FL-,#_,BR POR,b,fɾ,1.5,1.625,127.5
0,45.0,FL-,#_,CPN SRD,a,fɾ,1.5,1.625,127.5
0,45.0,FL-,#_,EU FRA,a,fl,1.375,1.625,127.5
0,45.0,FL-,#_,EU POR,a,ʃ,1.0,-0.25,255.0
0,45.0,FL-,#_,QBC FRA,a,fl,1.375,1.625,127.5
0,45.0,FL-,#_,RMH,a,fl,1.375,1.625,127.5
0,45.0,FL-,#_,ROM,a,fl,1.375,1.625,127.5
0,45.0,FL-,#_,SCN,a,ç~ʃ,1.0,-0.5,255.0
0,45.0,FL-,#_,VAL,a,fɫ,1.375,0.4375,127.5
0,45.0,FL-,#_,LIG,a,ʃ,1.0,-0.25,255.0
0,45.0,FL-,#_,VEN,a,fj,1.1666666665,0.25,127.5
0,45.0,FL-,#_,ITA,a,fj,1.1666666665,0.25,127.5
0,45.0,FL-,#_,WAL,a,fl,1.375,1.625,127.5
0,45.0,FL-,#_,LAT,b,ɸl̪ʲ~fl̪ʲ,1.375,1.2916666665,127.5
0,45.0,FL-,#_,LAT,a,ɸɫ̪~fɫ̪,1.375,0.7916666665,127.5
0,45.0,FL-,#_,PGL,a,fj,1.1666666665,0.25,127.5
0,45.0,FL-,#_,OCC,a,fl,1.375,1.625,127.5
0,45.0,FL-,#_,ARG,a,f,2.0,2.5,255.0
0,45.0,FL-,#_,ABR,a,fj,1.1666666665,0.25,127.5
0,45.0,FL-,#_,AND ESP,b,ɟ͡ʝ,1.5,-1.0,127.5
0,45.0,FL-,#_,ARO,a,fl,1.375,1.625,127.5
0,45.0,FL-,#_,ARP,a,fl(çȴ~j),1.3333333335,0.2083333335,127.5
0,45.0,FL-,#_,ASL,a,ȴ[ʎ̟](ʈ͡ʂ),0.75,-0.2083333335,170.0
0,45.0,FL-,#_,LOG SRD,a,fɾ,1.5,1.625,127.5
0,45.0,FL-,#_,LMO,a,fj,1.1666666665,0.25,127.5
0,53.0,-P-,V_V,GAS OCC,a,β,2.0,3.0,0.0
0,53.0,-P-,V_V,AND ESP,a,β̞,0.5,3.0,0.0
0,53.0,-P-,V_V,AMR ESP,a,β̞,0.5,3.0,0.0
0,53.0,-P-,V_V,EU POR,a,β,2.0,3.0,0.0
0,53.0,-P-,V_V,EU FRA,a,v,2.0,2.5,0.0
0,53.0,-P-,V_V,GAL,a,β̞,0.5,3.0,0.0
0,53.0,-P-,V_V,ARG,a,β̞,0.5,3.0,0.0
0,53.0,-P-,V_V,ITA,a,p,4.0,3.0,255.0
0,53.0,-P-,V_V,VAL,a,b~β̞,2.25,3.0,0.0
0,53.0,-P-,V_V,OCC,a,b~β,3.0,3.0,0.0
0,53.0,-P-,V_V,ASL,a,β̞,0.5,3.0,0.0
0,53.0,-P-,V_V,BR POR,a,b,4.0,3.0,0.0
0,53.0,-P-,V_V,BAL,a,b~β,3.0,3.0,0.0
0,53.0,-P-,V_V,CAT,a,β~β̞,1.25,3.0,0.0
0,53.0,-P-,V_V,CAS ESP,a,β̞,0.5,3.0,0.0
0,53.0,-P-,V_V,ARO,a,p,4.0,3.0,255.0
0,53.0,-P-,V_V,ROM,a,p,4.0,3.0,255.0
0,53.0,-P-,V_V,LAT,a,p,4.0,3.0,255.0
0,53.0,-P-,V_V,QBC FRA,a,v,2.0,2.5,0.0
0,54.0,-B-,V_V,BAL,a,v,2.0,2.5,0.0
0,54.0,-B-,V_V,ASL,a,β̞,0.5,3.0,0.0
0,54.0,-B-,V_V,EU POR,a,v,2.0,2.5,0.0
0,54.0,-B-,V_V,GAL,a,β̞,0.5,3.0,0.0
0,54.0,-B-,V_V,EU FRA,a,v,2.0,2.5,0.0
0,54.0,-B-,V_V,QBC FRA,a,v,2.0,2.5,0.0
0,54.0,-B-,V_V,GAS OCC,a,w,0.333333333,0.0,0.0
0,54.0,-B-,V_V,BR POR,a,v,2.0,2.5,0.0
0,54.0,-B-,V_V,CAS ESP,a,β̞,0.5,3.0,0.0
0,54.0,-B-,V_V,CAT,a,β~β̞,1.25,3.0,0.0
0,54.0,-B-,V_V,ROM,a,v~∅,1.0,2.5,127.5
0,54.0,-B-,V_V,VAL,a,v~β̞,1.25,2.75,0.0
0,54.0,-B-,V_V,ARG,a,β̞,0.5,3.0,0.0
0,54.0,-B-,V_V,AND ESP,a,β̞,0.5,3.0,0.0
0,54.0,-B-,V_V,AMR ESP,a,β̞,0.5,3.0,0.0
0,54.0,-B-,V_V,LAT,a,b~β,3.0,3.0,0.0
0,54.0,-B-,V_V,ITA,a,v,2.0,2.5,0.0
0,54.0,-B-,V_V,OCC,a,b~β,3.0,3.0,0.0
0,55.0,-T-,V_E,AND ESP,a,ð̞,0.5,1.833333333,0.0
0,55.0,-T-,V_E,ARG,a,ð~ð̞,1.25,1.916666667,0.0
0,55.0,-T-,V_E,AMR ESP,a,ð̞,0.5,1.833333333,0.0
0,55.0,-T-,V_E,ROM,a,t̪,4.0,1.666666667,255.0
0,55.0,-T-,V_E,ROM,b,t͡s̪,3.0,1.333333333,255.0
0,55.0,-T-,V_E,ITA,a,t̪,4.0,1.666666667,255.0
0,55.0,-T-,V_E,GAS OCC,a,ð,2.0,2.0,0.0
0,55.0,-T-,V_E,GAL,a,ð̞,0.5,1.833333333,0.0
0,55.0,-T-,V_E,EU POR,a,ð,2.0,2.0,0.0
0,55.0,-T-,V_E,EU FRA,a,∅,0.0,0.0,255.0
0,55.0,-T-,V_E,CAT,a,ð~ð̞,1.25,1.916666667,0.0
0,55.0,-T-,V_E,QBC FRA,a,∅,0.0,0.0,255.0
0,55.0,-T-,V_E,LAT,a,t̪,4.0,1.666666667,255.0
0,55.0,-T-,V_E,ASL,a,ð̞,0.5,1.833333333,0.0
0,55.0,-T-,V_E,ARO,b,t͡s̪,3.0,1.333333333,255.0
0,55.0,-T-,V_E,CAS ESP,a,ð̞,0.5,1.833333333,0.0
0,55.0,-T-,V_E,BR POR,b,d̠͡ʒ,3.0,-0.5,0.0
0,55.0,-T-,V_E,ARO,a,t̪,4.0,1.666666667,255.0
0,55.0,-T-,V_E,BR POR,a,d̪,4.0,1.666666667,0.0
0,56.0,-T-,"V_{a,O}",CAS ESP,a,ð̞,0.5,1.833333333,0.0
0,56.0,-T-,"V_{a,O}",BR POR,a,d̪,4.0,1.666666667,0.0
0,56.0,-T-,"V_{a,O}",ASL,a,ð̞,0.5,1.833333333,0.0
0,56.0,-T-,"V_{a,O}",ARG,a,ð~ð̞,1.25,1.916666667,0.0
0,56.0,-T-,"V_{a,O}",AND ESP,a,ð̞,0.5,1.833333333,0.0
0,56.0,-T-,"V_{a,O}",AMR ESP,a,ð̞,0.5,1.833333333,0.0
0,56.0,-T-,"V_{a,O}",EU FRA,a,∅,0.0,0.0,255.0
0,56.0,-T-,"V_{a,O}",CAT,a,ð~ð̞,1.25,1.916666667,0.0
0,56.0,-T-,"V_{a,O}",ROM,a,t̪,4.0,1.666666667,255.0
0,56.0,-T-,"V_{a,O}",ITA,a,t̪,4.0,1.666666667,255.0
0,56.0,-T-,"V_{a,O}",EU POR,a,ð,2.0,2.0,0.0
0,56.0,-T-,"V_{a,O}",GAL,a,ð̞,0.5,1.833333333,0.0
0,56.0,-T-,"V_{a,O}",GAS OCC,a,ð,2.0,2.0,0.0
0,56.0,-T-,"V_{a,O}",QBC FRA,a,∅,0.0,0.0,255.0
0,56.0,-T-,"V_{a,O}",LAT,a,t̪,4.0,1.666666667,255.0
0,57.0,-D-,V_E,LAT,a,d̪,4.0,1.666666667,0.0
0,57.0,-D-,V_E,AMR ESP,a,∅,0.0,0.0,255.0
0,57.0,-D-,V_E,AND ESP,a,∅,0.0,0.0,255.0
0,57.0,-D-,V_E,ARO,b,d͡z̪,3.0,1.333333333,0.0
0,57.0,-D-,V_E,ROM,b,z̪,2.0,1.333333333,0.0
0,57.0,-D-,V_E,BAL,a,j~∅,0.166666667,-2.0,127.5
0,57.0,-D-,V_E,ASL,a,ʝ~∅,-1.0,-2.0,127.5
0,57.0,-D-,V_E,BR POR,a,∅,0.0,0.0,255.0
0,57.0,-D-,V_E,ARG,a,ʝ~∅,-1.0,-2.0,127.5
0,57.0,-D-,V_E,QBC FRA,a,∅,0.0,0.0,255.0
0,57.0,-D-,V_E,ROM,a,d̪,4.0,1.666666667,0.0
0,57.0,-D-,V_E,ITA,a,d̪,4.0,1.666666667,0.0
0,57.0,-D-,V_E,GAL,a,∅,0.0,0.0,255.0
0,57.0,-D-,V_E,EU POR,a,∅,0.0,0.0,255.0
0,57.0,-D-,V_E,EU FRA,a,∅,0.0,0.0,255.0
0,57.0,-D-,V_E,CAT,a,j~∅,0.166666667,-2.0,127.5
0,57.0,-D-,V_E,CAS ESP,a,∅,0.0,0.0,255.0
0,57.0,-D-,V_E,VAL,a,j~∅,0.166666667,-2.0,127.5
0,58.0,-D-,"V_{a,O}",EU POR,b,j,0.333333333,-2.0,0.0
0,58.0,-D-,"V_{a,O}",EU FRA,a,∅,0.0,0.0,255.0
0,58.0,-D-,"V_{a,O}",CAT,a,∅,0.0,0.0,255.0
0,58.0,-D-,"V_{a,O}",CAS ESP,c,ð̞,0.5,1.833333333,0.0
0,58.0,-D-,"V_{a,O}",EU POR,a,∅,0.0,0.0,0.0
0,58.0,-D-,"V_{a,O}",EU POR,c,ɫ̪,0.75,-1.166666667,0.0
0,58.0,-D-,"V_{a,O}",GAL,a,∅,0.0,0.0,255.0
0,58.0,-D-,"V_{a,O}",ITA,a,d̪,4.0,1.666666667,0.0
0,58.0,-D-,"V_{a,O}",VAL,a,∅,0.0,0.0,255.0
0,58.0,-D-,"V_{a,O}",GAL,b,∅,0.0,0.0,0.0
0,58.0,-D-,"V_{a,O}",GAL,c,l,0.75,0.75,0.0
0,58.0,-D-,"V_{a,O}",AND ESP,b,l,0.75,0.75,0.0
0,58.0,-D-,"V_{a,O}",ROM,a,d̪,4.0,1.666666667,0.0
0,58.0,-D-,"V_{a,O}",LAT,a,d̪,4.0,1.666666667,0.0
0,58.0,-D-,"V_{a,O}",QBC FRA,a,∅,0.0,0.0,255.0
0,58.0,-D-,"V_{a,O}",BR POR,b,j,0.333333333,-2.0,0.0
0,58.0,-D-,"V_{a,O}",BR POR,a,∅,0.0,0.0,0.0
0,58.0,-D-,"V_{a,O}",BAL,a,∅,0.0,0.0,255.0
0,58.0,-D-,"V_{a,O}",ASL,c,ð̞,0.5,1.833333333,0.0
0,58.0,-D-,"V_{a,O}",ASL,b,l,0.75,0.75,0.0
0,58.0,-D-,"V_{a,O}",ASL,a,∅,0.0,0.0,255.0
0,58.0,-D-,"V_{a,O}",ARG,a,ð~ð̞,1.25,1.916666667,0.0
0,58.0,-D-,"V_{a,O}",AND ESP,c,ð̞,0.5,1.833333333,0.0
0,58.0,-D-,"V_{a,O}",AMR ESP,b,ð̞~∅,0.25,1.833333333,127.5
0,58.0,-D-,"V_{a,O}",AMR ESP,c,l,0.75,0.75,0.0
0,58.0,-D-,"V_{a,O}",AND ESP,a,ð̞~∅,0.25,1.833333333,127.5
0,58.0,-D-,"V_{a,O}",AMR ESP,a,ð̞,0.5,1.833333333,0.0
0,58.0,-D-,"V_{a,O}",CAS ESP,a,ð̞~∅,0.25,1.833333333,127.5
0,58.0,-D-,"V_{a,O}",CAS ESP,b,l,0.75,0.75,0.0
0,58.0,-D-,"V_{a,O}",BR POR,c,l,0.75,0.75,0.0
0,59.0,-C-,V_O,CAT,a,ɣ~ɣ̞,1.25,-3.0,0.0
0,59.0,-C-,V_O,ASL,a,ɣ̞,0.5,-3.0,0.0
0,59.0,-C-,V_O,ARG,a,ɣ~ɣ̞,1.25,-3.0,0.0
0,59.0,-C-,V_O,CAS ESP,a,ɣ̞,0.5,-3.0,0.0
0,59.0,-C-,V_O,BR POR,a,ɡ,4.0,-3.0,0.0
0,59.0,-C-,V_O,BAL,a,ɡ~ɣ,3.0,-3.0,0.0
0,59.0,-C-,V_O,VAL,a,ɡ~ɣ̞,2.25,-3.0,0.0
0,59.0,-C-,V_O,ROM,a,k,4.0,-3.0,255.0
0,59.0,-C-,V_O,QBC FRA,a,∅,0.0,0.0,255.0
0,59.0,-C-,V_O,GAS OCC,a,ɣ,2.0,-3.0,0.0
0,59.0,-C-,V_O,GAL,a,ɣ̞(ħ),1.0,-3.666666667,85.0
0,59.0,-C-,V_O,EU POR,a,ɣ,2.0,-3.0,0.0
0,59.0,-C-,V_O,EU FRA,a,∅,0.0,0.0,255.0
0,59.0,-C-,V_O,OCC,a,ɡ~ɣ,3.0,-3.0,0.0
0,59.0,-C-,V_O,AMR ESP,a,ɣ̞,0.5,-3.0,0.0
0,59.0,-C-,V_O,LAT,a,k,4.0,-3.0,255.0
0,59.0,-C-,V_O,ITA,a,k,4.0,-3.0,255.0
0,59.0,-C-,V_O,AND ESP,a,ɣ̞,0.5,-3.0,0.0
0,60.0,-C-,V_E,AMR ESP,a,s,2.0,1.0,255.0
0,60.0,-C-,V_E,AND ESP,a,s̟,2.0,1.666666667,255.0
0,60.0,-C-,V_E,CAT,a,∅,0.0,0.0,255.0
0,60.0,-C-,V_E,EU FRA,a,z̪,2.0,1.333333333,0.0
0,60.0,-C-,V_E,BR POR,a,z,2.0,1.0,0.0
0,60.0,-C-,V_E,CAS ESP,a,θ,2.0,2.0,255.0
0,60.0,-C-,V_E,EU POR,a,z(z̪),2.0,1.083333333,0.0
0,60.0,-C-,V_E,ROM,a,t̠͡ʃ,3.0,-0.5,255.0
0,60.0,-C-,V_E,QBC FRA,a,z̪,2.0,1.333333333,0.0
0,60.0,-C-,V_E,GAL,a,θ(s),2.0,1.666666667,255.0
0,60.0,-C-,V_E,LAT,a,k,4.0,-3.0,255.0
0,60.0,-C-,V_E,ITA,a,t̠͡ʃ,3.0,-0.5,255.0
0,60.0,-C-,V_E,ARG,a,θ,2.0,2.0,255.0
0,60.0,-C-,V_E,BAL,a,∅,0.0,0.0,255.0
0,60.0,-C-,V_E,ASL,a,θ,2.0,2.0,255.0
0,60.0,-C-,V_E,VAL,a,∅,0.0,0.0,255.0
0,61.0,-C-,V_a,EU POR,a,ɣ,2.0,-3.0,0.0
0,61.0,-C-,V_a,GAS OCC,a,ɣ,2.0,-3.0,0.0
0,61.0,-C-,V_a,QBC FRA,b,∅,0.0,0.0,255.0
0,61.0,-C-,V_a,LAT,a,k,4.0,-3.0,255.0
0,61.0,-C-,V_a,OCC,a,ɡ~ɣ,3.0,-3.0,0.0
0,61.0,-C-,V_a,ITA,a,k,4.0,-3.0,255.0
0,61.0,-C-,V_a,QBC FRA,a,j~∅,0.166666667,-2.0,127.5
0,61.0,-C-,V_a,GAL,a,ɣ̞(ħ),1.0,-3.666666667,85.0
0,61.0,-C-,V_a,AMR ESP,a,ɣ̞,0.5,-3.0,0.0
0,61.0,-C-,V_a,EU FRA,b,∅,0.0,0.0,255.0
0,61.0,-C-,V_a,VAL,a,ɡ~ɣ̞,2.25,-3.0,0.0
0,61.0,-C-,V_a,CAS ESP,a,ɣ̞,0.5,-3.0,0.0
0,61.0,-C-,V_a,CAT,a,ɣ~ɣ̞,1.25,-3.0,0.0
0,61.0,-C-,V_a,AND ESP,a,ɣ̞,0.5,-3.0,0.0
0,61.0,-C-,V_a,BR POR,a,ɡ,4.0,-3.0,0.0
0,61.0,-C-,V_a,ROM,a,k,4.0,-3.0,255.0
0,61.0,-C-,V_a,EU FRA,a,j~∅,0.166666667,-2.0,127.5
0,61.0,-C-,V_a,ASL,a,ɣ̞,0.5,-3.0,0.0
0,61.0,-C-,V_a,ARG,a,ɣ~ɣ̞,1.25,-3.0,0.0
0,61.0,-C-,V_a,BAL,a,ɡ~ɣ,3.0,-3.0,0.0
0,62.0,-G-,V_O,EU FRA,a,∅,0.0,0.0,0.0
0,62.0,-G-,V_O,CAS ESP,a,ɣ̞,0.5,-3.0,0.0
0,62.0,-G-,V_O,CAT,a,ɣ~ɣ̞,1.25,-3.0,0.0
0,62.0,-G-,V_O,LAT,a,ɡ,4.0,-3.0,0.0
0,62.0,-G-,V_O,QBC FRA,a,∅,0.0,0.0,0.0
0,62.0,-G-,V_O,ARG,a,ɣ~ɣ̞,1.25,-3.0,0.0
0,62.0,-G-,V_O,ASL,a,ɣ̞,0.5,-3.0,0.0
0,62.0,-G-,V_O,AND ESP,a,ɣ̞,0.5,-3.0,0.0
0,62.0,-G-,V_O,EU POR,a,ɣ,2.0,-3.0,0.0
0,62.0,-G-,V_O,GAL,a,ɣ̞(ħ),1.0,-3.666666667,85.0
0,62.0,-G-,V_O,ITA,a,ɡ,4.0,-3.0,0.0
0,62.0,-G-,V_O,BAL,a,ɡ~ɣ,3.0,-3.0,0.0
0,62.0,-G-,V_O,BR POR,a,ɡ,4.0,-3.0,0.0
0,62.0,-G-,V_O,AMR ESP,a,ɣ̞,0.5,-3.0,0.0
0,62.0,-G-,V_O,VAL,a,ɡ~ɣ̞,2.25,-3.0,0.0
0,62.0,-G-,V_O,ROM,a,ɡ,4.0,-3.0,0.0
0,63.0,-G-,V_a,BR POR,a,ɡ,4.0,-3.0,0.0
0,63.0,-G-,V_a,VAL,a,ɡ~ɣ̞,2.25,-3.0,0.0
0,63.0,-G-,V_a,GAL,a,ɣ̞(ħ),1.0,-3.666666667,85.0
0,63.0,-G-,V_a,BAL,a,ɡ~ɣ,3.0,-3.0,0.0
0,63.0,-G-,V_a,EU POR,a,ɣ,2.0,-3.0,0.0
0,63.0,-G-,V_a,ARG,a,ɣ~ɣ̞,1.25,-3.0,0.0
0,63.0,-G-,V_a,ASL,a,ɣ̞,0.5,-3.0,0.0
0,63.0,-G-,V_a,AMR ESP,a,ɣ̞,0.5,-3.0,0.0
0,63.0,-G-,V_a,AND ESP,a,ɣ̞,0.5,-3.0,0.0
0,63.0,-G-,V_a,CAS ESP,a,ɣ̞,0.5,-3.0,0.0
0,63.0,-G-,V_a,CAT,a,ɣ~ɣ̞,1.25,-3.0,0.0
0,63.0,-G-,V_a,ROM,a,ɡ,4.0,-3.0,0.0
0,63.0,-G-,V_a,LAT,a,ɡ,4.0,-3.0,0.0
0,63.0,-G-,V_a,ITA,a,ɡ,4.0,-3.0,0.0
0,64.0,-G-,V_E,FUR,b,ɟ~d̠͡ʒ,3.5,-1.25,0.0
0,64.0,-G-,V_E,GAL,a,ʃ,2.0,-0.5,255.0
0,64.0,-G-,V_E,GAL,b,j~∅,0.166666667,-2.0,127.5
0,64.0,-G-,V_E,GAS OCC,a,j~∅,0.166666667,-2.0,127.5
0,64.0,-G-,V_E,GAS OCC,b,ʒ,2.0,-0.5,0.0
0,64.0,-G-,V_E,ABR,a,j~∅,0.166666667,-2.0,127.5
0,64.0,-G-,V_E,ABR,b,dd͡z~d̠d̠͡ʒ,3.75,0.25,0.0
0,64.0,-G-,V_E,AMR ESP,a,j~∅,0.166666667,-2.0,127.5
0,64.0,-G-,V_E,ARP,a,j~∅,0.166666667,-2.0,127.5
0,64.0,-G-,V_E,ASL,a,ʃ,2.0,-0.5,255.0
0,64.0,-G-,V_E,ASL,b,j~∅,0.166666667,-2.0,127.5
0,64.0,-G-,V_E,ARG,a,ʝ,2.0,-2.0,0.0
0,64.0,-G-,V_E,AND ESP,a,j~∅,0.166666667,-2.0,127.5
0,64.0,-G-,V_E,CAT,a,j~∅,0.166666667,-2.0,127.5
0,64.0,-G-,V_E,CAS ESP,a,j~∅,0.166666667,-2.0,127.5
0,64.0,-G-,V_E,CAM,b,dd͡z~d̠d̠͡ʒ,3.75,0.25,0.0
0,64.0,-G-,V_E,EU POR,a,j~∅,0.166666667,-2.0,127.5
0,64.0,-G-,V_E,EU POR,b,ʒ,2.0,-0.5,0.0
0,64.0,-G-,V_E,FUR,a,j~∅,0.166666667,-2.0,127.5
0,64.0,-G-,V_E,BAL,a,j~∅,0.166666667,-2.0,127.5
0,64.0,-G-,V_E,BAL,b,ʒ,2.0,-0.5,0.0
0,64.0,-G-,V_E,ARG,b,j~∅,0.166666667,-2.0,127.5
0,64.0,-G-,V_E,ARO,a,j~∅,0.166666667,-2.0,127.5
0,64.0,-G-,V_E,ARO,b,d͡z̪,3.0,1.333333333,0.0
0,64.0,-G-,V_E,BR POR,b,ʒ,2.0,-0.5,0.0
0,64.0,-G-,V_E,BR POR,a,j~∅,0.166666667,-2.0,127.5
0,64.0,-G-,V_E,CAM,a,j~∅,0.166666667,-2.0,127.5
0,64.0,-G-,V_E,COR,a,j~∅,0.166666667,-2.0,127.5
0,64.0,-G-,V_E,CAT,b,ʒ,2.0,-0.5,0.0
0,64.0,-G-,V_E,LAT,a,ɡ,4.0,-3.0,0.0
0,64.0,-G-,V_E,ITA,b,d̠d̠͡ʒ,3.75,-0.5,0.0
0,64.0,-G-,V_E,ITA,a,j~∅,0.166666667,-2.0,127.5
0,64.0,-G-,V_E,PGL,b,dd͡z,3.75,1.0,0.0
0,64.0,-G-,V_E,RMH,b,ɟ~d̠͡ʒ,3.5,-1.25,0.0
0,64.0,-G-,V_E,RMH,a,j~∅,0.166666667,-2.0,127.5
0,64.0,-G-,V_E,QBC FRA,a,j~∅,0.166666667,-2.0,127.5
0,64.0,-G-,V_E,ROM,a,j~∅,0.166666667,-2.0,127.5
0,64.0,-G-,V_E,COR,b,ɟ,4.0,-2.0,0.0
0,64.0,-G-,V_E,CPN SRD,a,j~∅,0.166666667,-2.0,127.5
0,64.0,-G-,V_E,EU FRA,a,j~∅,0.166666667,-2.0,127.5
0,64.0,-G-,V_E,OCC,a,j~∅,0.166666667,-2.0,127.5
0,64.0,-G-,V_E,OCC,b,d̠͡ʒ,3.0,-0.5,0.0
0,64.0,-G-,V_E,PGL,a,j~∅,0.166666667,-2.0,127.5
0,64.0,-G-,V_E,LIG,b,z(d͡z),2.333333333,1.0,0.0
0,64.0,-G-,V_E,LIG,a,j~∅,0.166666667,-2.0,127.5
0,64.0,-G-,V_E,SCN,b,d̠d̠͡ʒ,3.75,-0.5,0.0
0,64.0,-G-,V_E,SCN,a,j~∅,0.166666667,-2.0,127.5
0,64.0,-G-,V_E,ROM,b,d̠͡ʒ,3.0,-0.5,0.0
0,64.0,-G-,V_E,LMO,b,d̠͡ʒ~z,2.5,0.25,0.0
0,64.0,-G-,V_E,LMO,a,j~∅,0.166666667,-2.0,127.5
0,64.0,-G-,V_E,LOG SRD,a,j~∅,0.166666667,-2.0,127.5
0,64.0,-G-,V_E,WAL,a,j~∅,0.166666667,-2.0,127.5
0,64.0,-G-,V_E,VAL,b,d̠͡ʒ,3.0,-0.5,0.0
0,64.0,-G-,V_E,VEN,a,j~∅,0.166666667,-2.0,127.5
0,64.0,-G-,V_E,VEN,b,z̠~ð,2.0,1.25,255.0
0,64.0,-G-,V_E,VAL,a,j~∅,0.166666667,-2.0,127.5
0,65.0,-M-,V_V,ABR,a,m,1.5,3.0,0.0
0,65.0,-M-,V_V,AND ESP,a,m,1.5,3.0,0.0
0,65.0,-M-,V_V,AMR ESP,a,m,1.5,3.0,0.0
0,65.0,-M-,V_V,ARO,a,m,1.5,3.0,0.0
0,65.0,-M-,V_V,BAL,a,m,1.5,3.0,0.0
0,65.0,-M-,V_V,ARP,a,m,1.5,3.0,0.0
0,65.0,-M-,V_V,ASL,a,m,1.5,3.0,0.0
0,65.0,-M-,V_V,ARG,a,m,1.5,3.0,0.0
0,65.0,-M-,V_V,WAL,a,m,1.5,3.0,0.0
0,65.0,-M-,V_V,ITA,a,m,1.5,3.0,0.0
0,65.0,-M-,V_V,LIG,a,m,1.5,3.0,0.0
0,65.0,-M-,V_V,LAT,a,m,1.5,3.0,0.0
0,65.0,-M-,V_V,LMO,a,m,1.5,3.0,0.0
0,65.0,-M-,V_V,CAS ESP,a,m,1.5,3.0,0.0
0,65.0,-M-,V_V,BR POR,a,m,1.5,3.0,0.0
0,65.0,-M-,V_V,CAM,a,m,1.5,3.0,0.0
0,65.0,-M-,V_V,FUR,a,m,1.5,3.0,0.0
0,65.0,-M-,V_V,GAL,a,m,1.5,3.0,0.0
0,65.0,-M-,V_V,GAS OCC,a,m,1.5,3.0,0.0
0,65.0,-M-,V_V,COR,a,m,1.5,3.0,0.0
0,65.0,-M-,V_V,CAT,a,m,1.5,3.0,0.0
0,65.0,-M-,V_V,QBC FRA,a,m,1.5,3.0,0.0
0,65.0,-M-,V_V,PGL,a,m,1.5,3.0,0.0
0,65.0,-M-,V_V,OCC,a,m,1.5,3.0,0.0
0,65.0,-M-,V_V,LOG SRD,a,m,1.5,3.0,0.0
0,65.0,-M-,V_V,SCN,a,m,1.5,3.0,0.0
0,65.0,-M-,V_V,VAL,a,m,1.5,3.0,0.0
0,65.0,-M-,V_V,VEN,a,m,1.5,3.0,0.0
0,65.0,-M-,V_V,ROM,a,m,1.5,3.0,0.0
0,65.0,-M-,V_V,CPN SRD,a,m,1.5,3.0,0.0
0,65.0,-M-,V_V,EU FRA,a,m,1.5,3.0,0.0
0,65.0,-M-,V_V,EU POR,a,m,1.5,3.0,0.0
0,65.0,-M-,V_V,RMH,a,m,1.5,3.0,0.0
0,66.0,-N-,V_V,ARG,a,n,1.5,0.75,0.0
0,66.0,-N-,V_V,ARP,a,n,1.5,0.75,0.0
0,66.0,-N-,V_V,AND ESP,a,n,1.5,0.75,0.0
0,66.0,-N-,V_V,ASL,a,n,1.5,0.75,0.0
0,66.0,-N-,V_V,ARO,a,n̪,1.5,1.666666667,0.0
0,66.0,-N-,V_V,ABR,a,n,1.5,0.75,0.0
0,66.0,-N-,V_V,AMR ESP,a,n,1.5,0.75,0.0
0,66.0,-N-,V_V,COR,a,n,1.5,0.75,0.0
0,66.0,-N-,V_V,CPN SRD,a,n,1.5,0.75,0.0
0,66.0,-N-,V_V,EU FRA,a,n̪,1.5,1.666666667,0.0
0,66.0,-N-,V_V,VAL,a,n,1.5,0.75,0.0
0,66.0,-N-,V_V,VEN,a,n,1.5,0.75,0.0
0,66.0,-N-,V_V,CAM,a,n,1.5,0.75,0.0
0,66.0,-N-,V_V,BAL,a,n,1.5,0.75,0.0
0,66.0,-N-,V_V,BR POR,a,◌̃,0.75,0.75,0.0
0,66.0,-N-,V_V,EU POR,a,◌̃,0.75,0.75,0.0
0,66.0,-N-,V_V,FUR,a,n,1.5,0.75,0.0
0,66.0,-N-,V_V,GAL,a,∅,0.0,0.0,0.0
0,66.0,-N-,V_V,LOG SRD,a,n,1.5,0.75,0.0
0,66.0,-N-,V_V,OCC,a,n,1.5,0.75,0.0
0,66.0,-N-,V_V,PGL,a,n,1.5,0.75,0.0
0,66.0,-N-,V_V,CAS ESP,a,n,1.5,0.75,0.0
0,66.0,-N-,V_V,CAT,a,n,1.5,0.75,0.0
0,66.0,-N-,V_V,LAT,a,n,1.5,0.75,0.0
0,66.0,-N-,V_V,LIG,a,n,1.5,0.75,0.0
0,66.0,-N-,V_V,LMO,a,n,1.5,0.75,0.0
0,66.0,-N-,V_V,ITA,a,n,1.5,0.75,0.0
0,66.0,-N-,V_V,GAS OCC,a,n,1.5,0.75,0.0
0,66.0,-N-,V_V,WAL,a,n̪,1.5,1.666666667,0.0
0,66.0,-N-,V_V,ROM,b,ɾ̪,1.0,1.666666667,0.0
0,66.0,-N-,V_V,QBC FRA,a,n̪,1.5,1.666666667,0.0
0,66.0,-N-,V_V,RMH,a,n,1.5,0.75,0.0
0,66.0,-N-,V_V,ROM,a,n̪,1.5,1.666666667,0.0
0,66.0,-N-,V_V,SCN,a,n,1.5,0.75,0.0
0,67.0,-F-,V_V,ASL,a,β̞,0.5,3.0,0.0
0,67.0,-F-,V_V,AND ESP,a,β̞~∅,0.25,3.0,0.0
0,67.0,-F-,V_V,ARG,a,β̞,0.5,3.0,0.0
0,67.0,-F-,V_V,BAL,a,v,2.0,2.5,0.0
0,67.0,-F-,V_V,AMR ESP,a,β̞~∅,0.25,3.0,0.0
0,67.0,-F-,V_V,VAL,a,v~β̞,1.25,2.75,0.0
0,67.0,-F-,V_V,GAL,a,β̞,0.5,3.0,0.0
0,67.0,-F-,V_V,EU POR,a,v,2.0,2.5,0.0
0,67.0,-F-,V_V,ITA,a,f,2.0,2.5,255.0
0,67.0,-F-,V_V,LAT,a,ɸ~f,2.0,2.75,255.0
0,67.0,-F-,V_V,CAT,a,β~β̞,1.25,3.0,0.0
0,67.0,-F-,V_V,BR POR,a,v,2.0,2.5,0.0
0,67.0,-F-,V_V,CAS ESP,a,β̞~∅,0.25,3.0,0.0
0,67.0,-F-,V_V,ROM,a,f,2.0,2.5,255.0
0,68.0,-V-,V_V,ROM,a,w~∅,0.166666667,0.0,0.0
0,68.0,-V-,V_V,LAT,a,w,0.333333333,0.0,0.0
0,68.0,-V-,V_V,ITA,a,v,2.0,2.5,0.0
0,68.0,-V-,V_V,GAL,a,β̞,0.5,3.0,0.0
0,68.0,-V-,V_V,QBC FRA,a,v,2.0,2.5,0.0
0,68.0,-V-,V_V,CAT,a,β~β̞,1.25,3.0,0.0
0,68.0,-V-,V_V,AMR ESP,a,β̞,0.5,3.0,0.0
0,68.0,-V-,V_V,EU FRA,a,v,2.0,2.5,0.0
0,68.0,-V-,V_V,EU POR,a,v(β),2.0,2.625,0.0
0,68.0,-V-,V_V,AND ESP,a,β̞,0.5,3.0,0.0
0,68.0,-V-,V_V,VAL,a,v~β̞,1.25,2.75,0.0
0,68.0,-V-,V_V,ARG,a,β̞,0.5,3.0,0.0
0,68.0,-V-,V_V,ASL,a,β̞,0.5,3.0,0.0
0,68.0,-V-,V_V,BAL,a,v,2.0,2.5,0.0
0,68.0,-V-,V_V,BR POR,a,v,2.0,2.5,0.0
0,68.0,-V-,V_V,CAS ESP,a,β̞,0.5,3.0,0.0
0,69.0,-S-,V_E,VAL,a,z̠,2.0,0.5,0.0
0,69.0,-S-,V_E,QBC FRA,a,z̪,2.0,1.333333333,0.0
0,69.0,-S-,V_E,ROM,a,ʃ,2.0,-0.5,255.0
0,69.0,-S-,V_E,EU POR,a,z(z̠),2.0,0.875,0.0
0,69.0,-S-,V_E,BAL,a,z̠,2.0,0.5,0.0
0,69.0,-S-,V_E,BR POR,a,z,2.0,1.0,0.0
0,69.0,-S-,V_E,CAS ESP,a,s̠,2.0,0.5,255.0
0,69.0,-S-,V_E,ASL,a,s̠,2.0,0.5,255.0
0,69.0,-S-,V_E,CAT,a,z̠,2.0,0.5,0.0
0,69.0,-S-,V_E,OCC,a,z̠,2.0,0.5,0.0
0,69.0,-S-,V_E,LAT,a,s̠,2.0,0.5,255.0
0,69.0,-S-,V_E,ITA,a,z~s,2.0,1.0,127.5
0,69.0,-S-,V_E,GAS OCC,a,z̠,2.0,0.5,0.0
0,69.0,-S-,V_E,GAL,a,s̠,2.0,0.5,255.0
0,69.0,-S-,V_E,AND ESP,a,s̟,2.0,1.666666667,255.0
0,69.0,-S-,V_E,AMR ESP,a,s,2.0,1.0,255.0
0,69.0,-S-,V_E,ARG,a,s̠,2.0,0.5,255.0
0,69.0,-S-,V_E,EU FRA,a,z̪,2.0,1.333333333,0.0
0,70.0,-S-,"V_{a,O}",ROM,a,s̪,2.0,1.333333333,255.0
0,70.0,-S-,"V_{a,O}",VAL,a,z̠,2.0,0.5,0.0
0,70.0,-S-,"V_{a,O}",OCC,a,z̠,2.0,0.5,0.0
0,70.0,-S-,"V_{a,O}",QBC FRA,a,z̪,2.0,1.333333333,0.0
0,70.0,-S-,"V_{a,O}",ITA,a,z~s,2.0,1.0,127.5
0,70.0,-S-,"V_{a,O}",ASL,a,s̠,2.0,0.5,255.0
0,70.0,-S-,"V_{a,O}",CAS ESP,a,s̠,2.0,0.5,255.0
0,70.0,-S-,"V_{a,O}",GAL,a,s̠,2.0,0.5,255.0
0,70.0,-S-,"V_{a,O}",EU POR,a,z(z̠),2.0,0.875,0.0
0,70.0,-S-,"V_{a,O}",EU FRA,a,z̪,2.0,1.333333333,0.0
0,70.0,-S-,"V_{a,O}",BAL,a,z̠,2.0,0.5,0.0
0,70.0,-S-,"V_{a,O}",AMR ESP,a,s,2.0,1.0,255.0
0,70.0,-S-,"V_{a,O}",ARG,a,s̠,2.0,0.5,255.0
0,70.0,-S-,"V_{a,O}",AND ESP,a,s̟,2.0,1.666666667,255.0
0,70.0,-S-,"V_{a,O}",LAT,a,s̠,2.0,0.5,255.0
0,70.0,-S-,"V_{a,O}",BR POR,a,z,2.0,1.0,0.0
0,70.0,-S-,"V_{a,O}",CAT,a,z̠,2.0,0.5,0.0
0,70.0,-S-,"V_{a,O}",GAS OCC,a,z̠,2.0,0.5,0.0
0,71.0,-R-,V_V,QBC FRA,a,ʁ(ʀ),1.75,-4.0,0.0
0,71.0,-R-,V_V,WAL,a,ʀ,1.25,-4.0,0.0
0,71.0,-R-,V_V,LIG,a,j~∅,0.166666667,-2.0,127.5
0,71.0,-R-,V_V,VEN,a,ɾ,1.0,0.75,0.0
0,71.0,-R-,V_V,SCN,a,ɾ,1.0,0.75,0.0
0,71.0,-R-,V_V,ROM,b,n,1.5,0.75,0.0
0,71.0,-R-,V_V,CAT,a,ɾ,1.0,0.75,0.0
0,71.0,-R-,V_V,GAS OCC,a,ɾ,1.0,0.75,0.0
0,71.0,-R-,V_V,CPN SRD,a,ɾ,1.0,0.75,0.0
0,71.0,-R-,V_V,PGL,a,ɾ,1.0,0.75,0.0
0,71.0,-R-,V_V,OCC,a,ɾ,1.0,0.75,0.0
0,71.0,-R-,V_V,ROM,a,ɾ̪,1.0,1.666666667,0.0
0,71.0,-R-,V_V,ARG,a,ɾ,1.0,0.75,0.0
0,71.0,-R-,V_V,LAT,a,r,1.25,0.75,0.0
0,71.0,-R-,V_V,ITA,a,ɾ,1.0,0.75,0.0
0,71.0,-R-,V_V,AND ESP,a,ɾ,1.0,0.75,0.0
0,71.0,-R-,V_V,ASL,a,ɾ,1.0,0.75,0.0
0,71.0,-R-,V_V,EU FRA,a,ʁ(ʀ),1.75,-4.0,0.0
0,71.0,-R-,V_V,EU POR,a,ɾ,1.0,0.75,0.0
0,71.0,-R-,V_V,GAL,a,ɾ,1.0,0.75,0.0
0,71.0,-R-,V_V,BAL,a,ɾ,1.0,0.75,0.0
0,71.0,-R-,V_V,ARO,a,ɾ̪,1.0,1.666666667,0.0
0,71.0,-R-,V_V,BR POR,a,ɾ,1.0,0.75,0.0
0,71.0,-R-,V_V,ABR,a,ɾ,1.0,0.75,0.0
0,71.0,-R-,V_V,CAS ESP,a,ɾ,1.0,0.75,0.0
0,71.0,-R-,V_V,CAM,a,ɾ,1.0,0.75,0.0
0,71.0,-R-,V_V,AMR ESP,a,ɾ,1.0,0.75,0.0
0,71.0,-R-,V_V,LOG SRD,a,ɾ,1.0,0.75,0.0
0,71.0,-R-,V_V,VAL,a,ɾ,1.0,0.75,0.0
0,72.0,-L-,V_V,ARG,a,l,0.75,0.75,0.0
0,72.0,-L-,V_V,VEN,a,l~ɰ,0.541666667,-1.125,0.0
0,72.0,-L-,V_V,ARO,a,ɾ̪,1.0,1.666666667,0.0
0,72.0,-L-,V_V,ABR,a,l,0.75,0.75,0.0
0,72.0,-L-,V_V,AMR ESP,a,l,0.75,0.75,0.0
0,72.0,-L-,V_V,AND ESP,a,l,0.75,0.75,0.0
0,72.0,-L-,V_V,ARP,a,l,0.75,0.75,0.0
0,72.0,-L-,V_V,BAL,a,ʟ,0.75,-3.0,0.0
0,72.0,-L-,V_V,BR POR,a,∅,0.0,0.0,255.0
0,72.0,-L-,V_V,CAS ESP,a,l,0.75,0.75,0.0
0,72.0,-L-,V_V,CAM,a,l,0.75,0.75,0.0
0,72.0,-L-,V_V,FUR,a,l,0.75,0.75,0.0
0,72.0,-L-,V_V,ITA,a,l,0.75,0.75,0.0
0,72.0,-L-,V_V,GAS OCC,a,l,0.75,0.75,0.0
0,72.0,-L-,V_V,LAT,a,ɫ̪,0.75,-1.166666667,0.0
0,72.0,-L-,V_V,LAT,b,l̪ʲ,0.75,-0.166666667,0.0
0,72.0,-L-,V_V,LIG,a,j~∅,0.166666667,-2.0,127.5
0,72.0,-L-,V_V,LMO,a,l,0.75,0.75,0.0
0,72.0,-L-,V_V,LOG SRD,a,l,0.75,0.75,0.0
0,72.0,-L-,V_V,OCC,a,l,0.75,0.75,0.0
0,72.0,-L-,V_V,PGL,a,l,0.75,0.75,0.0
0,72.0,-L-,V_V,QBC FRA,a,l,0.75,0.75,0.0
0,72.0,-L-,V_V,RMH,a,l,0.75,0.75,0.0
0,72.0,-L-,V_V,ASL,a,l,0.75,0.75,0.0
0,72.0,-L-,V_V,EU FRA,a,l,0.75,0.75,0.0
0,72.0,-L-,V_V,EU POR,a,∅,0.0,0.0,255.0
0,72.0,-L-,V_V,ROM,a,ɾ̪,1.0,1.666666667,0.0
0,72.0,-L-,V_V,WAL,a,l,0.75,0.75,0.0
0,72.0,-L-,V_V,SCN,a,l,0.75,0.75,0.0
0,72.0,-L-,V_V,VAL,a,ɫ,0.75,-1.625,0.0
0,72.0,-L-,V_V,GAL,a,∅,0.0,0.0,255.0
0,72.0,-L-,V_V,CAT,a,l,0.75,0.75,0.0
0,72.0,-L-,V_V,COR,a,l,0.75,0.75,0.0
0,72.0,-L-,V_V,CPN SRD,a,l,0.75,0.75,0.0
0,73.0,-J-,Vˈ_V,ASL,b,∅,0.0,0.0,255.0
0,73.0,-J-,Vˈ_V,BR POR,a,j~∅,0.166666667,-2.0,127.5
0,73.0,-J-,Vˈ_V,BAL,b,ʒ,2.0,-0.5,0.0
0,73.0,-J-,Vˈ_V,ARG,b,j~∅,0.166666667,-2.0,127.5
0,73.0,-J-,Vˈ_V,ASL,a,ʝ~ʃ,2.0,-1.25,127.5
0,73.0,-J-,Vˈ_V,AMR ESP,b,ʝ,2.0,-2.0,0.0
0,73.0,-J-,Vˈ_V,AMR ESP,a,∅,0.0,0.0,255.0
0,73.0,-J-,Vˈ_V,AND ESP,a,ʝ,2.0,-2.0,0.0
0,73.0,-J-,Vˈ_V,AND ESP,b,∅,0.0,0.0,255.0
0,73.0,-J-,Vˈ_V,ARP,a,j~∅,0.166666667,-2.0,127.5
0,73.0,-J-,Vˈ_V,GAL,a,ʃ,2.0,-0.5,255.0
0,73.0,-J-,Vˈ_V,OCC,b,̠d̠͡ʒ(d͡z̠),3.0,-0.166666667,0.0
0,73.0,-J-,Vˈ_V,ARG,a,ʝ,2.0,-2.0,0.0
0,73.0,-J-,Vˈ_V,CAS ESP,a,ʝ,2.0,-2.0,0.0
0,73.0,-J-,Vˈ_V,CAS ESP,b,∅,0.0,0.0,255.0
0,73.0,-J-,Vˈ_V,CAT,b,ʒ,2.0,-0.5,0.0
0,73.0,-J-,Vˈ_V,EU FRA,a,j~∅,0.166666667,-2.0,127.5
0,73.0,-J-,Vˈ_V,EU POR,a,j~∅,0.166666667,-2.0,127.5
0,73.0,-J-,Vˈ_V,EU POR,b,ʒ,2.0,-0.5,0.0
0,73.0,-J-,Vˈ_V,WAL,a,j~∅,0.166666667,-2.0,127.5
0,73.0,-J-,Vˈ_V,GAL,b,j~∅,0.166666667,-2.0,127.5
0,73.0,-J-,Vˈ_V,GAS OCC,a,j,0.333333333,-2.0,0.0
0,73.0,-J-,Vˈ_V,GAS OCC,b,ʒ,2.0,-0.5,0.0
0,73.0,-J-,Vˈ_V,ITA,a,d̠d̠͡ʒ,3.75,-0.5,0.0
0,73.0,-J-,Vˈ_V,ITA,b,d̠͡ʒ,3.0,-0.5,0.0
0,73.0,-J-,Vˈ_V,LAT,a,jj,0.416666667,-2.0,0.0
0,73.0,-J-,Vˈ_V,OCC,a,j,0.333333333,-2.0,0.0
0,73.0,-J-,Vˈ_V,QBC FRA,a,j~∅,0.166666667,-2.0,127.5
0,73.0,-J-,Vˈ_V,BR POR,b,ʒ,2.0,-0.5,0.0
0,73.0,-J-,Vˈ_V,ROM,a,∅,0.0,0.0,0.0
0,73.0,-J-,Vˈ_V,ROM,b,ʒ,2.0,-0.5,0.0
0,73.0,-J-,Vˈ_V,VAL,b,d̠͡ʒ,3.0,-0.5,0.0
0,74.0,-J-,ˈV_V,AND ESP,b,∅,0.0,0.0,255.0
0,74.0,-J-,ˈV_V,WAL,a,j~∅,0.166666667,-2.0,127.5
0,74.0,-J-,ˈV_V,EU POR,b,ʒ,2.0,-0.5,0.0
0,74.0,-J-,ˈV_V,VAL,a,j~∅,0.166666667,-2.0,127.5
0,74.0,-J-,ˈV_V,BR POR,a,j~∅,0.166666667,-2.0,127.5
0,74.0,-J-,ˈV_V,LIG,a,j~∅,0.166666667,-2.0,127.5
0,74.0,-J-,ˈV_V,QBC FRA,a,j~∅,0.166666667,-2.0,127.5
0,74.0,-J-,ˈV_V,ROM,a,j,0.333333333,-2.0,0.0
0,74.0,-J-,ˈV_V,ITA,a,d̠d̠͡ʒ,3.75,-0.5,0.0
0,74.0,-J-,ˈV_V,GAS OCC,b,ʒ,2.0,-0.5,0.0
0,74.0,-J-,ˈV_V,GAL,b,j~∅,0.166666667,-2.0,127.5
0,74.0,-J-,ˈV_V,GAS OCC,a,j,0.333333333,-2.0,0.0
0,74.0,-J-,ˈV_V,GAL,a,ʃ,2.0,-0.5,255.0
0,74.0,-J-,ˈV_V,EU POR,a,j~∅,0.166666667,-2.0,127.5
0,74.0,-J-,ˈV_V,LAT,a,jj,0.416666667,-2.0,0.0
0,74.0,-J-,ˈV_V,OCC,b,̠d̠͡ʒ(d͡z̠),3.0,-0.166666667,0.0
0,74.0,-J-,ˈV_V,CAT,b,ʒ,2.0,-0.5,0.0
0,74.0,-J-,ˈV_V,EU FRA,a,j~∅,0.166666667,-2.0,127.5
0,74.0,-J-,ˈV_V,CAT,a,j~∅,0.166666667,-2.0,127.5
0,74.0,-J-,ˈV_V,CAS ESP,b,∅,0.0,0.0,255.0
0,74.0,-J-,ˈV_V,BAL,b,ʒ,2.0,-0.5,0.0
0,74.0,-J-,ˈV_V,BAL,a,j~∅,0.166666667,-2.0,127.5
0,74.0,-J-,ˈV_V,CAS ESP,a,ʝ,2.0,-2.0,0.0
0,74.0,-J-,ˈV_V,BR POR,b,ʒ,2.0,-0.5,0.0
0,74.0,-J-,ˈV_V,ASL,a,ʝ~ʃ,2.0,-1.25,127.5
0,74.0,-J-,ˈV_V,ASL,b,∅,0.0,0.0,255.0
0,74.0,-J-,ˈV_V,ARP,a,j~∅,0.166666667,-2.0,127.5
0,74.0,-J-,ˈV_V,ARG,b,j~∅,0.166666667,-2.0,127.5
0,74.0,-J-,ˈV_V,AND ESP,a,ʝ,2.0,-2.0,0.0
0,74.0,-J-,ˈV_V,ARG,a,ʝ,2.0,-2.0,0.0
0,74.0,-J-,ˈV_V,AMR ESP,a,∅,0.0,0.0,255.0
0,74.0,-J-,ˈV_V,OCC,a,j,0.333333333,-2.0,0.0
0,74.0,-J-,ˈV_V,VAL,b,d̠͡ʒ,3.0,-0.5,0.0
0,74.0,-J-,ˈV_V,AMR ESP,b,ʝ,2.0,-2.0,0.0
0,75.0,-PJ-,V_V,GAL,a,jβ̞,0.4166666665,0.5,0.0
0,75.0,-PJ-,V_V,GAS OCC,a,pj,2.1666666665,0.5,127.5
0,75.0,-PJ-,V_V,CAT,a,pj~p,2.0833333335,0.5,191.25
0,75.0,-PJ-,V_V,CAS ESP,a,pj,2.1666666665,0.5,127.5
0,75.0,-PJ-,V_V,BR POR,a,jb,2.1666666665,0.5,0.0
0,75.0,-PJ-,V_V,EU POR,a,jβ,1.1666666665,0.5,0.0
0,75.0,-PJ-,V_V,AMR ESP,a,pj,2.1666666665,0.5,127.5
0,75.0,-PJ-,V_V,ASL,a,pj,2.1666666665,0.5,127.5
0,75.0,-PJ-,V_V,ARO,a,kj,2.1666666665,-2.5,127.5
0,75.0,-PJ-,V_V,EU FRA,a,ʃ,1.0,-0.25,255.0
0,75.0,-PJ-,V_V,ROM,a,jp,2.1666666665,0.5,127.5
0,75.0,-PJ-,V_V,OCC,a,pj,2.1666666665,0.5,127.5
0,75.0,-PJ-,V_V,ROM,b,pj~p,2.0833333335,0.5,191.25
0,75.0,-PJ-,V_V,BAL,a,pj~p,2.0833333335,0.5,191.25
0,75.0,-PJ-,V_V,ITA,a,ppj,2.6666666665,0.5,127.5
0,75.0,-PJ-,V_V,AND ESP,a,pj,2.1666666665,0.5,127.5
0,75.0,-PJ-,V_V,ITA,b,pj,2.1666666665,0.5,127.5
0,75.0,-PJ-,V_V,ARG,a,pj,2.1666666665,0.5,127.5
0,75.0,-PJ-,V_V,LAT,a,pj,2.1666666665,0.5,127.5
0,75.0,-PJ-,V_V,VAL,a,pj~p,2.0833333335,0.5,191.25
0,75.0,-PJ-,V_V,QBC FRA,a,ʃ,1.0,-0.25,255.0
0,76.0,-BJ-,V_V,ASL,b,j,0.333333333,-2.0,0.0
0,76.0,-BJ-,V_V,AMR ESP,a,β̞j,0.4166666665,0.5,0.0
0,76.0,-BJ-,V_V,AND ESP,a,ʝ,1.0,-1.0,127.5
0,76.0,-BJ-,V_V,CAS ESP,a,ʝ,1.0,-1.0,127.5
0,76.0,-BJ-,V_V,BAL,b,ɡ~ɣ,1.5,-1.5,127.5
0,76.0,-BJ-,V_V,AND ESP,b,β̞j,0.4166666665,0.5,0.0
0,76.0,-BJ-,V_V,BAL,a,βj~ʒ,1.3333333335,-0.375,63.75
0,76.0,-BJ-,V_V,AMR ESP,b,ʝ,1.0,-1.0,127.5
0,76.0,-BJ-,V_V,ARO,a,kj,2.1666666665,-2.5,0.0
0,76.0,-BJ-,V_V,LAT,a,bj,2.1666666665,0.5,0.0
0,76.0,-BJ-,V_V,ITA,b,bbj,2.6666666665,0.5,0.0
0,76.0,-BJ-,V_V,ITA,a,bbj,2.6666666665,0.5,0.0
0,76.0,-BJ-,V_V,GAL,c,j,0.1666666665,-1.0,127.5
0,76.0,-BJ-,V_V,ARG,c,j,0.333333333,-2.0,0.0
0,76.0,-BJ-,V_V,EU POR,c,j,0.1666666665,-1.0,127.5
0,76.0,-BJ-,V_V,EU POR,b,ʒ,1.0,-0.25,127.5
0,76.0,-BJ-,V_V,EU POR,a,jv(jβ),1.1666666665,0.3125,0.0
0,76.0,-BJ-,V_V,EU FRA,a,ʒ,1.0,-0.25,127.5
0,76.0,-BJ-,V_V,CAT,b,ɣ~ɣ̞,0.625,-1.5,127.5
0,76.0,-BJ-,V_V,VAL,a,βj~d̠͡ʒ,1.3958333335,-0.375,63.75
0,76.0,-BJ-,V_V,GAL,b,β̞j,0.4166666665,0.5,0.0
0,76.0,-BJ-,V_V,VAL,b,ɡ~ɣ̞,1.125,-1.5,127.5
0,76.0,-BJ-,V_V,ROM,b,jb,2.1666666665,0.5,0.0
0,76.0,-BJ-,V_V,ROM,a,jb,2.1666666665,0.5,0.0
0,76.0,-BJ-,V_V,QBC FRA,a,ʒ,1.0,-0.25,127.5
0,76.0,-BJ-,V_V,BR POR,c,j,0.1666666665,-1.0,127.5
0,76.0,-BJ-,V_V,BR POR,b,ʒ,1.0,-0.25,127.5
0,76.0,-BJ-,V_V,CAT,a,βj~ʒ,1.3333333335,-0.375,63.75
0,76.0,-BJ-,V_V,CAS ESP,b,β̞j,0.4166666665,0.5,0.0
0,76.0,-BJ-,V_V,BR POR,a,jv,1.1666666665,0.25,0.0
0,77.0,-TJ-,Vˈ_V,CAT,a,(z̠),0.3333333335,0.25,212.5
0,77.0,-TJ-,Vˈ_V,AMR ESP,a,s,1.0,0.5,255.0
0,77.0,-TJ-,Vˈ_V,BR POR,a,z,1.0,0.5,127.5
0,77.0,-TJ-,Vˈ_V,AND ESP,a,s̟,1.0,0.8333333335,255.0
0,77.0,-TJ-,Vˈ_V,ARG,a,θ,1.0,1.0,255.0
0,77.0,-TJ-,Vˈ_V,BR POR,b,s,1.0,0.5,255.0
0,77.0,-TJ-,Vˈ_V,CAS ESP,a,θ,1.0,1.0,255.0
0,77.0,-TJ-,Vˈ_V,BAL,a,(z̠),0.3333333335,0.25,212.5
0,77.0,-TJ-,Vˈ_V,ASL,a,θ,1.0,1.0,255.0
0,77.0,-TJ-,Vˈ_V,ARO,a,t͡s̪,1.5,0.6666666665,255.0
0,77.0,-TJ-,Vˈ_V,ROM,b,t̠͡ʃ,1.5,-0.25,255.0
0,77.0,-TJ-,Vˈ_V,ROM,a,t͡s̪,1.5,0.6666666665,255.0
0,77.0,-TJ-,Vˈ_V,QBC FRA,b,s̪,1.0,0.6666666665,255.0
0,77.0,-TJ-,Vˈ_V,QBC FRA,a,z̪,1.0,0.6666666665,127.5
0,77.0,-TJ-,Vˈ_V,OCC,b,s̠,1.0,0.25,255.0
0,77.0,-TJ-,Vˈ_V,BAL,b,s̠,1.0,0.25,255.0
0,77.0,-TJ-,Vˈ_V,LAT,a,t̪j,2.1666666665,-0.16666666649999995,127.5
0,77.0,-TJ-,Vˈ_V,ITA,b,tt͡s,1.875,0.5,255.0
0,77.0,-TJ-,Vˈ_V,ITA,a,tt͡s(ʒ),1.5833333335,0.25,212.5
0,77.0,-TJ-,Vˈ_V,GAS OCC,b,s̠,1.0,0.25,255.0
0,77.0,-TJ-,Vˈ_V,GAS OCC,a,z̠,1.0,0.25,127.5
0,77.0,-TJ-,Vˈ_V,GAL,a,θ(s),1.0,0.8333333335,255.0
0,77.0,-TJ-,Vˈ_V,EU POR,b,s(s̪),1.0,0.5416666665,255.0
0,77.0,-TJ-,Vˈ_V,EU FRA,b,s̪,1.0,0.6666666665,255.0
0,77.0,-TJ-,Vˈ_V,OCC,a,z̠,1.0,0.25,127.5
0,77.0,-TJ-,Vˈ_V,VAL,a,(z̠),0.3333333335,0.25,212.5
0,77.0,-TJ-,Vˈ_V,VAL,b,s̠,1.0,0.25,255.0
0,77.0,-TJ-,Vˈ_V,CAT,b,s̠,1.0,0.25,255.0
0,77.0,-TJ-,Vˈ_V,EU FRA,a,z̪,1.0,0.6666666665,127.5
0,77.0,-TJ-,Vˈ_V,EU POR,a,z(z̪),1.0,0.5416666665,127.5
0,78.0,-TJ-,ˈV_V,GAS OCC,a,z̠,1.0,0.25,127.5
0,78.0,-TJ-,ˈV_V,CAS ESP,a,θ,1.0,1.0,255.0
0,78.0,-TJ-,ˈV_V,GAL,a,θ(s),1.0,0.8333333335,255.0
0,78.0,-TJ-,ˈV_V,EU POR,a,z(z̪),1.0,0.5416666665,127.5
0,78.0,-TJ-,ˈV_V,EU POR,b,s(s̪),1.0,0.5416666665,255.0
0,78.0,-TJ-,ˈV_V,AND ESP,a,s̟,1.0,0.8333333335,255.0
0,78.0,-TJ-,ˈV_V,BAL,a,(z̠),0.3333333335,0.25,212.5
0,78.0,-TJ-,ˈV_V,ARG,a,θ,1.0,1.0,255.0
0,78.0,-TJ-,ˈV_V,ASL,a,θ,1.0,1.0,255.0
0,78.0,-TJ-,ˈV_V,OCC,a,z̠,1.0,0.25,127.5
0,78.0,-TJ-,ˈV_V,BR POR,b,s,1.0,0.5,255.0
0,78.0,-TJ-,ˈV_V,BR POR,a,z,1.0,0.5,127.5
0,78.0,-TJ-,ˈV_V,EU FRA,a,z̪,1.0,0.6666666665,127.5
0,78.0,-TJ-,ˈV_V,QBC FRA,a,z̪,1.0,0.6666666665,127.5
0,78.0,-TJ-,ˈV_V,ITA,a,tt͡s,1.875,0.5,255.0
0,78.0,-TJ-,ˈV_V,LAT,a,t̪j,2.1666666665,-0.16666666649999995,127.5
0,78.0,-TJ-,ˈV_V,AMR ESP,a,s,1.0,0.5,255.0
0,78.0,-TJ-,ˈV_V,VAL,a,(z̠),0.3333333335,0.25,212.5
0,78.0,-TJ-,ˈV_V,ROM,a,t͡s̪,1.5,0.6666666665,255.0
0,78.0,-TJ-,ˈV_V,CAT,a,(z̠),0.3333333335,0.25,212.5
0,79.0,-DJ-,V_V,WAL,a,j~∅,0.0833333335,-1.0,191.25
0,79.0,-DJ-,V_V,AMR ESP,b,ʝ,1.0,-1.0,127.5
0,79.0,-DJ-,V_V,AND ESP,a,ʝ,1.0,-1.0,127.5
0,79.0,-DJ-,V_V,ARG,a,ʝ,1.0,-1.0,127.5
0,79.0,-DJ-,V_V,ARG,b,j~∅,0.0833333335,-1.0,191.25
0,79.0,-DJ-,V_V,BAL,b,ʒ,1.0,-0.25,127.5
0,79.0,-DJ-,V_V,ASL,a,ʝ~ʃ,1.0,-0.625,191.25
0,79.0,-DJ-,V_V,ARP,a,j~∅,0.0833333335,-1.0,191.25
0,79.0,-DJ-,V_V,BR POR,a,j~∅,0.0833333335,-1.0,191.25
0,79.0,-DJ-,V_V,ITA,b,d̠d̠͡ʒ,1.875,-0.25,127.5
0,79.0,-DJ-,V_V,LAT,a,d̪j,2.1666666665,-0.16666666649999995,0.0
0,79.0,-DJ-,V_V,OCC,a,j,0.1666666665,-1.0,127.5
0,79.0,-DJ-,V_V,OCC,b,̠d̠͡ʒ(d͡z̠),1.5,-0.0833333335,127.5
0,79.0,-DJ-,V_V,QBC FRA,a,j,0.1666666665,-1.0,127.5
0,79.0,-DJ-,V_V,ROM,a,z̪,1.0,0.6666666665,127.5
0,79.0,-DJ-,V_V,SCN,a,j,0.1666666665,-1.0,127.5
0,79.0,-DJ-,V_V,VAL,b,d̠͡ʒ,1.5,-0.25,127.5
0,79.0,-DJ-,V_V,EU FRA,a,j,0.1666666665,-1.0,127.5
0,79.0,-DJ-,V_V,GAS OCC,b,ʒ,1.0,-0.25,127.5
0,79.0,-DJ-,V_V,GAS OCC,a,j,0.1666666665,-1.0,127.5
0,79.0,-DJ-,V_V,GAL,b,j~∅,0.0833333335,-1.0,191.25
0,79.0,-DJ-,V_V,GAL,a,ʃ,1.0,-0.25,255.0
0,79.0,-DJ-,V_V,EU POR,b,ʒ,1.0,-0.25,127.5
0,79.0,-DJ-,V_V,EU POR,a,j~∅,0.0833333335,-1.0,191.25
0,79.0,-DJ-,V_V,ARO,a,d͡z̪,1.5,0.6666666665,127.5
0,79.0,-DJ-,V_V,ITA,a,dd͡z,1.875,0.5,127.5
0,79.0,-DJ-,V_V,CAT,b,ʒ,1.0,-0.25,127.5
0,79.0,-DJ-,V_V,BR POR,b,ʒ,1.0,-0.25,127.5
0,79.0,-DJ-,V_V,CAS ESP,a,ʝ,1.0,-1.0,127.5
0,80.0,-CJ-,Vˈ_V,AND ESP,a,s̟,1.0,0.8333333335,255.0
0,80.0,-CJ-,Vˈ_V,ARG,a,θ,1.0,1.0,255.0
0,80.0,-CJ-,Vˈ_V,AMR ESP,a,s,1.0,0.5,255.0
0,80.0,-CJ-,Vˈ_V,ASL,a,θ,1.0,1.0,255.0
0,80.0,-CJ-,Vˈ_V,EU POR,a,s(s̪),1.0,0.5416666665,255.0
0,80.0,-CJ-,Vˈ_V,GAL,a,θ(s),1.0,0.8333333335,255.0
0,80.0,-CJ-,Vˈ_V,ABR,a,t̠t̠͡ʃ,1.875,-0.25,255.0
0,80.0,-CJ-,Vˈ_V,ARO,a,t͡s̪,1.5,0.6666666665,255.0
0,80.0,-CJ-,Vˈ_V,CAM,a,t̠t̠͡ʃ,1.875,-0.25,255.0
0,80.0,-CJ-,Vˈ_V,CAS ESP,a,θ,1.0,1.0,255.0
0,80.0,-CJ-,Vˈ_V,CAT,a,s̠,1.0,0.25,255.0
0,80.0,-CJ-,Vˈ_V,EU FRA,a,s̪,1.0,0.6666666665,255.0
0,80.0,-CJ-,Vˈ_V,BAL,a,s̠,1.0,0.25,255.0
0,80.0,-CJ-,Vˈ_V,BR POR,a,s,1.0,0.5,255.0
0,80.0,-CJ-,Vˈ_V,OCC,a,s̠,1.0,0.25,255.0
0,80.0,-CJ-,Vˈ_V,LAT,a,kj,2.1666666665,-2.5,127.5
0,80.0,-CJ-,Vˈ_V,PGL,a,tt͡s,1.875,0.5,255.0
0,80.0,-CJ-,Vˈ_V,QBC FRA,a,s̪,1.0,0.6666666665,255.0
0,80.0,-CJ-,Vˈ_V,ROM,b,t̠͡ʃ,1.5,-0.25,255.0
0,80.0,-CJ-,Vˈ_V,ROM,a,t͡s̪,1.5,0.6666666665,255.0
0,80.0,-CJ-,Vˈ_V,VAL,a,s̠,1.0,0.25,255.0
0,80.0,-CJ-,Vˈ_V,SCN,a,tt͡s,1.875,0.5,255.0
0,80.0,-CJ-,Vˈ_V,GAS OCC,a,s̠,1.0,0.25,255.0
0,80.0,-CJ-,Vˈ_V,ITA,a,t̠t̠͡ʃ,1.875,-0.25,255.0
0,81.0,-CJ-,ˈV_V,BR POR,a,s,1.0,0.5,255.0
0,81.0,-CJ-,ˈV_V,BAL,a,s̠,1.0,0.25,255.0
0,81.0,-CJ-,ˈV_V,QBC FRA,a,s̪,1.0,0.6666666665,255.0
0,81.0,-CJ-,ˈV_V,ROM,a,t͡s̪,1.5,0.6666666665,255.0
0,81.0,-CJ-,ˈV_V,EU FRA,a,s̪,1.0,0.6666666665,255.0
0,81.0,-CJ-,ˈV_V,CAT,a,s̠,1.0,0.25,255.0
0,81.0,-CJ-,ˈV_V,ARG,a,θ,1.0,1.0,255.0
0,81.0,-CJ-,ˈV_V,AND ESP,a,s̟,1.0,0.8333333335,255.0
0,81.0,-CJ-,ˈV_V,CAM,a,t̠t̠͡ʃ,1.875,-0.25,255.0
0,81.0,-CJ-,ˈV_V,CAS ESP,a,θ,1.0,1.0,255.0
0,81.0,-CJ-,ˈV_V,ASL,a,θ,1.0,1.0,255.0
0,81.0,-CJ-,ˈV_V,ARO,a,t͡s̪,1.5,0.6666666665,255.0
0,81.0,-CJ-,ˈV_V,GAL,a,θ(s),1.0,0.8333333335,255.0
0,81.0,-CJ-,ˈV_V,EU POR,a,s(s̪),1.0,0.5416666665,255.0
0,81.0,-CJ-,ˈV_V,ITA,a,t̠t̠͡ʃ,1.875,-0.25,255.0
0,81.0,-CJ-,ˈV_V,LAT,a,kj,2.1666666665,-2.5,127.5
0,81.0,-CJ-,ˈV_V,OCC,a,s̠,1.0,0.25,255.0
0,81.0,-CJ-,ˈV_V,PGL,a,tt͡s,1.875,0.5,255.0
0,81.0,-CJ-,ˈV_V,ABR,a,t̠t̠͡ʃ,1.875,-0.25,255.0
0,81.0,-CJ-,ˈV_V,AMR ESP,a,s,1.0,0.5,255.0
0,81.0,-CJ-,ˈV_V,SCN,a,tt͡s,1.875,0.5,255.0
0,81.0,-CJ-,ˈV_V,VAL,a,s̠,1.0,0.25,255.0
0,81.0,-CJ-,ˈV_V,GAS OCC,a,s̠,1.0,0.25,255.0
0,82.0,-GJ-,V_V,VAL,b,d̠͡ʒ,1.5,-0.25,127.5
0,82.0,-GJ-,V_V,GAL,a,ʃ,1.0,-0.25,255.0
0,82.0,-GJ-,V_V,GAS OCC,b,ʒ,1.0,-0.25,127.5
0,82.0,-GJ-,V_V,GAS OCC,a,j,0.1666666665,-1.0,127.5
0,82.0,-GJ-,V_V,EU POR,b,ʒ,1.0,-0.25,127.5
0,82.0,-GJ-,V_V,ASL,a,ʝ~ʃ,1.0,-0.625,191.25
0,82.0,-GJ-,V_V,GAL,b,j~∅,0.0833333335,-1.0,191.25
0,82.0,-GJ-,V_V,AMR ESP,a,j~∅,0.0833333335,-1.0,191.25
0,82.0,-GJ-,V_V,AMR ESP,b,ʝ,1.0,-1.0,127.5
0,82.0,-GJ-,V_V,AND ESP,a,ʝ,1.0,-1.0,127.5
0,82.0,-GJ-,V_V,AND ESP,b,j~∅,0.0833333335,-1.0,191.25
0,82.0,-GJ-,V_V,ARG,a,ʝ,1.0,-1.0,127.5
0,82.0,-GJ-,V_V,ARG,b,j~∅,0.0833333335,-1.0,191.25
0,82.0,-GJ-,V_V,ITA,a,dd͡z,1.875,0.5,127.5
0,82.0,-GJ-,V_V,BAL,a,j,0.1666666665,-1.0,127.5
0,82.0,-GJ-,V_V,BAL,b,ʒ,1.0,-0.25,127.5
0,82.0,-GJ-,V_V,BR POR,a,j~∅,0.0833333335,-1.0,191.25
0,82.0,-GJ-,V_V,BR POR,b,ʒ,1.0,-0.25,127.5
0,82.0,-GJ-,V_V,CAS ESP,a,ʝ,1.0,-1.0,127.5
0,82.0,-GJ-,V_V,CAS ESP,b,j~∅,0.0833333335,-1.0,191.25
0,82.0,-GJ-,V_V,CAT,a,j,0.1666666665,-1.0,127.5
0,82.0,-GJ-,V_V,CAT,b,ʒ,1.0,-0.25,127.5
0,82.0,-GJ-,V_V,VAL,a,j,0.1666666665,-1.0,127.5
0,82.0,-GJ-,V_V,EU POR,a,j~∅,0.0833333335,-1.0,191.25
0,82.0,-GJ-,V_V,EU FRA,a,j,0.1666666665,-1.0,127.5
0,82.0,-GJ-,V_V,ITA,b,d̠d̠͡ʒ,1.875,-0.25,127.5
0,82.0,-GJ-,V_V,LAT,a,ɡj,2.1666666665,-2.5,0.0
0,82.0,-GJ-,V_V,OCC,a,j,0.1666666665,-1.0,127.5
0,82.0,-GJ-,V_V,OCC,b,̠d̠͡ʒ(d͡z̠),1.5,-0.0833333335,127.5
0,82.0,-GJ-,V_V,QBC FRA,a,j,0.1666666665,-1.0,127.5
0,82.0,-GJ-,V_V,ROM,a,j~∅,0.0833333335,-1.0,191.25
0,83.0,-VJ-,V_V,AMR ESP,a,β̞j,0.4166666665,0.5,0.0
0,83.0,-VJ-,V_V,AND ESP,a,β̞j,0.4166666665,0.5,0.0
0,83.0,-VJ-,V_V,QBC FRA,a,ʒ,1.0,-0.25,127.5
0,83.0,-VJ-,V_V,LAT,a,wj~βj,0.7916666665000001,-0.25,0.0
0,83.0,-VJ-,V_V,EU POR,a,jv(β),1.0833333335,0.3125,63.75
0,83.0,-VJ-,V_V,EU FRA,a,ʒ,1.0,-0.25,127.5
0,83.0,-VJ-,V_V,ITA,a,bbj,2.6666666665,0.5,0.0
0,83.0,-VJ-,V_V,GAL,a,β̞j,0.4166666665,0.5,0.0
0,83.0,-VJ-,V_V,BR POR,a,jv~v,1.0833333335,0.25,63.75
0,83.0,-VJ-,V_V,CAS ESP,a,β̞j,0.4166666665,0.5,0.0
0,83.0,-VJ-,V_V,BAL,b,wʒ,1.1666666665,-0.25,0.0
0,83.0,-VJ-,V_V,BAL,a,vj~v,1.0833333335,0.25,63.75
0,83.0,-VJ-,V_V,ARG,a,j,0.333333333,-2.0,0.0
0,83.0,-VJ-,V_V,VAL,b,wd̠͡ʒ,1.6666666665,-0.25,0.0
0,83.0,-VJ-,V_V,CAT,a,βj~β̞,0.7083333334999999,0.5,63.75
0,83.0,-VJ-,V_V,CAT,b,wʒ,1.1666666665,-0.25,0.0
0,83.0,-VJ-,V_V,VAL,a,vj~β̞,0.7083333334999999,0.375,63.75
0,83.0,-VJ-,V_V,ASL,a,β̞j,0.4166666665,0.5,0.0
0,83.0,-VJ-,V_V,ROM,a,jb,2.1666666665,0.5,0.0
0,83.5,-FJ-,V_V,VAL,a,fj~f,1.0833333335,0.25,191.25
0,83.5,-FJ-,V_V,GAL,a,fj,1.1666666665,0.25,127.5
0,83.5,-FJ-,V_V,CAT,a,fj~f,1.0833333335,0.25,191.25
0,83.5,-FJ-,V_V,OCC,a,fj,1.1666666665,0.25,127.5
0,83.5,-FJ-,V_V,LAT,a,ɸj~fj,1.1666666665,0.375,127.5
0,83.5,-FJ-,V_V,AMR ESP,a,fj,1.1666666665,0.25,127.5
0,83.5,-FJ-,V_V,AND ESP,a,fj,1.1666666665,0.25,127.5
0,83.5,-FJ-,V_V,BAL,a,fj~f,1.0833333335,0.25,191.25
0,83.5,-FJ-,V_V,CAS ESP,a,fj,1.1666666665,0.25,127.5
0,83.5,-FJ-,V_V,BR POR,a,jf,1.1666666665,0.25,127.5
0,83.5,-FJ-,V_V,EU POR,a,jf,1.1666666665,0.25,127.5
0,83.5,-FJ-,V_V,ITA,a,ffj,1.4166666665,0.25,127.5
0,83.5,-FJ-,V_V,GAS OCC,a,fj,1.1666666665,0.25,127.5
0,83.5,-FJ-,V_V,QBC FRA,a,fj~f,1.0833333335,0.25,191.25
0,83.5,-FJ-,V_V,EU FRA,a,fj~f,1.0833333335,0.25,191.25
0,83.5,-FJ-,V_V,ROM,a,jf,1.1666666665,0.25,127.5
0,84.0,-SJ-,V_V,AMR ESP,a,s,1.0,0.5,255.0
0,84.0,-SJ-,V_V,CAS ESP,a,s̠~θ,1.0,0.625,255.0
0,84.0,-SJ-,V_V,AND ESP,a,s̟,1.0,0.8333333335,255.0
0,84.0,-SJ-,V_V,EU POR,b,z(z̠),1.0,0.4375,127.5
0,84.0,-SJ-,V_V,EU POR,a,jʒ,1.1666666665,-1.25,0.0
0,84.0,-SJ-,V_V,SCN,a,s,1.0,0.5,255.0
0,84.0,-SJ-,V_V,ROM,a,ʃ,1.0,-0.25,255.0
0,84.0,-SJ-,V_V,QBC FRA,a,z̪,1.0,0.6666666665,127.5
0,84.0,-SJ-,V_V,PGL,a,s,1.0,0.5,255.0
0,84.0,-SJ-,V_V,LAT,a,s̠j,1.1666666665,-0.75,127.5
0,84.0,-SJ-,V_V,CAM,a,s,1.0,0.5,255.0
0,84.0,-SJ-,V_V,EU FRA,a,z̪,1.0,0.6666666665,127.5
0,84.0,-SJ-,V_V,CAT,a,z̠,1.0,0.25,127.5
0,84.0,-SJ-,V_V,ABR,a,ʃ,1.0,-0.25,255.0
0,84.0,-SJ-,V_V,ARO,a,ʃ,1.0,-0.25,255.0
0,84.0,-SJ-,V_V,BAL,a,z̠,1.0,0.25,127.5
0,84.0,-SJ-,V_V,GAL,a,s̠,1.0,0.25,255.0
0,84.0,-SJ-,V_V,GAL,b,jʃ,1.1666666665,-1.25,127.5
0,84.0,-SJ-,V_V,ITA,a,ʃ~d̠͡ʒ,1.25,-0.25,191.25
0,84.0,-SJ-,V_V,BR POR,b,z,1.0,0.5,127.5
0,84.0,-SJ-,V_V,BR POR,a,jʒ,1.1666666665,-1.25,0.0
0,84.0,-SJ-,V_V,VAL,a,z̠,1.0,0.25,127.5
0,85.0,-MJ-,V_V,BAL,a,mj~m,0.8333333334999999,0.5,63.75
0,85.0,-MJ-,V_V,EU FRA,a,◌̃ʒ,1.375,0.125,0.0
0,85.0,-MJ-,V_V,AND ESP,a,mj,0.9166666665000001,0.5,0.0
0,85.0,-MJ-,V_V,CAS ESP,a,mj,0.9166666665000001,0.5,0.0
0,85.0,-MJ-,V_V,BR POR,a,jm~m,0.8333333334999999,0.5,63.75
0,85.0,-MJ-,V_V,ROM,a,jm,0.9166666665000001,0.5,0.0
0,85.0,-MJ-,V_V,CAT,a,mj~m,0.8333333334999999,0.5,63.75
0,85.0,-MJ-,V_V,LAT,a,mj,0.9166666665000001,0.5,0.0
0,85.0,-MJ-,V_V,ITA,a,mmj,1.1041666665,0.5,0.0
0,85.0,-MJ-,V_V,EU POR,a,jm~m,0.8333333334999999,0.5,63.75
0,85.0,-MJ-,V_V,AMR ESP,a,mj,0.9166666665000001,0.5,0.0
0,85.0,-MJ-,V_V,VAL,a,mj~m,0.8333333334999999,0.5,63.75
0,86.0,-NJ-,V_V,AMR ESP,a,n̪ʲ~ȵ,0.75,0.375,127.5
0,86.0,-NJ-,V_V,EU FRA,b,◌̃ʒ,1.375,0.125,0.0
0,86.0,-NJ-,V_V,VAL,a,ȵ~ɲ,0.75,-0.5,127.5
0,86.0,-NJ-,V_V,ROM,a,j~∅,0.0833333335,-1.0,191.25
0,86.0,-NJ-,V_V,AND ESP,a,n̪ʲ~ȵ,0.75,0.375,127.5
0,86.0,-NJ-,V_V,FUR,a,ȵ,1.5,0.0,0.0
0,86.0,-NJ-,V_V,EU POR,a,n̪ʲ~ȵ,0.75,0.375,127.5
0,86.0,-NJ-,V_V,CAT,a,ȵ~ɲ,0.75,-0.5,127.5
0,86.0,-NJ-,V_V,CAS ESP,a,n̪ʲ~ȵ,0.75,0.375,127.5
0,86.0,-NJ-,V_V,BR POR,a,◌̃j̃,0.8333333334999999,-0.625,0.0
0,86.0,-NJ-,V_V,BAL,a,ȵ~ɲ,0.75,-0.5,127.5
0,86.0,-NJ-,V_V,ARO,a,ɲ,0.75,-1.0,127.5
0,86.0,-NJ-,V_V,RMH,a,ȵ,1.5,0.0,0.0
0,86.0,-NJ-,V_V,QBC FRA,b,◌̃ʒ,1.375,0.125,0.0
0,86.0,-NJ-,V_V,QBC FRA,a,ȵ~ɲ,0.75,-0.5,127.5
0,86.0,-NJ-,V_V,OCC,a,n̪ʲ~ȵ,0.75,0.375,127.5
0,86.0,-NJ-,V_V,LAT,a,nj,0.9166666665000001,-0.625,0.0
0,86.0,-NJ-,V_V,ITA,a,n̪ʲː~ȵȵ,0.9375,0.375,127.5
0,86.0,-NJ-,V_V,EU FRA,a,ȵ~ɲ,0.75,-0.5,127.5
0,86.0,-NJ-,V_V,GAS OCC,a,n̪ʲ~ȵ,0.75,0.375,127.5
0,87.0,-RJ-,V_V,AND ESP,a,ɾ,0.5,0.375,127.5
0,87.0,-RJ-,V_V,CAS ESP,a,ɾ,0.5,0.375,127.5
0,87.0,-RJ-,V_V,EU POR,a,jɾ,0.6666666665000001,-0.625,0.0
0,87.0,-RJ-,V_V,BR POR,a,jɾ,0.6666666665000001,-0.625,0.0
0,87.0,-RJ-,V_V,AMR ESP,a,ɾ,0.5,0.375,127.5
0,87.0,-RJ-,V_V,BAL,a,ɾ,0.5,0.375,127.5
0,87.0,-RJ-,V_V,CAM,a,ɾ,0.5,0.375,127.5
0,87.0,-RJ-,V_V,ABR,a,ɾ,0.5,0.375,127.5
0,87.0,-RJ-,V_V,QBC FRA,a,ʁ(ʀ),0.875,-2.0,127.5
0,87.0,-RJ-,V_V,PGL,a,ɾ,0.5,0.375,127.5
0,87.0,-RJ-,V_V,LAT,a,ɾj,0.6666666665000001,-0.625,0.0
0,87.0,-RJ-,V_V,GAL,a,jɾ,0.6666666665000001,-0.625,0.0
0,87.0,-RJ-,V_V,CAT,a,ɾ,0.5,0.375,127.5
0,87.0,-RJ-,V_V,ROM,a,ɾ̪,0.5,0.8333333335,127.5
0,87.0,-RJ-,V_V,SCN,a,ɾ,0.5,0.375,127.5
0,87.0,-RJ-,V_V,EU FRA,a,ʁ(ʀ),0.875,-2.0,127.5
0,87.0,-RJ-,V_V,ITA,a,j,0.1666666665,-1.0,127.5
0,87.0,-RJ-,V_V,VAL,a,ɾ,0.5,0.375,127.5
0,88.0,-LJ-,i_V,AMR ESP,a,h,1.0,-3.0,127.5
0,88.0,-LJ-,i_V,CAS ESP,a,x,1.0,-1.5,255.0
0,88.0,-LJ-,i_V,BAL,a,j,0.1666666665,-1.0,127.5
0,88.0,-LJ-,i_V,AND ESP,a,h,1.0,-3.0,127.5
0,88.0,-LJ-,i_V,CAT,a,ȴ[ʎ̟],0.375,0.0,127.5
0,88.0,-LJ-,i_V,QBC FRA,a,j,0.1666666665,-1.0,127.5
0,88.0,-LJ-,i_V,ROM,a,j~∅,0.0833333335,-1.0,191.25
0,88.0,-LJ-,i_V,ITA,a,ȴȴ[ʎ̟ʎ̟],0.46875,0.0,127.5
0,88.0,-LJ-,i_V,LAT,a,l̪ʲj,0.5416666665000001,-1.0833333335,0.0
0,88.0,-LJ-,i_V,EU POR,a,ȴ[ʎ̟],0.375,0.0,127.5
0,88.0,-LJ-,i_V,EU FRA,a,j,0.1666666665,-1.0,127.5
0,88.0,-LJ-,i_V,CAM,a,ȴȴ[ʎ̟ʎ̟],0.46875,0.0,127.5
0,88.0,-LJ-,i_V,VAL,a,ȴ[ʎ̟],0.375,0.0,127.5
0,88.0,-LJ-,i_V,BR POR,a,ȴ[ʎ̟],0.375,0.0,127.5
0,89.0,-LJ-,"{a,e,o,u}_V",CAT,a,ȴ[ʎ̟],0.375,0.0,127.5
0,89.0,-LJ-,"{a,e,o,u}_V",CAS ESP,a,x,1.0,-1.5,255.0
0,89.0,-LJ-,"{a,e,o,u}_V",BR POR,a,ȴ[ʎ̟],0.375,0.0,127.5
0,89.0,-LJ-,"{a,e,o,u}_V",LAT,a,l̪ʲj,0.5416666665000001,-1.0833333335,0.0
0,89.0,-LJ-,"{a,e,o,u}_V",QBC FRA,a,j,0.1666666665,-1.0,127.5
0,89.0,-LJ-,"{a,e,o,u}_V",CAM,a,ȴȴ[ʎ̟ʎ̟],0.46875,0.0,127.5
0,89.0,-LJ-,"{a,e,o,u}_V",BAL,a,j,0.1666666665,-1.0,127.5
0,89.0,-LJ-,"{a,e,o,u}_V",ROM,a,j,0.1666666665,-1.0,127.5
0,89.0,-LJ-,"{a,e,o,u}_V",VAL,a,ȴ[ʎ̟],0.375,0.0,127.5
0,89.0,-LJ-,"{a,e,o,u}_V",ITA,a,ȴȴ[ʎ̟ʎ̟],0.46875,0.0,127.5
0,89.0,-LJ-,"{a,e,o,u}_V",AMR ESP,a,h,1.0,-3.0,127.5
0,89.0,-LJ-,"{a,e,o,u}_V",EU FRA,a,j,0.1666666665,-1.0,127.5
0,89.0,-LJ-,"{a,e,o,u}_V",EU POR,a,ȴ[ʎ̟],0.375,0.0,127.5
0,89.0,-LJ-,"{a,e,o,u}_V",AND ESP,a,h,1.0,-3.0,127.5
0,90.0,-PP-,V_V,EU POR,a,p,4.0,3.0,255.0
0,90.0,-PP-,V_V,CAT,a,p,4.0,3.0,255.0
0,90.0,-PP-,V_V,CAS ESP,a,p,4.0,3.0,255.0
0,90.0,-PP-,V_V,ABR,a,pp,5.0,3.0,255.0
0,90.0,-PP-,V_V,ITA,a,pp,5.0,3.0,255.0
0,90.0,-PP-,V_V,GAL,a,p,4.0,3.0,255.0
0,90.0,-PP-,V_V,GAS OCC,a,p,4.0,3.0,255.0
0,90.0,-PP-,V_V,EU FRA,a,p,4.0,3.0,255.0
0,90.0,-PP-,V_V,AND ESP,a,p,4.0,3.0,255.0
0,90.0,-PP-,V_V,BAL,a,p,4.0,3.0,255.0
0,90.0,-PP-,V_V,BR POR,a,p,4.0,3.0,255.0
0,90.0,-PP-,V_V,AMR ESP,a,p,4.0,3.0,255.0
0,90.0,-PP-,V_V,CAM,a,pp,5.0,3.0,255.0
0,90.0,-PP-,V_V,ASL,a,p,4.0,3.0,255.0
0,90.0,-PP-,V_V,ARG,a,p,4.0,3.0,255.0
0,90.0,-PP-,V_V,SCN,a,pp,5.0,3.0,255.0
0,90.0,-PP-,V_V,VAL,a,p,4.0,3.0,255.0
0,90.0,-PP-,V_V,LAT,a,pp,5.0,3.0,255.0
0,90.0,-PP-,V_V,OCC,a,p,4.0,3.0,255.0
0,90.0,-PP-,V_V,PGL,a,pp,5.0,3.0,255.0
0,90.0,-PP-,V_V,ROM,a,p,4.0,3.0,255.0
0,91.0,-BB-,V_V,AND ESP,a,β̞,0.5,3.0,0.0
0,91.0,-BB-,V_V,AMR ESP,a,β̞,0.5,3.0,0.0
0,91.0,-BB-,V_V,VAL,a,b~β̞,2.25,3.0,0.0
0,91.0,-BB-,V_V,ROM,a,b,4.0,3.0,0.0
0,91.0,-BB-,V_V,CAS ESP,a,β̞,0.5,3.0,0.0
0,91.0,-BB-,V_V,CAT,a,β~β̞,1.25,3.0,0.0
0,91.0,-BB-,V_V,EU FRA,a,b,4.0,3.0,0.0
0,91.0,-BB-,V_V,EU POR,a,β,2.0,3.0,0.0
0,91.0,-BB-,V_V,ARG,a,β̞,0.5,3.0,0.0
0,91.0,-BB-,V_V,ASL,a,β̞,0.5,3.0,0.0
0,91.0,-BB-,V_V,BAL,a,b~β,3.0,3.0,0.0
0,91.0,-BB-,V_V,BR POR,a,b,4.0,3.0,0.0
0,91.0,-BB-,V_V,QBC FRA,a,b,4.0,3.0,0.0
0,91.0,-BB-,V_V,LAT,a,bb,5.0,3.0,0.0
0,91.0,-BB-,V_V,GAL,a,β̞,0.5,3.0,0.0
0,91.0,-BB-,V_V,ITA,a,bb(b),4.666666667,3.0,0.0
0,92.0,-TT-,V_V,OCC,a,t̪,4.0,1.666666667,255.0
0,92.0,-TT-,V_V,LAT,a,t̪t̪,5.0,1.666666667,255.0
0,92.0,-TT-,V_V,AMR ESP,a,t̪,4.0,1.666666667,255.0
0,92.0,-TT-,V_V,AND ESP,a,t̪,4.0,1.666666667,255.0
0,92.0,-TT-,V_V,BR POR,b,t̠͡ʃ,3.0,-0.5,255.0
0,92.0,-TT-,V_V,CAS ESP,a,t̪,4.0,1.666666667,255.0
0,92.0,-TT-,V_V,GAS OCC,a,t̪,4.0,1.666666667,255.0
0,92.0,-TT-,V_V,ITA,a,t̪t̪,5.0,1.666666667,255.0
0,92.0,-TT-,V_V,ROM,b,t͡s,3.0,1.0,255.0
0,92.0,-TT-,V_V,VAL,a,t̪,4.0,1.666666667,255.0
0,92.0,-TT-,V_V,EU POR,a,t̪,4.0,1.666666667,255.0
0,92.0,-TT-,V_V,GAL,a,t̪,4.0,1.666666667,255.0
0,92.0,-TT-,V_V,CAT,a,t̪,4.0,1.666666667,255.0
0,92.0,-TT-,V_V,EU FRA,a,t̪,4.0,1.666666667,255.0
0,92.0,-TT-,V_V,BR POR,a,t̪,4.0,1.666666667,255.0
0,92.0,-TT-,V_V,BAL,a,t̪,4.0,1.666666667,255.0
0,92.0,-TT-,V_V,ARG,a,t̪,4.0,1.666666667,255.0
0,92.0,-TT-,V_V,ASL,a,t̪,4.0,1.666666667,255.0
0,92.0,-TT-,V_V,QBC FRA,a,t̪,4.0,1.666666667,255.0
0,92.0,-TT-,V_V,ROM,a,t̪,4.0,1.666666667,255.0
0,93.0,-DD-,V_V,ASL,a,ð̞,0.5,1.833333333,0.0
0,93.0,-DD-,V_V,ARG,a,ð~ð̞,1.25,1.916666667,0.0
0,93.0,-DD-,V_V,BR POR,a,d̪,4.0,1.666666667,0.0
0,93.0,-DD-,V_V,CAS ESP,a,ð̞,0.5,1.833333333,0.0
0,93.0,-DD-,V_V,AMR ESP,a,ð̞,0.5,1.833333333,0.0
0,93.0,-DD-,V_V,AND ESP,a,ð̞,0.5,1.833333333,0.0
0,93.0,-DD-,V_V,LAT,a,d̪d̪,5.0,1.666666667,0.0
0,93.0,-DD-,V_V,ITA,a,d̪d̪,5.0,1.666666667,0.0
0,93.0,-DD-,V_V,EU FRA,a,d̪,4.0,1.666666667,0.0
0,93.0,-DD-,V_V,CAT,a,ð~ð̞,1.25,1.916666667,0.0
0,93.0,-DD-,V_V,ROM,a,d̪,4.0,1.666666667,0.0
0,93.0,-DD-,V_V,QBC FRA,a,d̪,4.0,1.666666667,0.0
0,93.0,-DD-,V_V,EU POR,a,ð,2.0,2.0,0.0
0,93.0,-DD-,V_V,GAL,a,ð̞,0.5,1.833333333,0.0
0,94.0,-CC-,V_O,QBC FRA,a,k,4.0,-3.0,255.0
0,94.0,-CC-,V_O,OCC,a,k,4.0,-3.0,255.0
0,94.0,-CC-,V_O,LAT,a,kk,5.0,-3.0,255.0
0,94.0,-CC-,V_O,ITA,a,kk,5.0,-3.0,255.0
0,94.0,-CC-,V_O,CAT,a,k,4.0,-3.0,255.0
0,94.0,-CC-,V_O,CAS ESP,a,k,4.0,-3.0,255.0
0,94.0,-CC-,V_O,BAL,a,k,4.0,-3.0,255.0
0,94.0,-CC-,V_O,BR POR,a,k,4.0,-3.0,255.0
0,94.0,-CC-,V_O,GAL,a,k,4.0,-3.0,255.0
0,94.0,-CC-,V_O,GAS OCC,a,k,4.0,-3.0,255.0
0,94.0,-CC-,V_O,EU POR,a,k,4.0,-3.0,255.0
0,94.0,-CC-,V_O,EU FRA,a,k,4.0,-3.0,255.0
0,94.0,-CC-,V_O,ROM,a,k,4.0,-3.0,255.0
0,94.0,-CC-,V_O,VAL,a,k,4.0,-3.0,255.0
0,94.0,-CC-,V_O,ASL,a,k,4.0,-3.0,255.0
0,94.0,-CC-,V_O,ARG,a,k,4.0,-3.0,255.0
0,94.0,-CC-,V_O,AND ESP,a,k,4.0,-3.0,255.0
0,94.0,-CC-,V_O,AMR ESP,a,k,4.0,-3.0,255.0
0,95.0,-CC-,V_a,QBC FRA,a,ʃ,2.0,-0.5,255.0
0,95.0,-CC-,V_a,ROM,a,k,4.0,-3.0,255.0
0,95.0,-CC-,V_a,GAS OCC,a,k,4.0,-3.0,255.0
0,95.0,-CC-,V_a,CAS ESP,a,k,4.0,-3.0,255.0
0,95.0,-CC-,V_a,ARG,a,k,4.0,-3.0,255.0
0,95.0,-CC-,V_a,ASL,a,k,4.0,-3.0,255.0
0,95.0,-CC-,V_a,LAT,a,kk,5.0,-3.0,255.0
0,95.0,-CC-,V_a,ITA,a,kk,5.0,-3.0,255.0
0,95.0,-CC-,V_a,BAL,a,k~c,4.0,-2.5,255.0
0,95.0,-CC-,V_a,BR POR,a,k,4.0,-3.0,255.0
0,95.0,-CC-,V_a,CAT,a,k,4.0,-3.0,255.0
0,95.0,-CC-,V_a,AND ESP,a,k,4.0,-3.0,255.0
0,95.0,-CC-,V_a,AMR ESP,a,k,4.0,-3.0,255.0
0,95.0,-CC-,V_a,VAL,a,k,4.0,-3.0,255.0
0,95.0,-CC-,V_a,EU POR,a,k,4.0,-3.0,255.0
0,95.0,-CC-,V_a,EU FRA,a,ʃ,2.0,-0.5,255.0
0,95.0,-CC-,V_a,GAL,a,k,4.0,-3.0,255.0
0,96.0,-CC-,V_E,AMR ESP,a,s,2.0,1.0,255.0
0,96.0,-CC-,V_E,CAT,a,s̠(d͡z̠),2.25,0.5,127.5
0,96.0,-CC-,V_E,CAS ESP,a,θ,2.0,2.0,255.0
0,96.0,-CC-,V_E,VAL,a,s̠(d͡z̠),2.25,0.5,127.5
0,96.0,-CC-,V_E,GAL,a,θ(s),2.0,1.666666667,255.0
0,96.0,-CC-,V_E,BR POR,a,s,2.0,1.0,255.0
0,96.0,-CC-,V_E,BAL,a,s̠(d͡z̠),2.25,0.5,127.5
0,96.0,-CC-,V_E,QBC FRA,a,s̪,2.0,1.333333333,255.0
0,96.0,-CC-,V_E,ROM,a,t̠͡ʃ,3.0,-0.5,255.0
0,96.0,-CC-,V_E,LAT,a,kk,5.0,-3.0,255.0
0,96.0,-CC-,V_E,ITA,a,t̠t̠͡ʃ,3.75,-0.5,255.0
0,96.0,-CC-,V_E,EU POR,a,s(s̪),2.0,1.083333333,255.0
0,96.0,-CC-,V_E,ARO,a,t͡s̪,3.0,1.333333333,255.0
0,96.0,-CC-,V_E,ARG,a,θ,2.0,2.0,255.0
0,96.0,-CC-,V_E,AND ESP,a,s̟,2.0,1.666666667,255.0
0,96.0,-CC-,V_E,ASL,a,θ,2.0,2.0,255.0
0,96.0,-CC-,V_E,EU FRA,a,s̪,2.0,1.333333333,255.0
0,97.0,-GG-,V_V,QBC FRA,a,ʒ,2.0,-0.5,0.0
0,97.0,-GG-,V_V,ROM,a,d̠͡ʒ,3.0,-0.5,0.0
0,97.0,-GG-,V_V,BR POR,a,ʒ,2.0,-0.5,0.0
0,97.0,-GG-,V_V,BAL,a,ʒ,2.0,-0.5,0.0
0,97.0,-GG-,V_V,AMR ESP,a,h,2.0,-6.0,0.0
0,97.0,-GG-,V_V,EU POR,a,ʒ,2.0,-0.5,0.0
0,97.0,-GG-,V_V,EU FRA,a,ʒ,2.0,-0.5,0.0
0,97.0,-GG-,V_V,CAT,a,ʒ,2.0,-0.5,0.0
0,97.0,-GG-,V_V,VAL,a,d̠͡ʒ,3.0,-0.5,0.0
0,97.0,-GG-,V_V,ITA,a,d̠d̠͡ʒ,3.75,-0.5,0.0
0,97.0,-GG-,V_V,AND ESP,a,h,2.0,-6.0,0.0
0,97.0,-GG-,V_V,CAS ESP,a,x,2.0,-3.0,255.0
0,98.0,-MM-,V_V,AND ESP,a,m,1.5,3.0,0.0
0,98.0,-MM-,V_V,ARO,a,m,1.5,3.0,0.0
0,98.0,-MM-,V_V,ARG,a,m,1.5,3.0,0.0
0,98.0,-MM-,V_V,EU FRA,a,m,1.5,3.0,0.0
0,98.0,-MM-,V_V,EU POR,a,m,1.5,3.0,0.0
0,98.0,-MM-,V_V,GAL,a,m,1.5,3.0,0.0
0,98.0,-MM-,V_V,GAS OCC,a,m,1.5,3.0,0.0
0,98.0,-MM-,V_V,OCC,a,m,1.5,3.0,0.0
0,98.0,-MM-,V_V,ITA,a,mm,1.875,3.0,0.0
0,98.0,-MM-,V_V,LAT,a,mm,1.875,3.0,0.0
0,98.0,-MM-,V_V,AMR ESP,a,m,1.5,3.0,0.0
0,98.0,-MM-,V_V,BAL,a,m,1.5,3.0,0.0
0,98.0,-MM-,V_V,BR POR,a,m,1.5,3.0,0.0
0,98.0,-MM-,V_V,ASL,a,m,1.5,3.0,0.0
0,98.0,-MM-,V_V,CAS ESP,a,m,1.5,3.0,0.0
0,98.0,-MM-,V_V,QBC FRA,a,m,1.5,3.0,0.0
0,98.0,-MM-,V_V,VAL,a,m,1.5,3.0,0.0
0,98.0,-MM-,V_V,ROM,a,m,1.5,3.0,0.0
0,98.0,-MM-,V_V,CAT,a,m,1.5,3.0,0.0
0,99.0,-NN-,V_V,OCC,a,n,1.5,0.75,0.0
0,99.0,-NN-,V_V,LAT,a,nn,1.875,0.75,0.0
0,99.0,-NN-,V_V,SCN,a,nn,1.875,0.75,0.0
0,99.0,-NN-,V_V,CAT,a,ȵ~ɲ,1.5,-1.0,0.0
0,99.0,-NN-,V_V,EU FRA,a,n,1.5,0.75,0.0
0,99.0,-NN-,V_V,GAL,a,n,1.5,0.75,0.0
0,99.0,-NN-,V_V,GAS OCC,a,n,1.5,0.75,0.0
0,99.0,-NN-,V_V,QBC FRA,a,n,1.5,0.75,0.0
0,99.0,-NN-,V_V,AND ESP,a,n̪ʲ~ȵ,1.5,0.75,0.0
0,99.0,-NN-,V_V,ARO,a,n,1.5,0.75,0.0
0,99.0,-NN-,V_V,ARG,a,n̪ʲ~ȵ,1.5,0.75,0.0
0,99.0,-NN-,V_V,ITA,a,nn,1.875,0.75,0.0
0,99.0,-NN-,V_V,ROM,a,n,1.5,0.75,0.0
0,99.0,-NN-,V_V,VAL,a,ȵ~ɲ,1.5,-1.0,0.0
0,99.0,-NN-,V_V,AMR ESP,a,n̪ʲ~ȵ,1.5,0.75,0.0
0,99.0,-NN-,V_V,EU POR,a,n,1.5,0.75,0.0
0,99.0,-NN-,V_V,BR POR,a,n,1.5,0.75,0.0
0,99.0,-NN-,V_V,CAM,a,nn,1.875,0.75,0.0
0,99.0,-NN-,V_V,CAS ESP,a,n̪ʲ~ȵ,1.5,0.75,0.0
0,99.0,-NN-,V_V,ASL,a,n̪ʲ~ȵ,1.5,0.75,0.0
0,99.0,-NN-,V_V,BAL,a,ȵ~ɲ,1.5,-1.0,0.0
0,100.0,-FF-,V_V,BR POR,a,f,2.0,2.5,255.0
0,100.0,-FF-,V_V,AND ESP,a,f,2.0,2.5,255.0
0,100.0,-FF-,V_V,CAM,a,ff,2.5,2.5,255.0
0,100.0,-FF-,V_V,BAL,a,f,2.0,2.5,255.0
0,100.0,-FF-,V_V,ARG,a,f,2.0,2.5,255.0
0,100.0,-FF-,V_V,AMR ESP,a,f,2.0,2.5,255.0
0,100.0,-FF-,V_V,ASL,a,f,2.0,2.5,255.0
0,100.0,-FF-,V_V,CAT,a,f,2.0,2.5,255.0
0,100.0,-FF-,V_V,GAL,a,f,2.0,2.5,255.0
0,100.0,-FF-,V_V,CAS ESP,a,f,2.0,2.5,255.0
0,100.0,-FF-,V_V,PGL,a,ff,2.5,2.5,255.0
0,100.0,-FF-,V_V,LAT,a,ff,2.5,2.5,255.0
0,100.0,-FF-,V_V,ITA,a,ff,2.5,2.5,255.0
0,100.0,-FF-,V_V,ABR,a,ff,2.5,2.5,255.0
0,100.0,-FF-,V_V,SCN,a,ff,2.5,2.5,255.0
0,100.0,-FF-,V_V,VAL,a,f,2.0,2.5,255.0
0,100.0,-FF-,V_V,ROM,a,f,2.0,2.5,255.0
0,100.0,-FF-,V_V,EU POR,a,f,2.0,2.5,255.0
0,100.0,-FF-,V_V,EU FRA,a,f,2.0,2.5,255.0
0,101.0,-SS-,V_E,AND ESP,b,h,2.0,-6.0,0.0
0,101.0,-SS-,V_E,ARG,a,s̠,2.0,0.5,255.0
0,101.0,-SS-,V_E,AMR ESP,b,s,2.0,1.0,255.0
0,101.0,-SS-,V_E,ARG,b,ʃ,2.0,-0.5,255.0
0,101.0,-SS-,V_E,BAL,a,ɕ~ʃ,2.0,-0.25,255.0
0,101.0,-SS-,V_E,AND ESP,a,s̟,2.0,1.666666667,255.0
0,101.0,-SS-,V_E,AMR ESP,a,h,2.0,-6.0,0.0
0,101.0,-SS-,V_E,ARO,b,ʃ~s̪,2.0,0.416666667,255.0
0,101.0,-SS-,V_E,ARO,a,ʃ,2.0,-0.5,255.0
0,101.0,-SS-,V_E,ASL,a,s̠,2.0,0.5,255.0
0,101.0,-SS-,V_E,ITA,a,ʃʃ,2.5,-0.5,255.0
0,101.0,-SS-,V_E,LAT,a,s̠s̠,2.5,0.5,255.0
0,101.0,-SS-,V_E,OCC,a,s̠,2.0,0.5,255.0
0,101.0,-SS-,V_E,CAT,a,ɕ~ʃ,2.0,-0.25,255.0
0,101.0,-SS-,V_E,VAL,b,s̠,2.0,0.5,255.0
0,101.0,-SS-,V_E,GAL,a,s̠(s),2.0,0.625,255.0
0,101.0,-SS-,V_E,EU POR,b,s(s̠),2.0,0.875,255.0
0,101.0,-SS-,V_E,VAL,a,ɕ~ʃ,2.0,-0.25,255.0
0,101.0,-SS-,V_E,ROM,b,ʃ~s̪,2.0,0.416666667,255.0
0,101.0,-SS-,V_E,ROM,a,ʃ,2.0,-0.5,255.0
0,101.0,-SS-,V_E,QBC FRA,b,s̪,2.0,1.333333333,255.0
0,101.0,-SS-,V_E,BR POR,a,ʃ,2.0,-0.5,255.0
0,101.0,-SS-,V_E,BAL,b,s̠,2.0,0.5,255.0
0,101.0,-SS-,V_E,ASL,b,ʃ,2.0,-0.5,255.0
0,101.0,-SS-,V_E,GAL,b,ʃ,2.0,-0.5,255.0
0,101.0,-SS-,V_E,GAS OCC,b,s̠,2.0,0.5,255.0
0,101.0,-SS-,V_E,CAS ESP,b,x,2.0,-3.0,255.0
0,101.0,-SS-,V_E,EU FRA,a,s̪,2.0,1.333333333,255.0
0,101.0,-SS-,V_E,CAT,b,s̠,2.0,0.5,255.0
0,101.0,-SS-,V_E,ITA,b,ss,2.5,1.0,255.0
0,101.0,-SS-,V_E,BR POR,b,s,2.0,1.0,255.0
0,101.0,-SS-,V_E,CAS ESP,a,s̠,2.0,0.5,255.0
0,101.0,-SS-,V_E,EU FRA,b,s̪,2.0,1.333333333,255.0
0,101.0,-SS-,V_E,EU POR,a,ʃ,2.0,-0.5,255.0
0,102.0,-SS-,"V_{a,O}",VAL,a,s̠,2.0,0.5,255.0
0,102.0,-SS-,"V_{a,O}",BR POR,a,s,2.0,1.0,255.0
0,102.0,-SS-,"V_{a,O}",CAS ESP,a,s̠,2.0,0.5,255.0
0,102.0,-SS-,"V_{a,O}",EU FRA,a,s̪,2.0,1.333333333,255.0
0,102.0,-SS-,"V_{a,O}",ARG,a,s̠,2.0,0.5,255.0
0,102.0,-SS-,"V_{a,O}",LAT,a,s̠s̠,2.5,0.5,255.0
0,102.0,-SS-,"V_{a,O}",EU POR,a,s(s̠),2.0,0.875,255.0
0,102.0,-SS-,"V_{a,O}",OCC,a,s̠,2.0,0.5,255.0
0,102.0,-SS-,"V_{a,O}",QBC FRA,a,s̪,2.0,1.333333333,255.0
0,102.0,-SS-,"V_{a,O}",CAT,a,s̠,2.0,0.5,255.0
0,102.0,-SS-,"V_{a,O}",GAL,a,s̠,2.0,0.5,255.0
0,102.0,-SS-,"V_{a,O}",AND ESP,a,s̟,2.0,1.666666667,255.0
0,102.0,-SS-,"V_{a,O}",AMR ESP,a,s,2.0,1.0,255.0
0,102.0,-SS-,"V_{a,O}",BAL,a,s̠,2.0,0.5,255.0
0,102.0,-SS-,"V_{a,O}",ROM,a,s̪,2.0,1.333333333,255.0
0,102.0,-SS-,"V_{a,O}",ARO,a,s̪,2.0,1.333333333,255.0
0,102.0,-SS-,"V_{a,O}",ASL,a,s̠,2.0,0.5,255.0
0,102.0,-SS-,"V_{a,O}",GAS OCC,a,s̠,2.0,0.5,255.0
0,102.0,-SS-,"V_{a,O}",ITA,a,ss,2.5,1.0,255.0
0,103.0,-RR-,V_V,AND ESP,a,rː,1.5625,0.75,0.0
0,103.0,-RR-,V_V,SCN,a,ʐː~rː,2.03125,-0.25,0.0
0,103.0,-RR-,V_V,ROM,a,ɾ̪,1.0,1.666666667,0.0
0,103.0,-RR-,V_V,QBC FRA,a,ʁ(ʀ),1.75,-4.0,0.0
0,103.0,-RR-,V_V,EU POR,a,ʁ(r),1.75,2.416666667,0.0
0,103.0,-RR-,V_V,LOG SRD,a,rː,1.5625,0.75,0.0
0,103.0,-RR-,V_V,ASL,a,rː,1.5625,0.75,0.0
0,103.0,-RR-,V_V,BAL,a,r̠ː,1.5625,-0.5,0.0
0,103.0,-RR-,V_V,BR POR,a,x~h,2.0,-4.5,0.0
0,103.0,-RR-,V_V,ARO,a,ɾ̪,1.0,1.666666667,0.0
0,103.0,-RR-,V_V,AMR ESP,a,rː,1.5625,0.75,0.0
0,103.0,-RR-,V_V,LAT,a,rː,1.5625,0.75,0.0
0,103.0,-RR-,V_V,CPN SRD,a,rː,1.5625,0.75,0.0
0,103.0,-RR-,V_V,EU FRA,a,ʁ(ʀ),1.75,-4.0,0.0
0,103.0,-RR-,V_V,GAS OCC,a,rː,1.5625,0.75,0.0
0,103.0,-RR-,V_V,GAL,a,rː,1.5625,0.75,0.0
0,103.0,-RR-,V_V,ARG,a,rː,1.5625,0.75,0.0
0,103.0,-RR-,V_V,CAT,a,r̠ː,1.5625,-0.5,0.0
0,103.0,-RR-,V_V,CAS ESP,a,rː,1.5625,0.75,0.0
0,103.0,-RR-,V_V,WAL,a,ʀ,1.25,-4.0,0.0
0,103.0,-RR-,V_V,VAL,a,r̠ː,1.5625,-0.5,0.0
0,103.0,-RR-,V_V,CAM,a,rː,1.5625,0.75,0.0
0,103.0,-RR-,V_V,ITA,a,rː,1.5625,0.75,0.0
0,104.0,-LL-,V_V,AMR ESP,a,ʝ,2.0,-2.0,0.0
0,104.0,-LL-,V_V,QBC FRA,a,l,0.75,0.75,0.0
0,104.0,-LL-,V_V,AND ESP,a,ʝ,2.0,-2.0,0.0
0,104.0,-LL-,V_V,ITA,a,ll,0.9375,0.75,0.0
0,104.0,-LL-,V_V,PGL,a,ɖɖ,5.0,-1.25,0.0
0,104.0,-LL-,V_V,LOG SRD,a,ɖɖ,5.0,-1.25,0.0
0,104.0,-LL-,V_V,EU POR,a,ɫ̪,0.75,-1.166666667,0.0
0,104.0,-LL-,V_V,SCN,a,ɖɖ,5.0,-1.25,0.0
0,104.0,-LL-,V_V,LAT,a,ll~ɭɭ,0.9375,-0.25,0.0
0,104.0,-LL-,V_V,ROM,b,j,0.333333333,-2.0,0.0
0,104.0,-LL-,V_V,ROM,a,l,0.75,0.75,0.0
0,104.0,-LL-,V_V,ABR,a,ll(ȴȴ),0.9375,0.5,0.0
0,104.0,-LL-,V_V,VAL,a,ȴ[ʎ̟],0.75,0.0,0.0
0,104.0,-LL-,V_V,WAL,a,l,0.75,0.75,0.0
0,104.0,-LL-,V_V,BAL,a,ȴ[ʎ̟],0.75,0.0,0.0
0,104.0,-LL-,V_V,CAS ESP,a,ʎ~ʝ,1.375,-2.0,0.0
0,104.0,-LL-,V_V,CAT,a,ȴ[ʎ̟],0.75,0.0,0.0
0,104.0,-LL-,V_V,CPN SRD,a,ɖɖ,5.0,-1.25,0.0
0,104.0,-LL-,V_V,EU FRA,a,l,0.75,0.75,0.0
0,104.0,-LL-,V_V,BR POR,a,l,0.75,0.75,0.0
